group,seed,outcome,minutes,firstMillionMinutes,finalPhaseMinutes,firstCasinoPurchaseMinutes,longestInternalGapMinutes,finalNoPurchaseMinutes,work,workMinutes,idleMinutes,drops,casinoPurchases,finalStakeLevel,finalCash,stakeUnlockMinutes,nearZeroCashRecoveries
holdout/control/cheapest-fast,441555945,VICTORY,10.324444444444445,6.820555555555557,3.5038888888888886,0.2125,0.8963888888888888,0.7783333333333341,11,1.15,0.0,230,35,6,12944711,"{""1"":0.2125,""2"":1.2944444444444443,""3"":2.733888888888889,""4"":5.986111111111112,""5"":8.057222222222224,""6"":8.74888888888889}",1
holdout/control/cheapest-fast,464748169,VICTORY,10.468611111111109,6.515000000000001,3.9536111111111083,0.31666666666666665,1.0916666666666666,1.0127777777777776,9,0.9333333333333333,0.0,253,35,6,3181486,"{""1"":0.31666666666666665,""2"":0.8847222222222222,""3"":2.6925000000000003,""4"":6.515000000000001,""5"":8.024444444444445,""6"":8.611944444444445}",1
holdout/control/cheapest-fast,3848369056,VICTORY,9.569722222222222,6.72861111111111,2.841111111111111,0.31666666666666665,1.3797222222222225,0.8869444444444431,14,1.4333333333333333,0.0,218,35,6,19297452,"{""1"":0.31666666666666665,""2"":2.204444444444445,""3"":4.12,""4"":6.72861111111111,""5"":7.431666666666667,""6"":7.942222222222222}",1
holdout/control/cheapest-fast,4212180545,VICTORY,12.45888888888889,7.796388888888888,4.662500000000001,0.2125,2.2502777777777774,1.160277777777778,11,1.1833333333333333,0.0,293,35,6,9510012,"{""1"":0.2125,""2"":2.773333333333333,""3"":4.798611111111112,""4"":7.796388888888888,""5"":9.738333333333333,""6"":10.300833333333333}",1
holdout/control/cheapest-fast,3857301336,VICTORY,13.138055555555555,10.028611111111111,3.109444444444444,0.2125,2.1258333333333335,0.9752777777777776,12,1.25,0.0,263,35,6,2043263,"{""1"":0.2125,""2"":0.8699999999999999,""3"":2.762222222222222,""4"":9.5375,""5"":10.995277777777778,""6"":11.603611111111112}",1
holdout/control/cheapest-fast,1683199454,VICTORY,9.945277777777777,6.833611111111111,3.1116666666666664,0.2125,1.2405555555555565,1.0694444444444438,10,1.0,0.0,246,35,6,6933599,"{""1"":0.2125,""2"":1.3552777777777778,""3"":3.0136111111111115,""4"":6.333055555555556,""5"":7.58861111111111,""6"":7.861944444444443}",1
holdout/control/cheapest-fast,493978338,VICTORY,9.784444444444443,6.650277777777776,3.1341666666666663,0.2125,1.8425000000000002,1.1644444444444426,9,0.9333333333333333,0.0,258,35,6,3245488,"{""1"":0.2125,""2"":0.9155555555555555,""3"":1.498888888888889,""4"":6.650277777777776,""5"":7.2605555555555545,""6"":7.902777777777777}",1
holdout/control/cheapest-fast,1198863191,VICTORY,12.620555555555558,8.412777777777778,4.20777777777778,0.31666666666666665,1.2152777777777777,1.203333333333334,11,1.0666666666666667,0.0,314,35,6,3341108,"{""1"":0.31666666666666665,""2"":1.360277777777778,""3"":2.472777777777778,""4"":8.02361111111111,""5"":9.54722222222222,""6"":10.540833333333333}",1
holdout/control/cheapest-fast,1777738494,VICTORY,12.824166666666665,9.120000000000001,3.704166666666664,0.2125,1.7930555555555554,1.2447222222222214,14,1.4666666666666666,0.0,266,35,6,8281197,"{""1"":0.2125,""2"":2.013888888888889,""3"":3.5727777777777776,""4"":8.333333333333334,""5"":9.831111111111111,""6"":11.005833333333333}",1
holdout/control/cheapest-fast,1586363365,VICTORY,9.599166666666667,6.555833333333334,3.043333333333333,0.2125,1.7966666666666664,1.2344444444444453,11,1.1166666666666667,0.0,235,35,6,4449607,"{""1"":0.2125,""2"":0.7483333333333333,""3"":1.9997222222222222,""4"":6.133333333333334,""5"":6.987777777777778,""6"":7.5858333333333325}",1
holdout/control/cheapest-fast,2713578375,VICTORY,9.00861111111111,5.8583333333333325,3.1502777777777773,0.2125,1.9827777777777778,0.9547222222222217,9,0.9,0.0,206,35,6,12932142,"{""1"":0.2125,""2"":2.3019444444444446,""3"":3.2913888888888887,""4"":5.862499999999999,""5"":7.118055555555555,""6"":7.328611111111111}",1
holdout/control/cheapest-fast,2585798195,VICTORY,10.293055555555556,7.284444444444445,3.0086111111111107,0.2125,1.540833333333334,1.1872222222222224,10,1.05,0.0,238,35,6,6752194,"{""1"":0.2125,""2"":0.8972222222222221,""3"":3.2833333333333337,""4"":6.718888888888889,""5"":7.745277777777779,""6"":8.38888888888889}",2
holdout/control/cheapest-fast,1857291730,VICTORY,12.605277777777777,9.120000000000001,3.4852777777777764,0.2125,1.9838888888888893,1.2627777777777776,12,1.2833333333333334,0.0,282,35,6,12153397,"{""1"":0.2125,""2"":2.496944444444445,""3"":3.664444444444445,""4"":8.490277777777779,""5"":9.816666666666666,""6"":10.663055555555557}",1
holdout/control/cheapest-fast,2732361777,VICTORY,7.695555555555555,3.913055555555555,3.7825,0.2125,1.0486111111111114,1.2925000000000002,5,0.48333333333333334,0.0,220,35,6,2696395,"{""1"":0.2125,""2"":0.2961111111111111,""3"":1.2305555555555556,""4"":3.913055555555555,""5"":5.176944444444444,""6"":5.665277777777777}",1
holdout/control/cheapest-fast,622120981,VICTORY,11.501944444444442,8.603055555555553,2.898888888888889,0.31666666666666665,3.113055555555555,1.4697222222222213,9,0.8833333333333333,0.0,273,35,6,5854048,"{""1"":0.31666666666666665,""2"":2.5741666666666663,""3"":3.326666666666666,""4"":7.83222222222222,""5"":9.05111111111111,""6"":9.350833333333332}",1
holdout/control/cheapest-fast,512103616,VICTORY,16.067222222222227,12.471111111111117,3.59611111111111,0.2125,2.850555555555556,1.3327777777777783,13,1.3166666666666667,0.0,312,35,6,5133028,"{""1"":0.2125,""2"":2.3347222222222217,""3"":5.802222222222222,""4"":12.25694444444445,""5"":13.51055555555556,""6"":14.174722222222227}",1
holdout/control/cheapest-fast,239778549,VICTORY,6.855833333333332,3.6527777777777777,3.2030555555555544,0.2125,0.6438888888888887,1.3705555555555549,7,0.7166666666666667,0.0,198,35,6,6697978,"{""1"":0.2125,""2"":0.49444444444444446,""3"":1.6644444444444444,""4"":3.269722222222222,""5"":4.475555555555555,""6"":4.79111111111111}",1
holdout/control/cheapest-fast,2837050496,VICTORY,9.009722222222223,5.508888888888889,3.5008333333333335,0.2125,0.938333333333334,0.861944444444444,10,1.0166666666666666,0.0,232,35,6,4570694,"{""1"":0.2125,""2"":0.5872222222222222,""3"":1.9880555555555555,""4"":4.5216666666666665,""5"":6.728333333333335,""6"":7.510833333333335}",1
holdout/control/cheapest-fast,3415720938,VICTORY,9.445277777777779,6.224722222222224,3.2205555555555554,0.2125,1.311388888888889,0.8858333333333329,7,0.75,0.0,257,35,6,9731029,"{""1"":0.2125,""2"":0.7213888888888889,""3"":2.0183333333333335,""4"":6.22888888888889,""5"":7.0902777777777795,""6"":7.496666666666668}",1
holdout/control/cheapest-fast,550806973,VICTORY,11.578888888888887,7.550277777777778,4.028611111111109,0.2125,1.5172222222222218,1.5486111111111105,11,1.1166666666666667,0.0,302,35,6,6096861,"{""1"":0.2125,""2"":0.84,""3"":1.598611111111111,""4"":7.416944444444444,""5"":9.016111111111112,""6"":9.625277777777777}",1
holdout/control/cheapest-fast,994059765,VICTORY,14.624444444444444,11.068611111111109,3.555833333333336,0.2125,1.6208333333333333,1.0036111111111117,12,1.1166666666666667,0.0,360,35,6,9481357,"{""1"":0.2125,""2"":1.7577777777777779,""3"":3.131944444444444,""4"":9.993055555555554,""5"":11.526944444444442,""6"":12.8775}",1
holdout/control/cheapest-fast,1061776146,VICTORY,10.910555555555556,6.055000000000001,4.855555555555555,0.2125,1.6266666666666667,0.8911111111111116,8,0.8666666666666667,0.0,269,35,6,6505307,"{""1"":0.2125,""2"":1.8475000000000001,""3"":3.0622222222222226,""4"":6.059166666666667,""5"":8.433055555555555,""6"":8.858055555555556}",1
holdout/control/cheapest-fast,1595467482,VICTORY,11.068055555555558,7.7633333333333345,3.3047222222222237,0.55,1.4525000000000006,1.1838888888888883,9,0.9166666666666666,0.0,277,35,6,7312392,"{""1"":0.55,""2"":0.7355555555555555,""3"":2.1483333333333334,""4"":7.271944444444445,""5"":8.517777777777779,""6"":9.190277777777778}",1
holdout/control/cheapest-fast,585511098,VICTORY,8.683888888888893,4.999722222222222,3.6841666666666706,0.31666666666666665,0.9163888888888887,1.0413888888888891,8,0.7833333333333333,0.0,263,35,6,5621123,"{""1"":0.31666666666666665,""2"":1.5599999999999998,""3"":1.6466666666666667,""4"":3.9944444444444454,""5"":5.8852777777777785,""6"":6.513611111111113}",1
holdout/control/income-path-fast,441555945,VICTORY,14.700833333333337,12.034166666666671,2.666666666666666,0.2125,3.567500000000001,1.6183333333333318,10,1.0,0.0,305,30,6,1613552,"{""1"":4.467777777777779,""2"":4.471944444444445,""3"":5.302777777777778,""4"":11.591388888888893,""5"":12.522500000000004,""6"":13.082500000000005}",1
holdout/control/income-path-fast,464748169,VICTORY,11.212499999999999,8.111666666666665,3.100833333333334,0.31666666666666665,2.2877777777777757,1.5047222222222236,8,0.7833333333333333,0.0,241,30,6,3226874,"{""1"":1.793888888888889,""2"":1.7980555555555557,""3"":2.832777777777778,""4"":7.565277777777776,""5"":9.18694444444444,""6"":9.707777777777775}",1
holdout/control/income-path-fast,3848369056,VICTORY,8.114722222222222,6.012499999999999,2.102222222222222,0.31666666666666665,1.3950000000000002,1.2038888888888881,9,0.9,0.0,200,30,6,10828817,"{""1"":2.001388888888889,""2"":2.8983333333333334,""3"":4.141388888888888,""4"":5.889444444444444,""5"":6.253055555555554,""6"":6.692499999999999}",1
holdout/control/income-path-fast,4212180545,VICTORY,14.381944444444445,11.440833333333334,2.941111111111111,0.2125,3.2475000000000005,1.636388888888888,14,1.3666666666666667,0.0,305,30,6,1843869,"{""1"":4.3372222222222225,""2"":4.341388888888889,""3"":4.937777777777778,""4"":11.440833333333334,""5"":11.853611111111112,""6"":12.745555555555557}",1
holdout/control/income-path-fast,3857301336,VICTORY,16.163611111111106,13.094722222222218,3.0688888888888872,0.2125,3.3311111111111114,1.5591666666666677,11,1.1166666666666667,0.0,371,30,6,1714415,"{""1"":8.986111111111112,""2"":9.089166666666669,""3"":9.891388888888889,""4"":12.398611111111109,""5"":13.938611111111106,""6"":14.604444444444438}",1
holdout/control/income-path-fast,1683199454,VICTORY,11.64722222222222,9.594722222222224,2.0524999999999967,0.2125,2.1144444444444446,1.0677777777777768,8,0.8,0.0,266,31,6,6000721,"{""1"":5.770555555555556,""2"":7.822222222222223,""3"":8.015,""4"":9.14777777777778,""5"":10.255833333333333,""6"":10.469722222222222}",1
holdout/control/income-path-fast,493978338,VICTORY,11.330833333333336,9.248888888888892,2.081944444444444,0.2125,2.4361111111111113,1.1625,11,1.15,0.0,222,31,6,971583,"{""1"":0.8019444444444445,""2"":1.5391666666666666,""3"":2.3047222222222223,""4"":8.920000000000003,""5"":9.57055555555556,""6"":10.168333333333335}",1
holdout/control/income-path-fast,1198863191,VICTORY,17.846111111111107,15.565555555555553,2.2805555555555532,0.31666666666666665,4.431944444444444,1.5255555555555531,19,1.8666666666666667,0.0,357,30,6,6078112,"{""1"":7.929999999999999,""2"":8.107499999999998,""3"":8.641388888888887,""4"":15.13833333333333,""5"":15.762777777777776,""6"":16.320555555555554}",2
holdout/control/income-path-fast,1777738494,VICTORY,17.172222222222217,13.95083333333333,3.221388888888887,0.2125,3.004444444444445,1.5019444444444408,15,1.5,0.0,341,31,6,2842841,"{""1"":7.595555555555557,""2"":7.852500000000001,""3"":8.576944444444447,""4"":13.678888888888887,""5"":14.998055555555554,""6"":15.670277777777777}",1
holdout/control/income-path-fast,1586363365,VICTORY,18.92972222222222,15.799722222222222,3.129999999999999,0.2125,4.698055555555555,1.6588888888888884,12,1.2,0.0,401,30,6,6237404,"{""1"":7.735277777777777,""2"":8.284166666666666,""3"":8.934166666666666,""4"":15.337777777777777,""5"":15.930833333333334,""6"":17.270833333333332}",1
holdout/control/income-path-fast,2713578375,VICTORY,20.344999999999995,17.38305555555555,2.9619444444444447,0.2125,5.975555555555556,2.194999999999997,10,1.0,0.0,474,31,6,13251412,"{""1"":11.883888888888889,""2"":12.429999999999998,""3"":13.722499999999997,""4"":16.328055555555554,""5"":17.503055555555555,""6"":18.15}",1
holdout/control/income-path-fast,2585798195,VICTORY,11.60416666666667,8.555833333333336,3.048333333333334,0.2125,1.723888888888889,1.6263888888888913,10,1.0666666666666667,0.0,282,31,6,5247874,"{""1"":3.7880555555555557,""2"":4.1097222222222225,""3"":4.668888888888889,""4"":7.541666666666669,""5"":8.910833333333334,""6"":9.97777777777778}",1
holdout/control/income-path-fast,1857291730,VICTORY,18.468611111111112,15.302500000000002,3.1661111111111104,0.2125,3.6772222222222206,1.3366666666666636,11,1.05,0.0,420,31,6,4971655,"{""1"":6.198055555555554,""2"":6.750277777777776,""3"":7.363333333333331,""4"":13.53972222222222,""5"":16.157222222222224,""6"":17.13194444444445}",1
holdout/control/income-path-fast,2732361777,VICTORY,8.172777777777778,5.870277777777777,2.302500000000001,0.2125,0.9286111111111112,1.2905555555555566,5,0.48333333333333334,0.0,200,31,6,4351574,"{""1"":1.1780555555555554,""2"":1.6144444444444441,""3"":2.726944444444444,""4"":5.874444444444444,""5"":6.142222222222221,""6"":6.772777777777778}",1
holdout/control/income-path-fast,622120981,VICTORY,16.824444444444442,13.574722222222215,3.2497222222222266,0.31666666666666665,2.947222222222222,1.8933333333333355,13,1.25,0.0,370,30,6,9596885,"{""1"":7.484166666666665,""2"":7.570277777777776,""3"":8.409999999999998,""4"":12.728333333333326,""5"":13.703611111111105,""6"":14.931111111111106}",1
holdout/control/income-path-fast,512103616,VICTORY,16.695000000000004,13.714444444444444,2.9805555555555596,0.2125,6.569722222222221,1.2286111111111098,11,1.0833333333333333,0.0,368,31,6,620548,"{""1"":10.36472222222222,""2"":10.558333333333332,""3"":10.79361111111111,""4"":13.470833333333333,""5"":14.27138888888889,""6"":15.466388888888893}",1
holdout/control/income-path-fast,239778549,VICTORY,15.813611111111106,12.831666666666662,2.9819444444444443,0.2125,2.3105555555555553,1.581666666666668,11,1.1333333333333333,0.0,326,30,6,2236883,"{""1"":7.078611111111112,""2"":7.73,""3"":7.945555555555556,""4"":12.660555555555552,""5"":13.52333333333333,""6"":14.231944444444439}",1
holdout/control/income-path-fast,2837050496,VICTORY,14.493888888888888,11.483611111111111,3.0102777777777767,0.2125,3.6450000000000005,1.9566666666666663,11,1.0333333333333334,0.0,305,29,6,3973964,"{""1"":4.237222222222223,""2"":4.673611111111111,""3"":5.7780555555555555,""4"":11.28138888888889,""5"":12.097222222222223,""6"":12.537222222222223}",1
holdout/control/income-path-fast,3415720938,VICTORY,12.878333333333334,10.879722222222224,1.99861111111111,0.2125,1.4811111111111104,1.1936111111111112,7,0.7,0.0,287,31,6,1720467,"{""1"":1.3686111111111112,""2"":1.6775000000000004,""3"":3.0236111111111112,""4"":9.002222222222224,""5"":11.264166666666666,""6"":11.684722222222224}",1
holdout/control/income-path-fast,550806973,VICTORY,16.348888888888887,13.686111111111108,2.6627777777777784,0.2125,5.438888888888888,1.1622222222222225,11,1.0166666666666666,0.0,335,32,6,9476474,"{""1"":9.031388888888888,""2"":9.300833333333333,""3"":10.12638888888889,""4"":13.596666666666664,""5"":13.885277777777777,""6"":15.013055555555553}",1
holdout/control/income-path-fast,994059765,VICTORY,13.329722222222218,9.922499999999998,3.40722222222222,0.2125,1.4177777777777778,1.2888888888888876,9,0.9833333333333333,0.0,334,31,6,5030846,"{""1"":1.3291666666666666,""2"":1.4116666666666666,""3"":2.9302777777777775,""4"":9.143333333333333,""5"":10.468888888888888,""6"":12.04083333333333}",1
holdout/control/income-path-fast,1061776146,VICTORY,14.8975,11.234444444444446,3.6630555555555553,0.2125,2.457222222222222,1.6736111111111123,10,0.95,0.0,319,31,6,1663053,"{""1"":3.164166666666667,""2"":3.7041666666666666,""3"":4.079722222222222,""4"":11.238611111111112,""5"":12.929722222222221,""6"":13.223888888888888}",1
holdout/control/income-path-fast,1595467482,VICTORY,13.735555555555559,11.454722222222225,2.2808333333333337,0.55,2.151666666666667,1.2127777777777775,11,1.1,0.0,282,30,6,1732634,"{""1"":1.6361111111111108,""2"":2.6069444444444447,""3"":3.8486111111111114,""4"":11.301944444444448,""5"":11.591944444444447,""6"":12.14666666666667}",1
holdout/control/income-path-fast,585511098,VICTORY,15.335277777777778,12.997499999999999,2.337777777777779,0.31666666666666665,2.2633333333333328,1.528888888888891,15,1.45,0.0,335,31,6,5279127,"{""1"":5.631388888888888,""2"":6.795277777777778,""3"":7.195555555555555,""4"":12.188055555555554,""5"":13.312777777777775,""6"":13.806388888888886}",1
holdout/control/income-path-insurance-fast,441555945,VICTORY,15.005833333333337,12.383333333333336,2.6225000000000005,0.2125,3.7891666666666666,1.5997222222222243,12,1.1333333333333333,0.0,287,34,6,3088443,"{""1"":4.739999999999999,""2"":4.9880555555555555,""3"":5.463055555555555,""4"":12.383333333333336,""5"":12.752500000000003,""6"":13.22277777777778}",1
holdout/control/income-path-insurance-fast,464748169,VICTORY,16.474166666666665,12.19722222222222,4.276944444444446,0.31666666666666665,2.3741666666666665,2.4955555555555575,14,1.3333333333333333,0.0,414,33,6,1707080,"{""1"":4.260277777777778,""2"":4.961111111111111,""3"":7.062777777777778,""4"":9.597499999999997,""5"":12.711666666666664,""6"":13.978611111111109}",1
holdout/control/income-path-insurance-fast,3848369056,VICTORY,8.357777777777777,5.905833333333333,2.451944444444444,0.31666666666666665,1.1069444444444445,1.096666666666667,9,0.9333333333333333,0.0,201,35,6,5412669,"{""1"":2.811388888888889,""2"":3.0744444444444445,""3"":3.885833333333333,""4"":5.254444444444444,""5"":6.398333333333332,""6"":6.969999999999999}",1
holdout/control/income-path-insurance-fast,4212180545,VICTORY,18.881944444444436,15.61444444444444,3.2674999999999965,0.2125,4.231944444444443,1.6213888888888845,19,1.9333333333333333,0.0,379,33,6,1521013,"{""1"":10.005833333333332,""2"":10.56333333333333,""3"":12.161111111111108,""4"":15.618611111111106,""5"":16.828055555555547,""6"":17.26055555555555}",1
holdout/control/income-path-insurance-fast,3857301336,VICTORY,21.716388888888886,17.167222222222218,4.549166666666668,0.2125,6.971388888888888,2.011944444444445,10,0.9333333333333333,0.0,484,34,6,3627070,"{""1"":11.695555555555554,""2"":11.886944444444444,""3"":12.612777777777776,""4"":16.434722222222216,""5"":18.812222222222218,""6"":19.592499999999994}",1
holdout/control/income-path-insurance-fast,1683199454,VICTORY,14.357500000000009,12.220000000000006,2.137500000000003,0.2125,2.89,1.1702777777777802,9,0.8333333333333334,0.0,287,34,6,5665155,"{""1"":7.918333333333334,""2"":8.018055555555556,""3"":8.783333333333333,""4"":11.892777777777784,""5"":12.338611111111117,""6"":13.082777777777784}",1
holdout/control/income-path-insurance-fast,493978338,VICTORY,17.30805555555556,15.038888888888893,2.269166666666665,0.2125,4.468888888888892,1.0399999999999996,14,1.3666666666666667,0.0,381,34,6,9563444,"{""1"":10.160555555555558,""2"":10.881111111111112,""3"":12.058888888888891,""4"":14.826111111111116,""5"":15.369722222222228,""6"":16.162222222222226}",1
holdout/control/income-path-insurance-fast,1198863191,VICTORY,11.633333333333333,8.081666666666669,3.551666666666664,0.31666666666666665,1.753333333333334,1.7044444444444442,10,0.9833333333333333,0.0,300,34,6,2849009,"{""1"":2.8958333333333335,""2"":3.3444444444444446,""3"":4.339166666666667,""4"":6.816944444444446,""5"":8.877222222222224,""6"":9.928888888888888}",1
holdout/control/income-path-insurance-fast,1777738494,VICTORY,16.483888888888895,14.2825,2.2013888888888946,0.2125,4.9775,0.9383333333333345,14,1.3833333333333333,0.0,304,35,6,9478339,"{""1"":8.535555555555556,""2"":8.749722222222223,""3"":9.203333333333335,""4"":13.518055555555556,""5"":14.712777777777779,""6"":15.348611111111115}",1
holdout/control/income-path-insurance-fast,1586363365,VICTORY,18.654722222222226,15.389999999999997,3.264722222222229,0.2125,3.2377777777777776,1.7802777777777805,16,1.65,0.0,378,34,6,1099276,"{""1"":6.82388888888889,""2"":8.11027777777778,""3"":8.476944444444447,""4"":14.29333333333333,""5"":15.996111111111109,""6"":16.874444444444446}",1
holdout/control/income-path-insurance-fast,2713578375,VICTORY,20.366111111111106,17.282222222222224,3.0838888888888825,0.2125,4.1197222222222205,1.835833333333331,8,0.7833333333333333,0.0,435,34,6,3715502,"{""1"":7.056944444444443,""2"":7.929722222222221,""3"":9.906666666666668,""4"":16.68138888888889,""5"":17.428055555555556,""6"":18.530277777777776}",1
holdout/control/income-path-insurance-fast,2585798195,VICTORY,20.456944444444446,17.788055555555555,2.6688888888888904,0.2125,5.0441666666666665,1.6469444444444472,13,1.3166666666666667,0.0,423,33,6,5240740,"{""1"":11.64833333333333,""2"":11.943888888888885,""3"":13.501388888888886,""4"":16.446666666666665,""5"":18.003611111111113,""6"":18.81}",1
holdout/control/income-path-insurance-fast,1857291730,VICTORY,13.90333333333333,11.35277777777778,2.550555555555551,0.2125,2.0708333333333333,1.7938888888888869,11,1.1,0.0,283,33,6,3423444,"{""1"":2.5008333333333335,""2"":3.4008333333333334,""3"":3.9050000000000002,""4"":10.353055555555557,""5"":11.56,""6"":12.109444444444444}",1
holdout/control/income-path-insurance-fast,2732361777,VICTORY,8.866388888888888,6.272499999999999,2.5938888888888894,0.2125,1.1086111111111119,1.4036111111111116,9,0.8666666666666667,0.0,209,34,6,808168,"{""1"":1.508888888888889,""2"":1.5130555555555556,""3"":3.4188888888888886,""4"":5.961944444444444,""5"":6.817222222222222,""6"":7.462777777777777}",1
holdout/control/income-path-insurance-fast,622120981,VICTORY,11.820277777777774,9.203055555555554,2.6172222222222192,0.31666666666666665,2.594444444444444,1.2677777777777768,13,1.35,0.0,270,35,6,13874183,"{""1"":2.3088888888888883,""2"":2.415833333333333,""3"":3.3355555555555556,""4"":9.211388888888887,""5"":9.879722222222222,""6"":10.406111111111109}",1
holdout/control/income-path-insurance-fast,512103616,VICTORY,20.12083333333333,16.57972222222222,3.5411111111111104,0.2125,4.968055555555555,1.4691666666666643,14,1.3833333333333333,0.0,390,33,6,3007365,"{""1"":11.886111111111108,""2"":12.06222222222222,""3"":12.718611111111109,""4"":16.57972222222222,""5"":17.653611111111108,""6"":18.552499999999995}",1
holdout/control/income-path-insurance-fast,239778549,VICTORY,18.423611111111118,15.985555555555557,2.438055555555561,0.2125,7.733333333333332,0.9847222222222247,12,1.2,0.0,386,34,6,2093278,"{""1"":8.69972222222222,""2"":8.973055555555554,""3"":10.008888888888887,""4"":15.66777777777778,""5"":15.989722222222223,""6"":17.332500000000003}",1
holdout/control/income-path-insurance-fast,2837050496,VICTORY,14.849166666666674,11.707222222222226,3.141944444444448,0.2125,1.852777777777778,1.4552777777777806,9,0.9,0.0,302,34,6,2008067,"{""1"":3.700277777777778,""2"":4.525277777777778,""3"":4.975833333333335,""4"":11.707222222222226,""5"":12.201666666666672,""6"":13.154444444444449}",1
holdout/control/income-path-insurance-fast,3415720938,VICTORY,14.029166666666667,11.852222222222222,2.1769444444444446,0.2125,1.6891666666666671,1.496111111111111,11,1.1,0.0,293,33,6,4787289,"{""1"":2.904166666666667,""2"":4.593333333333334,""3"":5.415277777777777,""4"":10.66138888888889,""5"":12.28888888888889,""6"":12.52888888888889}",1
holdout/control/income-path-insurance-fast,550806973,VICTORY,11.501388888888895,9.75055555555556,1.7508333333333361,0.2125,1.8191666666666668,0.5955555555555558,10,1.0333333333333334,0.0,234,34,6,6001741,"{""1"":6.099722222222224,""2"":6.369166666666668,""3"":6.653611111111113,""4"":9.299722222222226,""5"":10.415277777777783,""6"":10.737777777777783}",1
holdout/control/income-path-insurance-fast,994059765,VICTORY,22.48777777777777,20.501111111111108,1.986666666666661,0.2125,6.526666666666663,1.3436111111111093,12,1.1666666666666667,0.0,436,34,6,2164519,"{""1"":11.236666666666663,""2"":11.334166666666665,""3"":14.92333333333333,""4"":19.83833333333333,""5"":20.81916666666666,""6"":21.14416666666666}",1
holdout/control/income-path-insurance-fast,1061776146,VICTORY,12.61361111111111,10.356666666666666,2.2569444444444446,0.2125,1.7269444444444446,1.6166666666666667,9,0.9,0.0,291,33,6,987695,"{""1"":3.348888888888889,""2"":3.898888888888889,""3"":4.883333333333334,""4"":7.789166666666664,""5"":10.475833333333332,""6"":10.996944444444443}",1
holdout/control/income-path-insurance-fast,1595467482,VICTORY,13.092222222222224,10.487500000000002,2.6047222222222217,0.55,1.9444444444444449,1.4161111111111098,17,1.7,0.0,266,33,6,1245321,"{""1"":3.4122222222222223,""2"":4.067777777777779,""3"":4.269166666666667,""4"":9.986944444444447,""5"":11.20777777777778,""6"":11.43555555555556}",1
holdout/control/income-path-insurance-fast,585511098,VICTORY,9.688611111111111,5.2202777777777785,4.468333333333333,0.31666666666666665,1.1522222222222223,1.2113888888888888,12,1.2166666666666666,0.0,246,34,6,6885879,"{""1"":2.6008333333333336,""2"":2.605,""3"":3.148611111111111,""4"":5.2202777777777785,""5"":7.024166666666667,""6"":8.477222222222222}",1
holdout/control/insurance-first-fast,441555945,VICTORY,11.22138888888889,8.31777777777778,2.903611111111111,0.2125,1.6847222222222216,0.8588888888888884,10,1.0166666666666666,0.0,256,38,6,3469801,"{""1"":0.22083333333333333,""2"":0.8508333333333333,""3"":4.275277777777777,""4"":7.214722222222225,""5"":9.197500000000002,""6"":9.798055555555557}",1
holdout/control/insurance-first-fast,464748169,VICTORY,10.168055555555556,6.3208333333333355,3.8472222222222205,0.31666666666666665,2.282777777777778,1.2205555555555558,14,1.35,0.0,254,38,6,4560865,"{""1"":0.325,""2"":0.9383333333333332,""3"":1.4194444444444443,""4"":6.329166666666668,""5"":7.5741666666666685,""6"":8.03277777777778}",1
holdout/control/insurance-first-fast,3848369056,VICTORY,9.6375,6.5975,3.039999999999999,0.31666666666666665,1.5286111111111111,1.1169444444444443,10,1.0166666666666666,0.0,214,38,6,5985087,"{""1"":0.325,""2"":2.2916666666666665,""3"":4.068888888888889,""4"":5.9927777777777775,""5"":7.389166666666667,""6"":7.816111111111112}",1
holdout/control/insurance-first-fast,4212180545,VICTORY,13.36222222222222,9.706944444444446,3.6552777777777745,0.2125,1.8091666666666673,1.2274999999999996,12,1.2833333333333334,0.0,297,38,6,9505736,"{""1"":0.22083333333333333,""2"":2.8502777777777775,""3"":5.374722222222222,""4"":9.505555555555556,""5"":10.801944444444446,""6"":11.509166666666665}",1
holdout/control/insurance-first-fast,3857301336,VICTORY,14.07055555555555,10.801944444444443,3.268611111111108,0.2125,1.9049999999999991,0.946111111111109,10,1.0333333333333334,0.0,261,38,6,3699242,"{""1"":0.22083333333333333,""2"":1.085277777777778,""3"":4.340555555555556,""4"":9.866944444444444,""5"":11.988333333333332,""6"":12.595277777777774}",1
holdout/control/insurance-first-fast,1683199454,VICTORY,11.185833333333333,7.892777777777778,3.293055555555555,0.2125,1.811388888888889,0.7791666666666667,10,1.0166666666666666,0.0,275,38,6,2030661,"{""1"":0.22083333333333333,""2"":0.5144444444444445,""3"":3.7822222222222224,""4"":7.437222222222222,""5"":8.305833333333334,""6"":9.261111111111113}",1
holdout/control/insurance-first-fast,493978338,VICTORY,8.390277777777778,5.578333333333333,2.8119444444444444,0.2125,0.8330555555555558,1.1166666666666676,8,0.8166666666666667,0.0,232,38,6,2865929,"{""1"":0.22083333333333333,""2"":0.5077777777777778,""3"":1.8869444444444445,""4"":5.016388888888889,""5"":6.2124999999999995,""6"":6.824999999999999}",1
holdout/control/insurance-first-fast,1198863191,VICTORY,12.74638888888889,8.37722222222222,4.369166666666668,0.31666666666666665,1.6038888888888891,1.2616666666666674,10,1.0,0.0,317,38,6,1115234,"{""1"":0.325,""2"":2.184166666666667,""3"":4.395833333333333,""4"":8.37722222222222,""5"":9.549999999999999,""6"":10.454999999999997}",1
holdout/control/insurance-first-fast,1777738494,VICTORY,11.938611111111111,8.39861111111111,3.540000000000001,0.2125,1.5783333333333331,1.2708333333333353,15,1.5333333333333334,0.0,263,38,6,15676816,"{""1"":0.22083333333333333,""2"":0.42916666666666664,""3"":1.6552777777777776,""4"":8.39861111111111,""5"":9.03611111111111,""6"":10.012777777777778}",1
holdout/control/insurance-first-fast,1586363365,VICTORY,7.251944444444444,4.1002777777777775,3.1516666666666664,0.2125,2.06,0.9802777777777777,9,0.9166666666666666,0.0,187,38,6,791527,"{""1"":0.22083333333333333,""2"":0.5127777777777778,""3"":1.321388888888889,""4"":3.7880555555555557,""5"":4.622222222222222,""6"":5.305833333333333}",1
holdout/control/insurance-first-fast,2713578375,VICTORY,11.421666666666663,9.197777777777777,2.2238888888888866,0.2125,2.1533333333333333,0.9716666666666659,9,0.9666666666666667,0.0,229,38,6,6247155,"{""1"":0.22083333333333333,""2"":3.136388888888889,""3"":3.8669444444444445,""4"":8.72111111111111,""5"":9.436944444444444,""6"":9.931666666666665}",1
holdout/control/insurance-first-fast,2585798195,VICTORY,9.966666666666667,7.133611111111112,2.833055555555555,0.2125,1.2811111111111113,1.143888888888887,10,1.0333333333333334,0.0,232,38,6,6168878,"{""1"":0.22083333333333333,""2"":1.0688888888888888,""3"":4.374166666666667,""4"":6.993055555555556,""5"":7.709444444444445,""6"":8.212222222222223}",1
holdout/control/insurance-first-fast,1857291730,VICTORY,9.8375,6.484166666666667,3.3533333333333335,0.2125,1.0327777777777774,0.9463888888888884,9,0.9166666666666666,0.0,241,38,6,3948628,"{""1"":0.22083333333333333,""2"":0.5125,""3"":2.1322222222222225,""4"":6.256944444444445,""5"":7.164444444444444,""6"":7.927499999999999}",1
holdout/control/insurance-first-fast,2732361777,VICTORY,7.922222222222221,4.6516666666666655,3.270555555555555,0.2125,1.010833333333333,1.4361111111111113,7,0.7333333333333333,0.0,223,38,6,13833885,"{""1"":0.22083333333333333,""2"":0.8125,""3"":1.476388888888889,""4"":3.9055555555555546,""5"":5.045555555555554,""6"":5.71611111111111}",1
holdout/control/insurance-first-fast,622120981,VICTORY,10.71611111111111,7.6708333333333325,3.045277777777777,0.31666666666666665,1.6444444444444437,1.370555555555554,11,1.1333333333333333,0.0,255,38,6,38183,"{""1"":1.5438888888888889,""2"":2.3997222222222225,""3"":2.828611111111111,""4"":7.025,""5"":8.060555555555554,""6"":8.534999999999998}",1
holdout/control/insurance-first-fast,512103616,VICTORY,12.135277777777777,8.460833333333332,3.674444444444445,0.2125,2.1966666666666645,1.171666666666666,8,0.8,0.0,267,38,6,447541,"{""1"":0.22083333333333333,""2"":0.5130555555555555,""3"":3.006111111111111,""4"":7.770833333333333,""5"":9.51083333333333,""6"":10.421388888888886}",1
holdout/control/insurance-first-fast,239778549,VICTORY,7.985555555555556,3.901944444444445,4.083611111111111,0.2125,1.0916666666666666,1.4094444444444443,8,0.7833333333333333,0.0,245,38,6,5871299,"{""1"":0.22083333333333333,""2"":1.4819444444444445,""3"":2.475555555555556,""4"":3.6561111111111115,""5"":4.993055555555556,""6"":5.772777777777779}",1
holdout/control/insurance-first-fast,2837050496,VICTORY,11.700833333333332,8.025555555555554,3.6752777777777776,0.2125,1.4291666666666658,0.8441666666666663,7,0.7666666666666667,0.0,269,38,6,6390560,"{""1"":0.22083333333333333,""2"":2.4661111111111107,""3"":4.428333333333333,""4"":7.804166666666665,""5"":9.57611111111111,""6"":10.031944444444443}",1
holdout/control/insurance-first-fast,3415720938,VICTORY,7.4944444444444445,3.375277777777778,4.119166666666667,0.2125,0.7786111111111111,0.8819444444444448,8,0.7833333333333333,0.0,242,38,6,6801565,"{""1"":0.22083333333333333,""2"":0.5175,""3"":1.5669444444444445,""4"":3.263888888888889,""5"":4.446388888888889,""6"":5.55}",1
holdout/control/insurance-first-fast,550806973,VICTORY,14.565000000000005,10.542222222222223,4.022777777777781,0.2125,2.0950000000000006,1.4747222222222225,11,1.1333333333333333,0.0,298,38,6,5665720,"{""1"":0.22083333333333333,""2"":1.8119444444444446,""3"":3.738611111111111,""4"":10.404722222222224,""5"":11.97194444444445,""6"":12.556666666666672}",1
holdout/control/insurance-first-fast,994059765,VICTORY,14.801388888888887,9.79361111111111,5.007777777777777,0.2125,1.589166666666667,1.1644444444444446,9,0.9333333333333333,0.0,360,38,6,15295713,"{""1"":0.22083333333333333,""2"":1.2494444444444446,""3"":2.7355555555555555,""4"":9.79361111111111,""5"":11.139444444444441,""6"":12.859999999999998}",1
holdout/control/insurance-first-fast,1061776146,VICTORY,10.438611111111111,8.07,2.368611111111111,0.2125,1.2372222222222224,0.9966666666666678,10,1.0333333333333334,0.0,272,38,6,7173671,"{""1"":0.22083333333333333,""2"":1.5802777777777777,""3"":3.548333333333334,""4"":6.068888888888889,""5"":8.178611111111111,""6"":8.84138888888889}",1
holdout/control/insurance-first-fast,1595467482,VICTORY,11.030277777777778,7.415277777777779,3.6149999999999993,0.55,1.2311111111111113,1.170555555555554,10,0.9833333333333333,0.0,276,38,6,5922727,"{""1"":0.5583333333333333,""2"":2.0011111111111113,""3"":4.230555555555555,""4"":7.419444444444446,""5"":8.723055555555558,""6"":9.072500000000002}",1
holdout/control/insurance-first-fast,585511098,VICTORY,9.084722222222222,5.074166666666668,4.0105555555555545,0.31666666666666665,0.8963888888888889,1.3227777777777778,8,0.8166666666666667,0.0,252,38,6,10695971,"{""1"":1.0716666666666665,""2"":1.7786111111111111,""3"":3.2016666666666667,""4"":4.2330555555555565,""5"":5.975555555555556,""6"":6.891388888888889}",1
holdout/control/skip-late-stakes-fast,441555945,VICTORY,13.495,6.2683333333333335,7.226666666666666,0.2125,0.8963888888888888,3.4497222222222246,11,1.15,0.0,430,32,3,1926360,"{""1"":0.2125,""2"":1.2944444444444443,""3"":2.733888888888889}",1
holdout/control/skip-late-stakes-fast,464748169,VICTORY,13.800277777777776,6.515000000000001,7.285277777777775,0.31666666666666665,1.0916666666666666,3.5199999999999987,9,0.9333333333333333,0.0,459,32,3,1800325,"{""1"":0.31666666666666665,""2"":0.8847222222222222,""3"":2.6925000000000003}",1
holdout/control/skip-late-stakes-fast,3848369056,VICTORY,14.053055555555556,6.72861111111111,7.324444444444445,0.31666666666666665,1.3797222222222225,4.0277777777777795,14,1.4333333333333333,0.0,480,32,3,487535,"{""1"":0.31666666666666665,""2"":2.204444444444445,""3"":4.12}",1
holdout/control/skip-late-stakes-fast,4212180545,VICTORY,16.516666666666666,7.796388888888888,8.720277777777778,0.2125,2.2502777777777774,3.6649999999999996,11,1.1833333333333333,0.0,516,32,3,449571,"{""1"":0.2125,""2"":2.773333333333333,""3"":4.798611111111112}",1
holdout/control/skip-late-stakes-fast,3857301336,VICTORY,18.836944444444445,10.024444444444445,8.8125,0.2125,2.1258333333333335,4.03277777777778,12,1.25,0.0,580,32,3,3010225,"{""1"":0.2125,""2"":0.8699999999999999,""3"":2.762222222222222}",1
holdout/control/skip-late-stakes-fast,1683199454,VICTORY,13.776666666666669,7.4430555555555555,6.3336111111111135,0.2125,1.2405555555555565,3.119722222222223,10,1.0,0.0,440,32,3,2957820,"{""1"":0.2125,""2"":1.3552777777777778,""3"":3.0136111111111115}",1
holdout/control/skip-late-stakes-fast,493978338,VICTORY,14.081944444444444,6.650277777777776,7.4316666666666675,0.2125,1.8425000000000002,3.853055555555555,9,0.9333333333333333,0.0,483,32,3,757846,"{""1"":0.2125,""2"":0.9155555555555555,""3"":1.498888888888889}",1
holdout/control/skip-late-stakes-fast,1198863191,VICTORY,17.043055555555558,8.22861111111111,8.814444444444447,0.31666666666666665,1.2152777777777777,3.345555555555556,11,1.0666666666666667,0.0,542,32,3,2761275,"{""1"":0.31666666666666665,""2"":1.360277777777778,""3"":2.472777777777778}",1
holdout/control/skip-late-stakes-fast,1777738494,VICTORY,16.272777777777776,8.68888888888889,7.583888888888886,0.2125,1.7930555555555554,4.0702777777777746,14,1.4666666666666666,0.0,492,32,3,5320459,"{""1"":0.2125,""2"":2.013888888888889,""3"":3.5727777777777776}",1
holdout/control/skip-late-stakes-fast,1586363365,VICTORY,13.04277777777778,6.410833333333333,6.631944444444446,0.2125,1.7966666666666664,3.124166666666669,11,1.1166666666666667,0.0,434,32,3,1598761,"{""1"":0.2125,""2"":0.7483333333333333,""3"":1.9997222222222222}",1
holdout/control/skip-late-stakes-fast,2713578375,VICTORY,12.046666666666669,5.8583333333333325,6.188333333333336,0.2125,1.9827777777777778,3.0080555555555577,9,0.9,0.0,393,32,3,1581958,"{""1"":0.2125,""2"":2.3019444444444446,""3"":3.2913888888888887}",1
holdout/control/skip-late-stakes-fast,2585798195,VICTORY,15.050277777777783,6.911666666666667,8.138611111111116,0.2125,1.540833333333334,4.781666666666672,10,1.05,0.0,504,32,3,939892,"{""1"":0.2125,""2"":0.8972222222222221,""3"":3.2833333333333337}",2
holdout/control/skip-late-stakes-fast,1857291730,VICTORY,17.11777777777778,8.778055555555557,8.339722222222221,0.2125,1.9838888888888893,4.205555555555554,12,1.2833333333333334,0.0,533,32,3,2497862,"{""1"":0.2125,""2"":2.496944444444445,""3"":3.664444444444445}",1
holdout/control/skip-late-stakes-fast,2732361777,VICTORY,10.298333333333336,3.913055555555555,6.38527777777778,0.2125,1.0991666666666675,2.9388888888888904,5,0.48333333333333334,0.0,396,32,3,801955,"{""1"":0.2125,""2"":0.2961111111111111,""3"":1.2305555555555556}",1
holdout/control/skip-late-stakes-fast,622120981,VICTORY,15.496666666666664,8.555277777777775,6.9413888888888895,0.31666666666666665,3.113055555555555,3.6580555555555576,9,0.8833333333333333,0.0,499,32,3,2299922,"{""1"":0.31666666666666665,""2"":2.5741666666666663,""3"":3.326666666666666}",1
holdout/control/skip-late-stakes-fast,512103616,VICTORY,20.23777777777779,12.471111111111117,7.766666666666673,0.2125,2.850555555555556,3.6230555555555592,13,1.3166666666666667,0.0,542,32,3,1401636,"{""1"":0.2125,""2"":2.3347222222222217,""3"":5.802222222222222}",1
holdout/control/skip-late-stakes-fast,239778549,VICTORY,11.533333333333331,3.8658333333333332,7.667499999999999,0.2125,1.1297222222222216,3.616666666666666,7,0.7166666666666667,0.0,466,32,3,2777863,"{""1"":0.2125,""2"":0.49444444444444446,""3"":1.6644444444444444}",1
holdout/control/skip-late-stakes-fast,2837050496,VICTORY,11.774444444444443,5.434722222222222,6.339722222222221,0.2125,1.002777777777779,2.9463888888888863,10,1.0166666666666666,0.0,415,32,3,2685891,"{""1"":0.2125,""2"":0.5872222222222222,""3"":1.9880555555555555}",1
holdout/control/skip-late-stakes-fast,3415720938,VICTORY,13.673055555555555,6.224722222222224,7.4483333333333315,0.2125,1.311388888888889,4.17861111111111,7,0.75,0.0,492,32,3,804393,"{""1"":0.2125,""2"":0.7213888888888889,""3"":2.0183333333333335}",1
holdout/control/skip-late-stakes-fast,550806973,VICTORY,14.903333333333334,8.01138888888889,6.891944444444444,0.2125,1.5172222222222218,3.5813888888888905,11,1.1166666666666667,0.0,489,32,3,2656992,"{""1"":0.2125,""2"":0.84,""3"":1.598611111111111}",1
holdout/control/skip-late-stakes-fast,994059765,VICTORY,18.267222222222223,10.761666666666667,7.505555555555556,0.2125,1.6208333333333333,3.567777777777777,12,1.1166666666666667,0.0,559,32,3,1737919,"{""1"":0.2125,""2"":1.7577777777777779,""3"":3.131944444444444}",1
holdout/control/skip-late-stakes-fast,1061776146,VICTORY,13.956388888888888,6.055000000000001,7.901388888888888,0.2125,1.6266666666666667,3.086944444444445,8,0.8666666666666667,0.0,477,32,3,3656713,"{""1"":0.2125,""2"":1.8475000000000001,""3"":3.0622222222222226}",1
holdout/control/skip-late-stakes-fast,1595467482,VICTORY,15.534722222222225,7.726666666666668,7.808055555555557,0.55,1.4525000000000006,3.859166666666666,9,0.9166666666666666,0.0,515,32,3,5958728,"{""1"":0.55,""2"":0.7355555555555555,""3"":2.1483333333333334}",1
holdout/control/skip-late-stakes-fast,585511098,VICTORY,12.579722222222223,4.995555555555556,7.584166666666667,0.31666666666666665,0.999444444444444,3.67388888888889,8,0.7833333333333333,0.0,488,32,3,780238,"{""1"":0.31666666666666665,""2"":1.5599999999999998,""3"":1.6466666666666667}",1
holdout/control/stake-first-fast,441555945,VICTORY,12.032777777777774,8.734166666666665,3.298611111111109,0.2125,0.9386111111111111,0.9544444444444442,12,1.2666666666666666,0.0,255,35,6,5128537,"{""1"":0.2125,""2"":1.2944444444444443,""3"":2.2688888888888887,""4"":6.457222222222223,""5"":8.734166666666665,""6"":10.04472222222222}",1
holdout/control/stake-first-fast,464748169,VICTORY,10.601666666666665,6.493333333333334,4.108333333333331,0.31666666666666665,1.0916666666666666,0.9777777777777772,9,0.9333333333333333,0.0,248,35,6,2676900,"{""1"":0.31666666666666665,""2"":0.8847222222222222,""3"":2.6925000000000003,""4"":6.386111111111111,""5"":6.977777777777778,""6"":8.183055555555555}",1
holdout/control/stake-first-fast,3848369056,VICTORY,9.623611111111112,6.757499999999999,2.8661111111111124,0.31666666666666665,1.3797222222222225,0.8350000000000023,16,1.5833333333333333,0.0,203,35,6,2509137,"{""1"":0.31666666666666665,""2"":2.204444444444445,""3"":2.919166666666667,""4"":5.950277777777777,""5"":6.757499999999999,""6"":7.787222222222223}",1
holdout/control/stake-first-fast,4212180545,VICTORY,13.163333333333334,9.400833333333336,3.7624999999999975,0.2125,2.2502777777777774,0.8825000000000007,12,1.2833333333333334,0.0,304,35,6,237316,"{""1"":0.2125,""2"":2.773333333333333,""3"":4.798611111111112,""4"":7.198611111111111,""5"":10.64166666666667,""6"":11.08361111111111}",1
holdout/control/stake-first-fast,3857301336,VICTORY,13.442222222222222,9.768333333333333,3.6738888888888894,0.2125,2.4388888888888878,1.3502777777777795,13,1.3666666666666667,0.0,292,35,6,10048701,"{""1"":0.2125,""2"":0.8699999999999999,""3"":1.651111111111111,""4"":9.27888888888889,""5"":10.475277777777778,""6"":11.066388888888888}",1
holdout/control/stake-first-fast,1683199454,VICTORY,10.54388888888889,7.103333333333334,3.440555555555556,0.2125,1.4325000000000008,1.0300000000000011,10,1.0166666666666666,0.0,246,35,6,7302889,"{""1"":0.2125,""2"":1.3552777777777778,""3"":1.8675,""4"":5.97388888888889,""5"":7.763055555555556,""6"":8.485555555555557}",1
holdout/control/stake-first-fast,493978338,VICTORY,13.411111111111108,10.284166666666666,3.126944444444442,0.2125,2.0175,1.2583333333333333,15,1.5,0.0,266,35,6,4328781,"{""1"":0.2125,""2"":0.9155555555555555,""3"":1.2947222222222223,""4"":10.288333333333332,""5"":10.526944444444444,""6"":11.363611111111112}",1
holdout/control/stake-first-fast,1198863191,VICTORY,12.653055555555557,8.415833333333332,4.2372222222222256,0.31666666666666665,1.2152777777777777,1.235277777777778,11,1.0666666666666667,0.0,306,35,6,696008,"{""1"":0.31666666666666665,""2"":1.360277777777778,""3"":2.472777777777778,""4"":7.518055555555555,""5"":9.253888888888888,""6"":9.919166666666664}",1
holdout/control/stake-first-fast,1777738494,VICTORY,13.46861111111111,9.120000000000001,4.34861111111111,0.2125,1.7930555555555554,1.1908333333333323,14,1.4666666666666666,0.0,263,35,6,9673061,"{""1"":0.2125,""2"":2.013888888888889,""3"":3.5727777777777776,""4"":8.316666666666666,""5"":9.697777777777778,""6"":9.826944444444445}",1
holdout/control/stake-first-fast,1586363365,VICTORY,9.971666666666666,6.405555555555556,3.56611111111111,0.2125,1.7966666666666664,1.1197222222222232,12,1.2166666666666666,0.0,230,35,6,9032308,"{""1"":0.2125,""2"":0.7483333333333333,""3"":1.9997222222222222,""4"":5.921666666666667,""5"":6.69388888888889,""6"":7.714166666666666}",1
holdout/control/stake-first-fast,2713578375,VICTORY,7.775277777777778,5.123888888888889,2.6513888888888895,0.2125,1.9827777777777778,1.1708333333333334,8,0.8,0.0,189,35,6,20351854,"{""1"":0.2125,""2"":2.3019444444444446,""3"":3.1938888888888886,""4"":4.424722222222223,""5"":5.339166666666667,""6"":5.874444444444445}",1
holdout/control/stake-first-fast,2585798195,VICTORY,10.890000000000002,7.626666666666667,3.2633333333333354,0.2125,1.510833333333334,1.1,9,0.95,0.0,237,35,6,6624589,"{""1"":0.2125,""2"":0.8972222222222221,""3"":0.9897222222222222,""4"":7.390277777777778,""5"":7.626666666666667,""6"":8.999166666666667}",1
holdout/control/stake-first-fast,1857291730,VICTORY,12.583055555555552,9.453333333333331,3.1297222222222203,0.2125,1.9838888888888893,1.223888888888888,12,1.2833333333333334,0.0,275,35,6,110513,"{""1"":0.2125,""2"":2.496944444444445,""3"":3.6602777777777784,""4"":8.222777777777777,""5"":10.042499999999999,""6"":10.469722222222222}",1
holdout/control/stake-first-fast,2732361777,VICTORY,8.39972222222222,5.112222222222221,3.2874999999999988,0.2125,1.0641666666666665,1.561388888888889,7,0.7166666666666667,0.0,214,35,6,14635901,"{""1"":0.2125,""2"":0.2961111111111111,""3"":0.55,""4"":4.248888888888889,""5"":5.112222222222221,""6"":5.669444444444443}",1
holdout/control/stake-first-fast,622120981,VICTORY,11.535555555555552,8.603055555555553,2.932499999999999,0.31666666666666665,3.113055555555555,1.3447222222222213,9,0.8833333333333333,0.0,273,35,6,4721335,"{""1"":0.31666666666666665,""2"":2.5741666666666663,""3"":3.326666666666666,""4"":7.83222222222222,""5"":8.928055555555552,""6"":9.258888888888887}",1
holdout/control/stake-first-fast,512103616,VICTORY,15.050555555555555,11.696944444444444,3.3536111111111104,0.2125,2.1138888888888885,1.234166666666666,13,1.3666666666666667,0.0,293,35,6,4410381,"{""1"":0.2125,""2"":2.3347222222222217,""3"":3.4788888888888887,""4"":11.461666666666666,""5"":12.63861111111111,""6"":13.023888888888889}",1
holdout/control/stake-first-fast,239778549,VICTORY,7.979166666666666,3.6527777777777777,4.326388888888888,0.2125,0.6438888888888887,1.2372222222222224,7,0.7166666666666667,0.0,239,35,6,7249924,"{""1"":0.2125,""2"":0.49444444444444446,""3"":1.6644444444444444,""4"":3.261388888888889,""5"":3.6527777777777777,""6"":5.777499999999999}",1
holdout/control/stake-first-fast,2837050496,VICTORY,8.826666666666666,5.508888888888889,3.317777777777777,0.2125,0.938333333333334,1.0383333333333327,10,1.0166666666666666,0.0,225,35,6,4319011,"{""1"":0.2125,""2"":0.5872222222222222,""3"":1.9880555555555555,""4"":4.513333333333334,""5"":5.508888888888889,""6"":7.287222222222224}",1
holdout/control/stake-first-fast,3415720938,VICTORY,10.170833333333336,6.913055555555557,3.257777777777779,0.2125,1.311388888888889,0.8422222222222218,7,0.75,0.0,264,35,6,5854747,"{""1"":0.2125,""2"":0.7213888888888889,""3"":2.014166666666667,""4"":5.7730555555555565,""5"":7.367777777777779,""6"":8.576388888888891}",1
holdout/control/stake-first-fast,550806973,VICTORY,12.07138888888889,7.41361111111111,4.65777777777778,0.2125,1.6208333333333331,1.5061111111111132,11,1.1166666666666667,0.0,298,35,6,9974555,"{""1"":0.2125,""2"":0.84,""3"":1.1297222222222223,""4"":7.41361111111111,""5"":7.95361111111111,""6"":9.601944444444444}",1
holdout/control/stake-first-fast,994059765,VICTORY,15.010000000000002,11.366388888888887,3.643611111111115,0.2125,1.6208333333333333,1.0036111111111117,12,1.1166666666666667,0.0,360,35,6,6910283,"{""1"":0.2125,""2"":1.7577777777777779,""3"":3.131944444444444,""4"":9.728611111111112,""5"":11.597222222222221,""6"":12.82527777777778}",1
holdout/control/stake-first-fast,1061776146,VICTORY,10.910555555555556,6.055000000000001,4.855555555555555,0.2125,1.6266666666666667,0.8911111111111116,8,0.8666666666666667,0.0,269,35,6,6505307,"{""1"":0.2125,""2"":1.8475000000000001,""3"":3.0622222222222226,""4"":6.055000000000001,""5"":8.433055555555555,""6"":8.85388888888889}",1
holdout/control/stake-first-fast,1595467482,VICTORY,11.129444444444447,7.7633333333333345,3.3661111111111124,0.55,1.4525000000000006,1.1497222222222205,9,0.9166666666666666,0.0,271,35,6,881198,"{""1"":0.55,""2"":0.7355555555555555,""3"":2.1483333333333334,""4"":7.271944444444445,""5"":8.079444444444446,""6"":9.137500000000001}",1
holdout/control/stake-first-fast,585511098,VICTORY,8.077222222222224,3.835833333333334,4.24138888888889,0.31666666666666665,0.9163888888888887,1.1383333333333334,8,0.7833333333333333,0.0,222,35,6,6081441,"{""1"":0.31666666666666665,""2"":1.5599999999999998,""3"":1.63,""4"":3.743611111111112,""5"":4.488333333333333,""6"":5.652500000000001}",1
holdout/priced-middle/cheapest-fast,441555945,VICTORY,11.031388888888888,7.103055555555555,3.928333333333333,0.2125,1.352222222222222,0.9033333333333341,7,0.75,0.0,282,35,6,11256967,"{""1"":0.2125,""2"":3.4541666666666666,""3"":5.158333333333333,""4"":6.518888888888889,""5"":8.64361111111111,""6"":9.339444444444442}",1
holdout/priced-middle/cheapest-fast,464748169,VICTORY,13.655,10.655277777777776,2.999722222222223,0.31666666666666665,2.0305555555555554,0.8052777777777786,7,0.7166666666666667,0.0,358,35,6,3560724,"{""1"":0.31666666666666665,""2"":4.638333333333334,""3"":8.36861111111111,""4"":8.476388888888886,""5"":11.178055555555552,""6"":12.304999999999998}",1
holdout/priced-middle/cheapest-fast,3848369056,VICTORY,11.814722222222223,8.687499999999998,3.1272222222222243,0.31666666666666665,1.7422222222222221,1.231111111111113,10,1.0166666666666666,0.0,278,35,6,8229808,"{""1"":0.31666666666666665,""2"":5.775277777777777,""3"":7.569722222222221,""4"":8.024999999999999,""5"":9.489444444444443,""6"":10.146666666666665}",1
holdout/priced-middle/cheapest-fast,4212180545,VICTORY,14.630277777777772,11.315833333333332,3.3144444444444403,0.2125,2.2502777777777774,0.9213888888888884,11,1.2166666666666666,0.0,339,35,6,5314073,"{""1"":0.2125,""2"":5.046944444444445,""3"":10.840555555555556,""4"":11.211388888888887,""5"":12.101666666666665,""6"":13.033611111111108}",1
holdout/priced-middle/cheapest-fast,3857301336,VICTORY,15.51388888888889,10.884166666666667,4.629722222222222,0.2125,2.270000000000001,1.6586111111111108,6,0.6666666666666666,0.0,396,35,6,7922161,"{""1"":0.2125,""2"":6.1466666666666665,""3"":10.43638888888889,""4"":10.44888888888889,""5"":11.558333333333334,""6"":12.773055555555556}",1
holdout/priced-middle/cheapest-fast,1683199454,VICTORY,12.961666666666664,10.262500000000001,2.699166666666663,0.2125,3.127777777777778,0.8986111111111105,7,0.7666666666666667,0.0,287,35,6,16668548,"{""1"":0.2125,""2"":4.419444444444445,""3"":9.412222222222223,""4"":9.531111111111112,""5"":10.760555555555557,""6"":11.404722222222222}",1
holdout/priced-middle/cheapest-fast,493978338,VICTORY,14.017499999999997,10.400277777777777,3.6172222222222192,0.2125,4.003333333333333,1.4166666666666667,5,0.5666666666666667,0.0,329,35,6,1733902,"{""1"":0.2125,""2"":3.027777777777778,""3"":9.05,""4"":10.294999999999998,""5"":11.123888888888887,""6"":11.656388888888886}",1
holdout/priced-middle/cheapest-fast,1198863191,VICTORY,14.225833333333334,10.435,3.7908333333333335,0.31666666666666665,1.8769444444444416,1.0941666666666663,10,1.0,0.0,363,35,6,9498848,"{""1"":0.31666666666666665,""2"":5.277222222222224,""3"":8.630277777777776,""4"":9.505555555555555,""5"":11.419722222222223,""6"":12.22}",1
holdout/priced-middle/cheapest-fast,1777738494,VICTORY,12.669722222222223,9.719166666666666,2.9505555555555567,0.2125,1.8583333333333323,0.9952777777777783,9,0.9666666666666667,0.0,320,35,6,9733077,"{""1"":0.2125,""2"":3.6952777777777777,""3"":8.110277777777776,""4"":9.719166666666666,""5"":10.2875,""6"":10.87361111111111}",1
holdout/priced-middle/cheapest-fast,1586363365,VICTORY,12.738611111111114,9.20138888888889,3.5372222222222245,0.2125,1.8333333333333333,1.076666666666667,7,0.7,0.0,326,35,6,2054773,"{""1"":0.2125,""2"":4.065555555555556,""3"":7.3775,""4"":8.805555555555555,""5"":9.636944444444445,""6"":10.964166666666667}",1
holdout/priced-middle/cheapest-fast,2713578375,VICTORY,12.189166666666665,9.587777777777776,2.6013888888888896,0.2125,1.9827777777777778,0.7766666666666671,7,0.75,0.0,280,35,6,5072458,"{""1"":0.2125,""2"":7.694166666666664,""3"":8.701388888888888,""4"":8.92222222222222,""5"":9.968611111111109,""6"":10.406666666666665}",1
holdout/priced-middle/cheapest-fast,2585798195,VICTORY,12.801944444444443,9.8675,2.934444444444443,0.2125,1.4794444444444441,1.4802777777777767,7,0.75,0.0,343,35,6,1151391,"{""1"":0.2125,""2"":3.610833333333334,""3"":8.193333333333335,""4"":8.407222222222224,""5"":10.239722222222222,""6"":10.665833333333332}",1
holdout/priced-middle/cheapest-fast,1857291730,VICTORY,19.265277777777776,14.41722222222222,4.848055555555556,0.2125,4.744999999999999,1.5777777777777753,12,1.2833333333333334,0.0,436,35,6,5260053,"{""1"":0.2125,""2"":8.75722222222222,""3"":13.544999999999996,""4"":14.303333333333331,""5"":16.024999999999995,""6"":16.761666666666663}",1
holdout/priced-middle/cheapest-fast,2732361777,VICTORY,9.917499999999999,6.362222222222221,3.5552777777777775,0.2125,1.7788888888888883,0.7727777777777779,6,0.6,0.0,270,35,6,1518602,"{""1"":0.2125,""2"":1.0430555555555556,""3"":4.702222222222221,""4"":5.966666666666666,""5"":7.557499999999999,""6"":8.321388888888887}",1
holdout/priced-middle/cheapest-fast,622120981,VICTORY,15.049444444444442,12.493611111111107,2.555833333333334,0.31666666666666665,4.262499999999999,1.0263888888888895,9,0.8833333333333333,0.0,352,35,6,8123992,"{""1"":0.31666666666666665,""2"":4.3525,""3"":11.026388888888885,""4"":11.339999999999998,""5"":12.628055555555553,""6"":13.132777777777774}",2
holdout/priced-middle/cheapest-fast,512103616,VICTORY,15.183888888888884,12.143333333333329,3.040555555555555,0.2125,2.3088888888888883,1.0211111111111109,8,0.8333333333333334,0.0,356,35,6,613777,"{""1"":0.2125,""2"":6.545555555555554,""3"":11.184999999999997,""4"":11.403055555555552,""5"":12.692499999999995,""6"":13.011666666666661}",1
holdout/priced-middle/cheapest-fast,239778549,VICTORY,12.019722222222223,9.391111111111112,2.628611111111111,0.2125,2.451388888888891,1.008611111111111,6,0.6166666666666667,0.0,285,35,6,2276779,"{""1"":0.2125,""2"":3.038888888888889,""3"":8.155555555555555,""4"":8.389999999999999,""5"":9.9125,""6"":10.296944444444444}",1
holdout/priced-middle/cheapest-fast,2837050496,VICTORY,11.033055555555556,8.668611111111112,2.3644444444444446,0.2125,1.9752777777777775,0.7086111111111109,10,1.05,0.0,284,35,6,51648,"{""1"":0.2125,""2"":2.318611111111111,""3"":5.146111111111112,""4"":7.7058333333333335,""5"":8.891111111111112,""6"":9.491666666666667}",1
holdout/priced-middle/cheapest-fast,3415720938,VICTORY,15.545555555555557,11.442222222222227,4.10333333333333,0.2125,2.823055555555557,1.5405555555555546,9,0.9833333333333333,0.0,393,35,6,9201840,"{""1"":0.2125,""2"":4.490277777777778,""3"":11.11916666666667,""4"":11.442222222222227,""5"":12.383888888888894,""6"":13.295000000000005}",1
holdout/priced-middle/cheapest-fast,550806973,VICTORY,14.653333333333329,12.09222222222222,2.5611111111111082,0.2125,4.214166666666666,0.7905555555555547,8,0.8333333333333334,0.0,327,35,6,5685396,"{""1"":0.2125,""2"":2.371666666666667,""3"":9.93361111111111,""4"":11.131944444444445,""5"":12.32944444444444,""6"":12.739722222222218}",1
holdout/priced-middle/cheapest-fast,994059765,VICTORY,15.7075,11.952499999999999,3.755000000000001,0.2125,2.026388888888889,0.8911111111111116,8,0.75,0.0,365,35,6,9779482,"{""1"":0.2125,""2"":5.147777777777779,""3"":11.648055555555555,""4"":11.956666666666667,""5"":13.224444444444446,""6"":14.215277777777777}",1
holdout/priced-middle/cheapest-fast,1061776146,VICTORY,14.110277777777773,10.186388888888883,3.9238888888888894,0.2125,2.220555555555556,0.9266666666666671,8,0.8666666666666667,0.0,320,35,6,4993278,"{""1"":0.2125,""2"":4.2124999999999995,""3"":7.503055555555553,""4"":10.186388888888883,""5"":11.678888888888881,""6"":12.519722222222216}",1
holdout/priced-middle/cheapest-fast,1595467482,VICTORY,15.56055555555556,11.406111111111109,4.154444444444451,0.55,3.7783333333333347,1.0780555555555567,12,1.2166666666666666,0.0,366,35,6,2132620,"{""1"":0.55,""2"":3.5038888888888886,""3"":10.597222222222223,""4"":10.793888888888889,""5"":12.597222222222225,""6"":13.587500000000004}",1
holdout/priced-middle/cheapest-fast,585511098,VICTORY,12.223333333333334,8.433888888888891,3.7894444444444435,0.31666666666666665,1.5344444444444443,1.5722222222222249,7,0.6833333333333333,0.0,377,35,6,8735843,"{""1"":0.31666666666666665,""2"":2.7075,""3"":5.279722222222222,""4"":7.814444444444446,""5"":9.187500000000002,""6"":9.835555555555556}",1
holdout/priced-middle/income-path-fast,441555945,VICTORY,17.014722222222215,14.33444444444444,2.680277777777775,0.2125,3.567500000000001,1.387500000000002,10,1.0,0.0,413,32,6,5224226,"{""1"":4.467777777777779,""2"":6.656388888888888,""3"":11.015833333333331,""4"":13.08305555555555,""5"":14.569999999999995,""6"":15.357499999999993}",1
holdout/priced-middle/income-path-fast,464748169,VICTORY,12.581944444444444,8.761111111111111,3.820833333333333,0.31666666666666665,2.903611111111111,2.4227777777777777,8,0.7833333333333333,0.0,319,31,6,5205562,"{""1"":1.793888888888889,""2"":2.5952777777777785,""3"":5.595555555555555,""4"":5.8997222222222225,""5"":9.593055555555555,""6"":10.159166666666666}",1
holdout/priced-middle/income-path-fast,3848369056,VICTORY,10.355555555555554,7.89472222222222,2.4608333333333343,0.31666666666666665,1.3950000000000002,1.2450000000000008,7,0.7,0.0,235,30,6,6534176,"{""1"":2.001388888888889,""2"":4.197222222222221,""3"":5.718611111111111,""4"":7.466388888888887,""5"":8.490833333333333,""6"":9.110555555555553}",1
holdout/priced-middle/income-path-fast,4212180545,VICTORY,14.215,11.601666666666667,2.6133333333333333,0.2125,3.2475000000000005,1.6288888888888873,10,0.9833333333333333,0.0,308,30,6,8657779,"{""1"":4.3372222222222225,""2"":5.8,""3"":8.179444444444446,""4"":11.326111111111112,""5"":12.1575,""6"":12.586111111111112}",1
holdout/priced-middle/income-path-fast,3857301336,VICTORY,19.702222222222215,16.27305555555556,3.4291666666666565,0.2125,3.3311111111111114,1.9183333333333281,10,1.0,0.0,483,32,6,1345168,"{""1"":8.986111111111112,""2"":10.311111111111114,""3"":13.840833333333334,""4"":14.940277777777778,""5"":16.57388888888889,""6"":17.57611111111111}",1
holdout/priced-middle/income-path-fast,1683199454,VICTORY,14.859722222222222,11.92916666666667,2.930555555555552,0.2125,2.1144444444444446,1.4036111111111116,9,0.9,0.0,325,31,6,12174572,"{""1"":5.770555555555556,""2"":8.290555555555557,""3"":11.202222222222225,""4"":11.321111111111115,""5"":12.664722222222226,""6"":13.456111111111111}",1
holdout/priced-middle/income-path-fast,493978338,VICTORY,12.250833333333336,9.76777777777778,2.4830555555555556,0.2125,2.705555555555557,1.3244444444444468,9,0.95,0.0,279,30,6,6365115,"{""1"":0.8019444444444445,""2"":2.293055555555555,""3"":8.24,""4"":9.560833333333335,""5"":9.771944444444447,""6"":10.926388888888889}",1
holdout/priced-middle/income-path-fast,1198863191,VICTORY,21.29805555555556,18.276944444444446,3.0211111111111144,0.31666666666666665,4.431944444444444,1.8391666666666688,16,1.55,0.0,462,30,6,701743,"{""1"":7.929999999999999,""2"":10.66444444444444,""3"":16.087500000000002,""4"":16.90194444444445,""5"":18.414444444444445,""6"":19.458888888888893}",1
holdout/priced-middle/income-path-fast,1777738494,VICTORY,15.347222222222229,12.966111111111113,2.3811111111111156,0.2125,3.004444444444445,1.2741666666666673,13,1.3,0.0,346,31,6,1614963,"{""1"":7.595555555555557,""2"":8.669444444444446,""3"":12.02916666666667,""4"":12.296944444444447,""5"":13.288333333333336,""6"":14.07305555555556}",1
holdout/priced-middle/income-path-fast,1586363365,VICTORY,19.59694444444444,15.421111111111108,4.1758333333333315,0.2125,4.698055555555555,1.6052777777777805,10,1.0,0.0,434,32,6,5215569,"{""1"":7.735277777777777,""2"":9.028333333333334,""3"":10.619166666666667,""4"":14.900277777777774,""5"":16.216388888888886,""6"":17.785833333333326}",1
holdout/priced-middle/income-path-fast,2713578375,VICTORY,18.87944444444445,15.061666666666667,3.8177777777777813,0.2125,5.975555555555556,1.9933333333333356,9,0.9166666666666666,0.0,478,31,6,975287,"{""1"":11.883888888888889,""2"":13.33472222222222,""3"":13.813611111111111,""4"":15.065833333333334,""5"":16.29277777777778,""6"":16.886111111111113}",1
holdout/priced-middle/income-path-fast,2585798195,VICTORY,14.123611111111112,11.783055555555558,2.3405555555555537,0.2125,2.694999999999999,1.3083333333333333,9,0.95,0.0,299,31,6,6381590,"{""1"":3.7880555555555557,""2"":5.092777777777779,""3"":6.642222222222224,""4"":10.568611111111112,""5"":12.185833333333335,""6"":12.815277777777778}",1
holdout/priced-middle/income-path-fast,1857291730,VICTORY,19.315555555555544,16.88833333333333,2.427222222222216,0.2125,3.6772222222222206,1.4516666666666613,9,0.8666666666666667,0.0,432,30,6,7798442,"{""1"":6.198055555555554,""2"":9.002222222222219,""3"":12.888611111111105,""4"":15.300833333333326,""5"":16.999999999999996,""6"":17.863888888888884}",1
holdout/priced-middle/income-path-fast,2732361777,VICTORY,12.540000000000001,9.830277777777779,2.709722222222222,0.2125,2.9877777777777776,1.1327777777777783,5,0.4666666666666667,0.0,289,30,6,3353250,"{""1"":1.1780555555555554,""2"":3.5774999999999997,""3"":9.051666666666668,""4"":9.645555555555555,""5"":10.870000000000001,""6"":11.407222222222224}",1
holdout/priced-middle/income-path-fast,622120981,VICTORY,15.990555555555554,12.977222222222217,3.013333333333337,0.31666666666666665,2.947222222222222,1.8502777777777812,13,1.25,0.0,371,29,6,2946519,"{""1"":7.484166666666665,""2"":8.239444444444441,""3"":8.543055555555554,""4"":12.754722222222217,""5"":13.197222222222218,""6"":14.140277777777774}",1
holdout/priced-middle/income-path-fast,512103616,VICTORY,18.585555555555555,16.658333333333328,1.9272222222222268,0.2125,6.569722222222221,1.0300000000000031,12,1.1666666666666667,0.0,373,31,6,679712,"{""1"":10.36472222222222,""2"":10.699444444444444,""3"":11.378611111111109,""4"":14.699166666666663,""5"":16.662499999999998,""6"":17.55555555555555}",1
holdout/priced-middle/income-path-fast,239778549,VICTORY,16.318888888888885,13.113888888888885,3.205,0.2125,2.3105555555555553,1.1883333333333326,8,0.8,0.0,344,32,6,9039459,"{""1"":7.078611111111112,""2"":9.602222222222222,""3"":11.22083333333333,""4"":12.491388888888885,""5"":13.689166666666663,""6"":14.678888888888887}",1
holdout/priced-middle/income-path-fast,2837050496,VICTORY,15.481944444444451,12.52555555555556,2.956388888888892,0.2125,3.6450000000000005,1.7613888888888918,10,0.95,0.0,318,30,6,9192577,"{""1"":4.237222222222223,""2"":5.993888888888889,""3"":7.7347222222222225,""4"":11.840555555555559,""5"":12.762222222222226,""6"":13.72055555555556}",1
holdout/priced-middle/income-path-fast,3415720938,VICTORY,16.31,13.413055555555557,2.8969444444444417,0.2125,3.3174999999999994,1.4127777777777775,7,0.6833333333333333,0.0,358,31,6,7413865,"{""1"":1.3686111111111112,""2"":5.382499999999999,""3"":6.434722222222223,""4"":12.40388888888889,""5"":13.541111111111112,""6"":14.89722222222222}",1
holdout/priced-middle/income-path-fast,550806973,VICTORY,15.822777777777775,12.391666666666662,3.4311111111111128,0.2125,5.438888888888888,1.3530555555555546,8,0.7333333333333333,0.0,375,31,6,1997246,"{""1"":9.031388888888888,""2"":10.016944444444443,""3"":11.820555555555552,""4"":12.194999999999997,""5"":13.897499999999997,""6"":14.46972222222222}",1
holdout/priced-middle/income-path-fast,994059765,VICTORY,12.891944444444439,9.804722222222221,3.087222222222218,0.2125,1.3422222222222226,1.3038888888888873,7,0.6833333333333333,0.0,332,30,6,6544077,"{""1"":1.3291666666666666,""2"":3.068611111111111,""3"":8.943055555555555,""4"":9.578055555555556,""5"":10.371666666666664,""6"":11.58805555555555}",1
holdout/priced-middle/income-path-fast,1061776146,VICTORY,18.249166666666657,15.47222222222221,2.776944444444446,0.2125,3.3930555555555526,1.725,13,1.3333333333333333,0.0,391,30,6,7961515,"{""1"":3.164166666666667,""2"":7.811666666666663,""3"":9.156944444444438,""4"":14.573055555555545,""5"":15.578333333333322,""6"":16.405833333333323}",1
holdout/priced-middle/income-path-fast,1595467482,VICTORY,20.505555555555553,18.28416666666667,2.2213888888888818,0.55,3.1516666666666686,1.4355555555555535,9,0.9,0.0,457,30,6,1204594,"{""1"":1.6361111111111108,""2"":6.894166666666668,""3"":15.009166666666669,""4"":15.675000000000002,""5"":18.380000000000003,""6"":19.07}",1
holdout/priced-middle/income-path-fast,585511098,VICTORY,15.80944444444444,13.39055555555555,2.4188888888888886,0.31666666666666665,2.2633333333333328,1.7519444444444445,9,0.8833333333333333,0.0,375,31,6,984118,"{""1"":5.631388888888888,""2"":8.764166666666664,""3"":10.696388888888889,""4"":12.981666666666662,""5"":13.536666666666662,""6"":13.851388888888884}",1
holdout/priced-middle/income-path-insurance-fast,441555945,VICTORY,15.631944444444441,12.018888888888885,3.6130555555555564,0.2125,3.7891666666666666,1.8544444444444441,9,0.8166666666666667,0.0,375,34,6,8160367,"{""1"":4.739999999999999,""2"":7.585277777777775,""3"":10.144722222222219,""4"":12.018888888888885,""5"":12.138333333333328,""6"":13.777499999999998}",1
holdout/priced-middle/income-path-insurance-fast,464748169,VICTORY,15.337222222222216,11.814166666666662,3.5230555555555547,0.31666666666666665,2.3741666666666665,1.6941666666666644,16,1.5166666666666666,0.0,382,34,6,3657516,"{""1"":4.260277777777778,""2"":7.139722222222222,""3"":7.548888888888887,""4"":10.68583333333333,""5"":12.23555555555555,""6"":13.643055555555552}",1
holdout/priced-middle/income-path-insurance-fast,3848369056,VICTORY,11.920555555555556,9.491111111111108,2.4294444444444476,0.31666666666666665,2.1930555555555533,1.1822222222222232,13,1.35,0.0,280,34,6,6025712,"{""1"":2.811388888888889,""2"":5.3502777777777775,""3"":8.39833333333333,""4"":9.491111111111108,""5"":10.236944444444442,""6"":10.738333333333333}",2
holdout/priced-middle/income-path-insurance-fast,4212180545,VICTORY,27.782499999999988,24.746944444444434,3.035555555555554,0.2125,4.231944444444443,1.428333333333338,15,1.5333333333333334,0.0,524,34,6,4522556,"{""1"":10.005833333333332,""2"":15.041388888888887,""3"":23.258611111111104,""4"":24.746944444444434,""5"":25.394444444444435,""6"":26.35416666666665}",1
holdout/priced-middle/income-path-insurance-fast,3857301336,VICTORY,21.809166666666655,18.010833333333323,3.798333333333332,0.2125,6.971388888888888,2.228333333333334,11,1.0333333333333334,0.0,489,34,6,3434751,"{""1"":11.695555555555554,""2"":12.4575,""3"":15.70027777777777,""4"":16.763611111111103,""5"":19.037499999999987,""6"":19.475277777777766}",1
holdout/priced-middle/income-path-insurance-fast,1683199454,VICTORY,16.424999999999997,13.592499999999998,2.8324999999999996,0.2125,2.89,1.4644444444444464,9,0.8166666666666667,0.0,345,33,6,12352484,"{""1"":7.918333333333334,""2"":8.631666666666666,""3"":10.892222222222223,""4"":13.592499999999998,""5"":14.282222222222218,""6"":14.843888888888882}",1
holdout/priced-middle/income-path-insurance-fast,493978338,VICTORY,20.033611111111103,17.66277777777777,2.3708333333333336,0.2125,4.468888888888892,1.3688888888888906,12,1.1833333333333333,0.0,436,33,6,4370027,"{""1"":10.160555555555558,""2"":12.060555555555556,""3"":14.628055555555555,""4"":17.52694444444444,""5"":18.17666666666666,""6"":18.664722222222213}",1
holdout/priced-middle/income-path-insurance-fast,1198863191,VICTORY,20.606111111111115,18.14888888888889,2.4572222222222244,0.31666666666666665,2.8116666666666674,1.6650000000000054,14,1.3666666666666667,0.0,389,33,6,6715939,"{""1"":2.8958333333333335,""2"":7.8277777777777775,""3"":14.127777777777775,""4"":16.739722222222223,""5"":18.153055555555557,""6"":18.59027777777778}",1
holdout/priced-middle/income-path-insurance-fast,1777738494,VICTORY,19.696388888888894,16.47583333333334,3.2205555555555527,0.2125,4.9775,1.3405555555555528,12,1.1833333333333333,0.0,431,33,6,1916823,"{""1"":8.535555555555556,""2"":11.356666666666667,""3"":15.842222222222228,""4"":16.47583333333334,""5"":17.854444444444447,""6"":18.251666666666672}",1
holdout/priced-middle/income-path-insurance-fast,1586363365,VICTORY,19.82972222222222,16.53916666666666,3.29055555555556,0.2125,3.2377777777777776,1.4933333333333356,13,1.3666666666666667,0.0,408,33,6,5086330,"{""1"":6.82388888888889,""2"":9.655555555555559,""3"":12.309166666666666,""4"":16.34027777777777,""5"":17.66333333333333,""6"":18.332222222222217}",1
holdout/priced-middle/income-path-insurance-fast,2713578375,VICTORY,20.87805555555555,17.989166666666666,2.8888888888888857,0.2125,4.1197222222222205,1.906388888888887,8,0.7833333333333333,0.0,448,34,6,1233350,"{""1"":7.056944444444443,""2"":9.896388888888888,""3"":15.867499999999996,""4"":16.639166666666664,""5"":17.993333333333332,""6"":18.971666666666668}",1
holdout/priced-middle/income-path-insurance-fast,2585798195,VICTORY,21.92999999999999,16.909999999999993,5.019999999999996,0.2125,5.0441666666666665,1.7055555555555582,10,1.0166666666666666,0.0,485,34,6,5293341,"{""1"":11.64833333333333,""2"":14.289999999999994,""3"":14.573055555555548,""4"":16.909999999999993,""5"":17.916944444444436,""6"":20.22444444444443}",1
holdout/priced-middle/income-path-insurance-fast,1857291730,VICTORY,12.855555555555556,10.293055555555556,2.5625,0.2125,1.8902777777777782,1.8505555555555568,7,0.7,0.0,287,33,6,7232057,"{""1"":2.5008333333333335,""2"":6.810555555555557,""3"":6.971944444444446,""4"":9.192777777777776,""5"":10.297222222222222,""6"":11.004999999999999}",1
holdout/priced-middle/income-path-insurance-fast,2732361777,VICTORY,12.584166666666668,10.732777777777777,1.8513888888888914,0.2125,1.998611111111111,1.1580555555555558,7,0.6833333333333333,0.0,290,34,6,7640729,"{""1"":1.508888888888889,""2"":3.438888888888888,""3"":8.741944444444444,""4"":9.483333333333333,""5"":10.736944444444443,""6"":11.426111111111112}",1
holdout/priced-middle/income-path-insurance-fast,622120981,VICTORY,13.316666666666661,10.986388888888884,2.330277777777777,0.31666666666666665,1.7247222222222225,1.2436111111111112,13,1.3333333333333333,0.0,269,33,6,6585524,"{""1"":2.3088888888888883,""2"":3.2702777777777774,""3"":6.546666666666666,""4"":10.383055555555552,""5"":11.30805555555555,""6"":12.07305555555555}",1
holdout/priced-middle/income-path-insurance-fast,512103616,VICTORY,21.355555555555554,18.681388888888886,2.674166666666668,0.2125,4.968055555555555,1.9269444444444466,13,1.2833333333333334,0.0,463,33,6,2978361,"{""1"":11.886111111111108,""2"":13.99472222222222,""3"":17.82944444444444,""4"":18.028888888888886,""5"":18.80472222222222,""6"":19.428611111111106}",1
holdout/priced-middle/income-path-insurance-fast,239778549,VICTORY,21.01916666666666,18.25194444444444,2.7672222222222196,0.2125,7.733333333333332,1.8322222222222233,7,0.7,0.0,467,32,6,3179886,"{""1"":8.69972222222222,""2"":12.299166666666666,""3"":16.758611111111104,""4"":18.25194444444444,""5"":18.599166666666658,""6"":19.18694444444444}",1
holdout/priced-middle/income-path-insurance-fast,2837050496,VICTORY,14.961111111111114,12.507222222222223,2.4538888888888906,0.2125,2.118055555555557,1.2230555555555573,10,0.9833333333333333,0.0,369,33,6,4785258,"{""1"":3.700277777777778,""2"":8.39166666666667,""3"":11.630833333333332,""4"":12.290000000000001,""5"":12.617777777777778,""6"":13.738055555555556}",1
holdout/priced-middle/income-path-insurance-fast,3415720938,VICTORY,15.905555555555555,12.628055555555553,3.2775000000000016,0.2125,1.7361111111111114,1.440277777777779,11,1.0833333333333333,0.0,353,34,6,7389765,"{""1"":2.904166666666667,""2"":5.681666666666667,""3"":7.975555555555558,""4"":12.628055555555553,""5"":13.560555555555554,""6"":14.465277777777775}",1
holdout/priced-middle/income-path-insurance-fast,550806973,VICTORY,14.807777777777778,12.655,2.1527777777777786,0.2125,2.4513888888888875,1.2361111111111123,10,1.05,0.0,341,33,6,9283902,"{""1"":6.099722222222224,""2"":7.123333333333335,""3"":11.79138888888889,""4"":12.06611111111111,""5"":12.813888888888888,""6"":13.571666666666665}",1
holdout/priced-middle/income-path-insurance-fast,994059765,VICTORY,25.22305555555555,22.668611111111108,2.5544444444444423,0.2125,6.526666666666663,1.0330555555555558,10,0.9833333333333333,0.0,571,34,6,5589786,"{""1"":11.236666666666663,""2"":16.466388888888886,""3"":22.187777777777775,""4"":22.668611111111108,""5"":23.293055555555554,""6"":24.189999999999994}",1
holdout/priced-middle/income-path-insurance-fast,1061776146,VICTORY,16.98361111111111,14.069444444444445,2.914166666666665,0.2125,2.337499999999998,1.859166666666666,10,0.9833333333333333,0.0,393,33,6,2292053,"{""1"":3.348888888888889,""2"":6.450277777777779,""3"":12.728055555555555,""4"":14.069444444444445,""5"":14.502222222222223,""6"":15.124444444444444}",1
holdout/priced-middle/income-path-insurance-fast,1595467482,VICTORY,19.897500000000004,17.65222222222223,2.245277777777776,0.55,2.0594444444444444,1.6455555555555559,13,1.3,0.0,440,34,6,4301196,"{""1"":3.4122222222222223,""2"":7.570833333333336,""3"":10.931111111111116,""4"":15.787500000000005,""5"":17.793611111111115,""6"":18.16444444444445}",1
holdout/priced-middle/income-path-insurance-fast,585511098,VICTORY,11.980555555555558,9.849722222222223,2.130833333333335,0.31666666666666665,1.1522222222222223,1.5408333333333342,14,1.3833333333333333,0.0,288,34,6,2319113,"{""1"":2.6008333333333336,""2"":3.5355555555555553,""3"":4.164166666666667,""4"":7.319166666666667,""5"":10.050833333333335,""6"":10.435555555555558}",1
holdout/priced-middle/insurance-first-fast,441555945,VICTORY,10.85138888888889,7.9825,2.8688888888888897,0.2125,1.6752777777777774,1.008055555555554,9,0.9166666666666666,0.0,292,38,6,1174521,"{""1"":0.22083333333333333,""2"":2.8719444444444444,""3"":6.606944444444443,""4"":7.986666666666666,""5"":8.904444444444444,""6"":9.393611111111113}",1
holdout/priced-middle/insurance-first-fast,464748169,VICTORY,12.824166666666665,8.968611111111109,3.855555555555556,0.31666666666666665,2.6172222222222232,0.9024999999999996,7,0.7166666666666667,0.0,363,38,6,9692268,"{""1"":0.325,""2"":2.711388888888889,""3"":6.930555555555556,""4"":7.411388888888889,""5"":9.90861111111111,""6"":10.982777777777777}",1
holdout/priced-middle/insurance-first-fast,3848369056,VICTORY,12.58222222222222,9.694444444444441,2.8877777777777798,0.31666666666666665,2.3155555555555547,1.2375000000000018,10,1.0833333333333333,0.0,279,38,6,3436057,"{""1"":0.325,""2"":4.672777777777776,""3"":8.370277777777776,""4"":8.873055555555554,""5"":10.259999999999996,""6"":10.81444444444444}",1
holdout/priced-middle/insurance-first-fast,4212180545,VICTORY,18.967777777777776,15.073055555555555,3.894722222222221,0.2125,1.6344444444444453,1.394444444444442,12,1.2833333333333334,0.0,443,38,6,15261702,"{""1"":0.22083333333333333,""2"":9.791666666666668,""3"":12.918888888888889,""4"":14.331666666666667,""5"":15.886944444444444,""6"":16.795277777777777}",1
holdout/priced-middle/insurance-first-fast,3857301336,VICTORY,14.745555555555553,10.64666666666667,4.098888888888883,0.2125,2.4208333333333334,1.4816666666666645,8,0.8333333333333334,0.0,363,38,6,8853247,"{""1"":0.22083333333333333,""2"":6.639444444444445,""3"":8.245555555555557,""4"":9.913333333333336,""5"":11.320833333333335,""6"":12.498611111111112}",1
holdout/priced-middle/insurance-first-fast,1683199454,VICTORY,12.767222222222218,9.631388888888887,3.1358333333333306,0.2125,2.2649999999999966,0.886944444444445,8,0.8333333333333334,0.0,278,38,6,10229325,"{""1"":0.22083333333333333,""2"":3.542777777777778,""3"":8.995,""4"":9.118055555555554,""5"":10.3675,""6"":11.18583333333333}",1
holdout/priced-middle/insurance-first-fast,493978338,VICTORY,11.48222222222222,8.620277777777776,2.8619444444444433,0.2125,2.669722222222222,1.3866666666666636,10,1.0333333333333334,0.0,280,38,6,2651095,"{""1"":0.22083333333333333,""2"":2.075277777777778,""3"":8.1375,""4"":8.620277777777776,""5"":9.145277777777777,""6"":9.568055555555555}",1
holdout/priced-middle/insurance-first-fast,1198863191,VICTORY,16.086666666666666,12.983611111111106,3.10305555555556,0.31666666666666665,2.002777777777775,1.0605555555555555,15,1.5333333333333334,0.0,355,38,6,7897598,"{""1"":0.325,""2"":5.805000000000001,""3"":12.742777777777771,""4"":12.85305555555555,""5"":13.530277777777773,""6"":14.428055555555552}",1
holdout/priced-middle/insurance-first-fast,1777738494,VICTORY,12.439444444444444,9.862222222222222,2.577222222222222,0.2125,1.3994444444444445,0.7897222222222221,9,0.9,0.0,301,38,6,4671309,"{""1"":0.22083333333333333,""2"":4.583055555555556,""3"":8.152777777777779,""4"":8.56,""5"":10.256944444444445,""6"":10.633333333333331}",1
holdout/priced-middle/insurance-first-fast,1586363365,VICTORY,13.716111111111113,9.846388888888892,3.8697222222222205,0.2125,2.4058333333333337,0.8102777777777779,10,1.0333333333333334,0.0,366,38,6,2220362,"{""1"":0.22083333333333333,""2"":2.5525,""3"":8.862777777777781,""4"":9.846388888888892,""5"":11.32138888888889,""6"":12.060555555555558}",1
holdout/priced-middle/insurance-first-fast,2713578375,VICTORY,11.10833333333333,8.059999999999997,3.048333333333334,0.2125,2.1533333333333333,0.999444444444443,10,1.0666666666666667,0.0,269,38,6,2330801,"{""1"":0.22083333333333333,""2"":5.150833333333333,""3"":7.341388888888886,""4"":7.456111111111109,""5"":8.571111111111106,""6"":9.181388888888886}",1
holdout/priced-middle/insurance-first-fast,2585798195,VICTORY,14.073055555555555,10.692222222222222,3.3808333333333334,0.2125,1.5024999999999997,1.7341666666666677,9,0.9666666666666667,0.0,355,38,6,2831518,"{""1"":0.22083333333333333,""2"":4.271944444444445,""3"":8.895555555555555,""4"":9.103611111111112,""5"":10.99861111111111,""6"":11.735277777777776}",1
holdout/priced-middle/insurance-first-fast,1857291730,VICTORY,12.83527777777777,9.511666666666667,3.323611111111104,0.2125,1.439166666666666,1.2291666666666647,10,1.0,0.0,345,38,6,5241317,"{""1"":0.22083333333333333,""2"":4.266111111111112,""3"":7.5575,""4"":8.707500000000001,""5"":9.863333333333333,""6"":10.396388888888886}",1
holdout/priced-middle/insurance-first-fast,2732361777,VICTORY,10.432222222222224,7.478888888888889,2.953333333333335,0.2125,1.3227777777777774,0.8677777777777786,8,0.8166666666666667,0.0,287,38,6,975670,"{""1"":0.22083333333333333,""2"":3.026944444444444,""3"":7.07388888888889,""4"":7.483055555555556,""5"":8.104722222222223,""6"":9.073333333333334}",1
holdout/priced-middle/insurance-first-fast,622120981,VICTORY,13.306111111111107,9.358333333333329,3.9477777777777785,0.31666666666666665,1.9122222222222225,1.176666666666669,10,1.0333333333333334,0.0,333,38,6,9361029,"{""1"":1.5438888888888889,""2"":3.203333333333333,""3"":9.020555555555552,""4"":9.358333333333329,""5"":10.406388888888886,""6"":11.171111111111108}",1
holdout/priced-middle/insurance-first-fast,512103616,VICTORY,17.89666666666666,13.901388888888883,3.995277777777778,0.2125,3.261388888888888,1.5527777777777771,10,1.0,0.0,430,38,6,8374534,"{""1"":0.22083333333333333,""2"":7.99472222222222,""3"":13.30583333333333,""4"":13.665555555555551,""5"":14.738611111111107,""6"":15.766111111111108}",1
holdout/priced-middle/insurance-first-fast,239778549,VICTORY,13.09194444444444,9.559444444444441,3.532499999999999,0.2125,2.20611111111111,0.9522222222222221,7,0.6833333333333333,0.0,327,38,6,3287433,"{""1"":0.22083333333333333,""2"":3.3019444444444446,""3"":8.149999999999995,""4"":9.563611111111108,""5"":10.78194444444444,""6"":11.454722222222218}",1
holdout/priced-middle/insurance-first-fast,2837050496,VICTORY,13.861388888888891,10.83777777777778,3.0236111111111104,0.2125,2.224444444444448,0.9791666666666666,7,0.7,0.0,316,38,6,979576,"{""1"":0.22083333333333333,""2"":5.955833333333332,""3"":10.536666666666669,""4"":10.715833333333336,""5"":11.475000000000003,""6"":12.33277777777778}",1
holdout/priced-middle/insurance-first-fast,3415720938,VICTORY,12.506666666666664,10.27611111111111,2.2305555555555543,0.2125,2.3597222222222216,0.7836111111111127,9,0.9666666666666667,0.0,306,38,6,5974719,"{""1"":0.22083333333333333,""2"":3.118333333333333,""3"":8.2,""4"":8.671666666666665,""5"":10.585555555555555,""6"":10.915277777777778}",1
holdout/priced-middle/insurance-first-fast,550806973,VICTORY,16.70638888888889,13.598055555555554,3.1083333333333343,0.2125,4.6772222222222215,0.9316666666666663,7,0.75,0.0,383,38,6,6311760,"{""1"":0.22083333333333333,""2"":9.821388888888887,""3"":13.072777777777777,""4"":13.598055555555554,""5"":14.396666666666665,""6"":15.202777777777778}",1
holdout/priced-middle/insurance-first-fast,994059765,VICTORY,13.659166666666664,10.072222222222221,3.586944444444443,0.2125,1.6449999999999998,0.9477777777777779,9,0.9,0.0,358,38,6,12501267,"{""1"":0.22083333333333333,""2"":5.7375,""3"":9.097222222222221,""4"":9.831666666666665,""5"":10.468888888888888,""6"":12.031666666666665}",1
holdout/priced-middle/insurance-first-fast,1061776146,VICTORY,21.234166666666667,17.7225,3.5116666666666667,0.2125,2.8405555555555555,1.1213888888888883,7,0.7166666666666667,0.0,475,38,6,12671560,"{""1"":0.22083333333333333,""2"":10.051111111111112,""3"":16.595555555555553,""4"":17.463055555555556,""5"":18.57027777777778,""6"":19.329722222222227}",1
holdout/priced-middle/insurance-first-fast,1595467482,VICTORY,16.603333333333342,13.395833333333341,3.2075000000000014,0.55,2.8572222222222234,1.2905555555555546,14,1.3833333333333333,0.0,371,38,6,5237239,"{""1"":0.5583333333333333,""2"":4.854444444444444,""3"":11.176111111111114,""4"":12.459166666666672,""5"":13.838888888888897,""6"":14.323611111111122}",1
holdout/priced-middle/insurance-first-fast,585511098,VICTORY,13.538055555555559,9.616944444444444,3.9211111111111148,0.31666666666666665,1.9558333333333329,1.6105555555555573,10,1.0166666666666666,0.0,369,38,6,7270816,"{""1"":1.0716666666666665,""2"":3.371666666666667,""3"":8.395277777777778,""4"":8.688333333333333,""5"":10.488888888888889,""6"":11.233055555555556}",1
holdout/priced-middle/skip-late-stakes-fast,441555945,VICTORY,13.898055555555553,7.151944444444443,6.74611111111111,0.2125,1.352222222222222,3.363055555555555,7,0.75,0.0,467,32,3,1824233,"{""1"":0.2125,""2"":3.4541666666666666,""3"":5.158333333333333}",1
holdout/priced-middle/skip-late-stakes-fast,464748169,VICTORY,19.298333333333332,10.404999999999998,8.893333333333334,0.31666666666666665,2.0305555555555554,4.756666666666669,7,0.7166666666666667,0.0,666,32,3,3186189,"{""1"":0.31666666666666665,""2"":4.638333333333334,""3"":8.36861111111111}",1
holdout/priced-middle/skip-late-stakes-fast,3848369056,VICTORY,15.90888888888889,8.794999999999996,7.113888888888894,0.31666666666666665,1.7422222222222221,3.8361111111111126,10,1.0166666666666666,0.0,512,32,3,6162,"{""1"":0.31666666666666665,""2"":5.775277777777777,""3"":7.569722222222221}",1
holdout/priced-middle/skip-late-stakes-fast,4212180545,VICTORY,19.058611111111116,11.81361111111111,7.245000000000006,0.2125,2.2502777777777774,3.862777777777781,11,1.2166666666666666,0.0,589,32,3,371026,"{""1"":0.2125,""2"":5.046944444444445,""3"":10.840555555555556}",1
holdout/priced-middle/skip-late-stakes-fast,3857301336,VICTORY,19.45638888888889,10.821111111111113,8.635277777777775,0.2125,2.270000000000001,3.5713888888888845,6,0.6666666666666666,0.0,629,32,3,2962671,"{""1"":0.2125,""2"":6.1466666666666665,""3"":10.43638888888889}",1
holdout/priced-middle/skip-late-stakes-fast,1683199454,VICTORY,16.493055555555557,10.270833333333336,6.222222222222221,0.2125,3.127777777777778,3.3394444444444447,7,0.7666666666666667,0.0,488,32,3,3675688,"{""1"":0.2125,""2"":4.419444444444445,""3"":9.412222222222223}",1
holdout/priced-middle/skip-late-stakes-fast,493978338,VICTORY,18.039166666666667,10.778888888888888,7.2602777777777785,0.2125,4.003333333333333,3.8752777777777774,5,0.5666666666666667,0.0,564,32,3,2207162,"{""1"":0.2125,""2"":3.027777777777778,""3"":9.05}",1
holdout/priced-middle/skip-late-stakes-fast,1198863191,VICTORY,17.26277777777778,10.18638888888889,7.076388888888891,0.31666666666666665,1.8769444444444416,3.2513888888888878,10,1.0,0.0,543,32,3,539808,"{""1"":0.31666666666666665,""2"":5.277222222222224,""3"":8.630277777777776}",1
holdout/priced-middle/skip-late-stakes-fast,1777738494,VICTORY,16.807222222222222,9.719166666666666,7.088055555555556,0.2125,1.8583333333333323,3.4263888888888894,9,0.9666666666666667,0.0,551,32,3,2932749,"{""1"":0.2125,""2"":3.6952777777777777,""3"":8.110277777777776}",1
holdout/priced-middle/skip-late-stakes-fast,1586363365,VICTORY,16.479444444444443,9.109722222222222,7.3697222222222205,0.2125,1.8333333333333333,3.333055555555558,7,0.7,0.0,561,32,3,5251987,"{""1"":0.2125,""2"":4.065555555555556,""3"":7.3775}",1
holdout/priced-middle/skip-late-stakes-fast,2713578375,VICTORY,15.490277777777779,9.542777777777777,5.947500000000002,0.2125,1.9827777777777778,3.2394444444444463,7,0.75,0.0,466,32,3,1915744,"{""1"":0.2125,""2"":7.694166666666664,""3"":8.701388888888888}",1
holdout/priced-middle/skip-late-stakes-fast,2585798195,VICTORY,16.863611111111112,9.840277777777779,7.023333333333333,0.2125,1.4794444444444441,3.691388888888889,7,0.75,0.0,574,32,3,2591293,"{""1"":0.2125,""2"":3.610833333333334,""3"":8.193333333333335}",1
holdout/priced-middle/skip-late-stakes-fast,1857291730,VICTORY,22.95416666666667,15.574166666666663,7.380000000000006,0.2125,4.744999999999999,3.223055555555561,12,1.2833333333333334,0.0,642,32,3,5268109,"{""1"":0.2125,""2"":8.75722222222222,""3"":13.544999999999996}",1
holdout/priced-middle/skip-late-stakes-fast,2732361777,VICTORY,13.973055555555558,6.301388888888888,7.6716666666666695,0.2125,1.7788888888888883,3.323055555555557,6,0.6,0.0,506,32,3,570090,"{""1"":0.2125,""2"":1.0430555555555556,""3"":4.702222222222221}",1
holdout/priced-middle/skip-late-stakes-fast,622120981,VICTORY,18.603611111111107,12.226944444444444,6.376666666666663,0.31666666666666665,4.262499999999999,3.59111111111111,9,0.8833333333333333,0.0,550,32,3,2502503,"{""1"":0.31666666666666665,""2"":4.3525,""3"":11.026388888888885}",2
holdout/priced-middle/skip-late-stakes-fast,512103616,VICTORY,19.178888888888885,11.772222222222219,7.406666666666666,0.2125,2.3088888888888883,2.9308333333333336,8,0.8333333333333334,0.0,604,32,3,866049,"{""1"":0.2125,""2"":6.545555555555554,""3"":11.184999999999997}",1
holdout/priced-middle/skip-late-stakes-fast,239778549,VICTORY,16.060000000000002,9.417499999999999,6.642500000000004,0.2125,2.451388888888891,3.4916666666666685,6,0.6166666666666667,0.0,512,32,3,392169,"{""1"":0.2125,""2"":3.038888888888889,""3"":8.155555555555555}",1
holdout/priced-middle/skip-late-stakes-fast,2837050496,VICTORY,16.00527777777778,8.811666666666667,7.193611111111114,0.2125,1.9752777777777775,4.182500000000001,10,1.05,0.0,546,32,3,761996,"{""1"":0.2125,""2"":2.318611111111111,""3"":5.146111111111112}",1
holdout/priced-middle/skip-late-stakes-fast,3415720938,VICTORY,20.04083333333334,11.442222222222227,8.598611111111111,0.2125,2.823055555555557,3.836944444444447,9,0.9833333333333333,0.0,635,32,3,1241146,"{""1"":0.2125,""2"":4.490277777777778,""3"":11.11916666666667}",1
holdout/priced-middle/skip-late-stakes-fast,550806973,VICTORY,18.328055555555558,11.80111111111111,6.526944444444448,0.2125,4.214166666666666,3.767499999999999,8,0.8333333333333334,0.0,540,32,3,2929904,"{""1"":0.2125,""2"":2.371666666666667,""3"":9.93361111111111}",1
holdout/priced-middle/skip-late-stakes-fast,994059765,VICTORY,19.37055555555555,11.952499999999999,7.4180555555555525,0.2125,2.026388888888889,3.2377777777777754,8,0.75,0.0,578,32,3,1163158,"{""1"":0.2125,""2"":5.147777777777779,""3"":11.648055555555555}",1
holdout/priced-middle/skip-late-stakes-fast,1061776146,VICTORY,17.59416666666666,10.186388888888883,7.407777777777776,0.2125,2.220555555555556,3.172222222222221,8,0.8666666666666667,0.0,546,32,3,3143794,"{""1"":0.2125,""2"":4.2124999999999995,""3"":7.503055555555553}",1
holdout/priced-middle/skip-late-stakes-fast,1595467482,VICTORY,18.759722222222226,11.310555555555556,7.44916666666667,0.55,3.7783333333333347,3.446666666666666,12,1.2166666666666666,0.0,585,32,3,2360003,"{""1"":0.55,""2"":3.5038888888888886,""3"":10.597222222222223}",1
holdout/priced-middle/skip-late-stakes-fast,585511098,VICTORY,16.009166666666673,8.393055555555556,7.616111111111117,0.31666666666666665,1.5344444444444443,3.6316666666666664,7,0.6833333333333333,0.0,587,32,3,1847874,"{""1"":0.31666666666666665,""2"":2.7075,""3"":5.279722222222222}",1
holdout/priced-middle/stake-first-fast,441555945,VICTORY,11.699999999999998,7.655833333333333,4.044166666666665,0.2125,2.2061111111111105,1.1666666666666667,9,0.95,0.0,301,35,6,3575798,"{""1"":0.2125,""2"":3.4541666666666666,""3"":4.864722222222222,""4"":7.655833333333333,""5"":8.823888888888888,""6"":9.57722222222222}",1
holdout/priced-middle/stake-first-fast,464748169,VICTORY,14.32555555555555,11.256388888888885,3.069166666666664,0.31666666666666665,2.0305555555555554,1.0049999999999992,8,0.8166666666666667,0.0,367,35,6,12248670,"{""1"":0.31666666666666665,""2"":4.638333333333334,""3"":8.153333333333332,""4"":8.61694444444444,""5"":11.256388888888885,""6"":11.832777777777773}",1
holdout/priced-middle/stake-first-fast,3848369056,VICTORY,12.420555555555554,9.372499999999999,3.048055555555555,0.31666666666666665,1.7422222222222221,0.9405555555555566,11,1.1166666666666667,0.0,273,35,6,4231151,"{""1"":0.31666666666666665,""2"":5.775277777777777,""3"":5.9752777777777775,""4"":7.582499999999998,""5"":10.101388888888888,""6"":10.627499999999998}",1
holdout/priced-middle/stake-first-fast,4212180545,VICTORY,16.705555555555552,13.983333333333327,2.722222222222225,0.2125,2.2502777777777774,0.9008333333333345,11,1.2166666666666666,0.0,340,35,6,3072034,"{""1"":0.2125,""2"":5.046944444444445,""3"":8.958611111111113,""4"":12.111666666666666,""5"":14.49805555555555,""6"":15.052222222222218}",1
holdout/priced-middle/stake-first-fast,3857301336,VICTORY,16.26000000000001,11.778333333333341,4.481666666666667,0.2125,2.2177777777777776,1.4122222222222225,8,0.8666666666666667,0.0,365,35,6,11248796,"{""1"":0.2125,""2"":6.1466666666666665,""3"":7.963333333333335,""4"":11.460000000000008,""5"":11.778333333333341,""6"":13.960000000000006}",1
holdout/priced-middle/stake-first-fast,1683199454,VICTORY,13.839722222222218,11.511944444444445,2.327777777777772,0.2125,3.127777777777778,0.7927777777777768,8,0.8666666666666667,0.0,286,35,6,13498024,"{""1"":0.2125,""2"":4.419444444444445,""3"":8.999444444444444,""4"":9.591944444444445,""5"":11.704444444444444,""6"":12.090555555555556}",1
holdout/priced-middle/stake-first-fast,493978338,VICTORY,13.18194444444444,10.242777777777777,2.9391666666666634,0.2125,4.003333333333333,1.4616666666666656,6,0.6666666666666666,0.0,287,35,6,1127340,"{""1"":0.2125,""2"":3.0236111111111112,""3"":8.395555555555555,""4"":9.55861111111111,""5"":10.368888888888888,""6"":10.970555555555555}",1
holdout/priced-middle/stake-first-fast,1198863191,VICTORY,14.65527777777778,10.363055555555555,4.292222222222225,0.31666666666666665,2.1947222222222202,1.1872222222222224,10,1.0,0.0,341,35,6,5165329,"{""1"":0.31666666666666665,""2"":5.277222222222224,""3"":6.736666666666668,""4"":9.015555555555556,""5"":10.681666666666667,""6"":11.283333333333333}",1
holdout/priced-middle/stake-first-fast,1777738494,VICTORY,12.668333333333333,9.719166666666666,2.9491666666666667,0.2125,1.8583333333333323,0.9236111111111124,9,0.9666666666666667,0.0,314,35,6,5256535,"{""1"":0.2125,""2"":3.6952777777777777,""3"":8.101944444444444,""4"":9.719166666666666,""5"":9.850277777777778,""6"":10.461388888888889}",1
holdout/priced-middle/stake-first-fast,1586363365,VICTORY,13.740277777777777,10.186944444444446,3.553333333333331,0.2125,1.5927777777777776,1.323888888888886,7,0.7,0.0,323,35,6,10403215,"{""1"":0.2125,""2"":4.065555555555556,""3"":5.527500000000001,""4"":10.186944444444446,""5"":10.913611111111114,""6"":11.153888888888892}",1
holdout/priced-middle/stake-first-fast,2713578375,VICTORY,13.09694444444444,10.230555555555554,2.866388888888885,0.2125,1.9827777777777778,0.8833333333333333,8,0.85,0.0,282,35,6,6766797,"{""1"":0.2125,""2"":7.694166666666664,""3"":8.208611111111109,""4"":8.512499999999998,""5"":10.230555555555554,""6"":11.080555555555552}",1
holdout/priced-middle/stake-first-fast,2585798195,VICTORY,14.904166666666669,11.340277777777779,3.56388888888889,0.2125,1.4794444444444441,2.0422222222222217,9,0.95,0.0,365,35,6,10439667,"{""1"":0.2125,""2"":3.6066666666666674,""3"":7.093333333333335,""4"":9.88138888888889,""5"":11.340277777777779,""6"":11.936944444444444}",1
holdout/priced-middle/stake-first-fast,1857291730,VICTORY,21.57972222222222,17.462499999999995,4.117222222222225,0.2125,4.744999999999999,1.474444444444445,14,1.4833333333333334,0.0,447,35,6,3103087,"{""1"":0.2125,""2"":8.402777777777777,""3"":15.021111111111107,""4"":17.462499999999995,""5"":18.591666666666665,""6"":18.706944444444442}",1
holdout/priced-middle/stake-first-fast,2732361777,VICTORY,9.704722222222221,6.362222222222221,3.3425000000000002,0.2125,1.7788888888888883,0.7102777777777779,6,0.6,0.0,252,35,6,6447061,"{""1"":0.2125,""2"":1.038888888888889,""3"":4.693888888888888,""4"":5.966666666666666,""5"":7.208888888888889,""6"":7.5986111111111105}",1
holdout/priced-middle/stake-first-fast,622120981,VICTORY,14.859999999999994,11.042222222222218,3.817777777777776,0.31666666666666665,3.299444444444442,1.5688888888888888,9,0.8833333333333333,0.0,338,35,6,12558578,"{""1"":0.31666666666666665,""2"":4.3525,""3"":5.454166666666666,""4"":10.542777777777776,""5"":11.15583333333333,""6"":12.087222222222216}",1
holdout/priced-middle/stake-first-fast,512103616,VICTORY,18.53638888888889,13.893888888888888,4.642500000000002,0.2125,2.4819444444444456,1.6775000000000015,8,0.8333333333333334,0.0,421,35,6,4232082,"{""1"":0.2125,""2"":6.545555555555554,""3"":9.317499999999997,""4"":13.228611111111112,""5"":13.893888888888888,""6"":15.885277777777778}",1
holdout/priced-middle/stake-first-fast,239778549,VICTORY,13.465833333333332,10.131111111111112,3.3347222222222204,0.2125,2.451388888888891,1.0866666666666673,6,0.6166666666666667,0.0,312,35,6,15103572,"{""1"":0.2125,""2"":3.038888888888889,""3"":8.155555555555555,""4"":8.159722222222221,""5"":10.9925,""6"":11.316666666666666}",1
holdout/priced-middle/stake-first-fast,2837050496,VICTORY,9.284166666666668,5.251944444444445,4.032222222222223,0.2125,1.0394444444444446,0.9616666666666674,12,1.25,0.0,232,35,6,5976900,"{""1"":0.2125,""2"":2.318611111111111,""3"":2.722777777777778,""4"":3.7622222222222224,""5"":5.251944444444445,""6"":7.718055555555556}",1
holdout/priced-middle/stake-first-fast,3415720938,VICTORY,16.880277777777778,13.355833333333331,3.5244444444444465,0.2125,1.5969444444444454,1.5083333333333333,11,1.1833333333333333,0.0,370,35,6,10998386,"{""1"":0.2125,""2"":4.490277777777778,""3"":8.053333333333336,""4"":12.85361111111111,""5"":13.359999999999998,""6"":14.757777777777777}",1
holdout/priced-middle/stake-first-fast,550806973,VICTORY,15.604444444444445,12.51472222222222,3.0897222222222247,0.2125,4.214166666666666,1.0927777777777787,9,0.9333333333333333,0.0,318,35,6,9998148,"{""1"":0.2125,""2"":2.371666666666667,""3"":6.947777777777777,""4"":11.41638888888889,""5"":12.952499999999997,""6"":13.530277777777775}",1
holdout/priced-middle/stake-first-fast,994059765,VICTORY,17.476111111111102,13.77777777777777,3.6983333333333324,0.2125,2.026388888888889,1.0236111111111124,9,0.85,0.0,369,35,6,17022202,"{""1"":0.2125,""2"":5.147777777777779,""3"":10.289722222222222,""4"":13.290833333333326,""5"":13.77777777777777,""6"":15.714999999999991}",1
holdout/priced-middle/stake-first-fast,1061776146,VICTORY,14.515833333333335,10.311388888888887,4.204444444444448,0.2125,1.635277777777779,0.8686111111111112,12,1.25,0.0,316,35,6,17918299,"{""1"":0.2125,""2"":3.9694444444444437,""3"":6.445277777777777,""4"":7.298333333333332,""5"":10.705555555555554,""6"":12.164166666666665}",1
holdout/priced-middle/stake-first-fast,1595467482,VICTORY,15.779722222222226,11.556111111111113,4.223611111111113,0.55,3.7783333333333347,1.2283333333333342,12,1.2166666666666666,0.0,381,35,6,10385503,"{""1"":0.55,""2"":3.5038888888888886,""3"":10.597222222222223,""4"":10.60138888888889,""5"":12.360000000000005,""6"":13.047222222222224}",1
holdout/priced-middle/stake-first-fast,585511098,VICTORY,13.663888888888893,8.80916666666667,4.8547222222222235,0.31666666666666665,2.215833333333335,1.6777777777777791,9,0.8833333333333333,0.0,374,35,6,9028208,"{""1"":0.31666666666666665,""2"":2.7075,""3"":3.801111111111111,""4"":8.80916666666667,""5"":10.102222222222226,""6"":11.241944444444448}",1
holdout/smooth-middle/cheapest-fast,441555945,VICTORY,10.6775,8.303055555555554,2.374444444444446,0.2125,1.541111111111111,1.02388888888889,9,0.9666666666666667,0.0,278,35,6,10479702,"{""1"":0.2125,""2"":0.39805555555555555,""3"":3.584444444444444,""4"":8.118611111111111,""5"":8.688055555555556,""6"":9.157777777777776}",1
holdout/smooth-middle/cheapest-fast,464748169,VICTORY,12.781944444444443,9.379722222222222,3.402222222222221,0.31666666666666665,1.623888888888889,1.1827777777777784,7,0.7333333333333333,0.0,378,35,6,16124594,"{""1"":0.31666666666666665,""2"":0.8847222222222222,""3"":2.595,""4"":7.063888888888888,""5"":9.577777777777778,""6"":10.82861111111111}",1
holdout/smooth-middle/cheapest-fast,3848369056,VICTORY,11.570277777777774,8.51388888888889,3.0563888888888844,0.31666666666666665,1.3797222222222225,1.272222222222221,13,1.3333333333333333,0.0,276,35,6,14727515,"{""1"":0.31666666666666665,""2"":1.7047222222222225,""3"":4.34,""4"":7.884444444444444,""5"":9.163055555555555,""6"":9.627777777777776}",1
holdout/smooth-middle/cheapest-fast,4212180545,VICTORY,11.352222222222222,7.267499999999999,4.084722222222223,0.2125,1.4125,1.0805555555555562,10,1.0,0.0,317,35,6,16423116,"{""1"":0.2125,""2"":0.225,""3"":0.8880555555555555,""4"":6.804722222222222,""5"":8.487777777777776,""6"":9.264999999999999}",1
holdout/smooth-middle/cheapest-fast,3857301336,VICTORY,13.770555555555555,9.953333333333335,3.8172222222222203,0.2125,2.1833333333333327,1.3616666666666675,8,0.85,0.0,367,35,6,13384985,"{""1"":0.2125,""2"":0.225,""3"":2.0280555555555555,""4"":9.513888888888888,""5"":10.528333333333334,""6"":11.446388888888889}",1
holdout/smooth-middle/cheapest-fast,1683199454,VICTORY,10.671666666666669,7.590277777777778,3.081388888888891,0.2125,1.375,0.7772222222222221,9,0.9166666666666666,0.0,271,35,6,4470325,"{""1"":0.2125,""2"":0.225,""3"":1.7194444444444443,""4"":7.183055555555556,""5"":8.503333333333334,""6"":9.076944444444447}",1
holdout/smooth-middle/cheapest-fast,493978338,VICTORY,12.35777777777778,8.920833333333333,3.436944444444448,0.2125,2.9875000000000003,1.1325000000000007,7,0.7666666666666667,0.0,321,35,6,1740422,"{""1"":0.2125,""2"":0.225,""3"":2.642777777777778,""4"":6.8883333333333345,""5"":9.378055555555557,""6"":10.120833333333335}",1
holdout/smooth-middle/cheapest-fast,1198863191,BARRY_LOSS,8.010277777777778,,,0.31666666666666665,1.5597222222222238,1.0544444444444432,10,1.0166666666666666,0.0,103,16,3,4046,"{""1"":0.31666666666666665,""2"":1.0858333333333334,""3"":2.4877777777777776}",1
holdout/smooth-middle/cheapest-fast,1777738494,VICTORY,14.064999999999998,10.395277777777777,3.669722222222221,0.2125,1.7930555555555554,1.3913888888888892,10,1.0666666666666667,0.0,371,35,6,6056852,"{""1"":0.2125,""2"":2.013888888888889,""3"":3.248888888888889,""4"":9.82611111111111,""5"":11.247777777777776,""6"":11.98972222222222}",1
holdout/smooth-middle/cheapest-fast,1586363365,VICTORY,7.141111111111111,3.81,3.331111111111111,0.2125,1.6963888888888883,1.0922222222222226,9,0.8833333333333333,0.0,210,35,6,5778171,"{""1"":0.2125,""2"":0.225,""3"":1.0494444444444444,""4"":3.596111111111111,""5"":4.39638888888889,""6"":5.049444444444445}",1
holdout/smooth-middle/cheapest-fast,2713578375,VICTORY,8.396111111111109,5.875555555555555,2.5205555555555543,0.2125,1.0058333333333331,0.9772222222222221,10,1.0333333333333334,0.0,225,35,6,2497344,"{""1"":0.2125,""2"":0.225,""3"":2.8444444444444446,""4"":5.6825,""5"":6.353333333333333,""6"":6.923888888888887}",1
holdout/smooth-middle/cheapest-fast,2585798195,VICTORY,12.821944444444446,9.418333333333331,3.4036111111111147,0.2125,2.2594444444444437,1.51138888888889,7,0.75,0.0,370,35,6,10371425,"{""1"":0.2125,""2"":0.225,""3"":1.065,""4"":8.580277777777777,""5"":10.055277777777777,""6"":10.48861111111111}",1
holdout/smooth-middle/cheapest-fast,1857291730,VICTORY,11.603888888888891,8.136944444444445,3.4669444444444455,0.2125,1.8030555555555552,0.9994444444444449,14,1.4166666666666667,0.0,303,35,6,4329281,"{""1"":0.2125,""2"":1.3133333333333335,""3"":2.7683333333333335,""4"":7.354166666666667,""5"":8.940555555555557,""6"":9.83361111111111}",1
holdout/smooth-middle/cheapest-fast,2732361777,VICTORY,8.868055555555554,5.647222222222222,3.2208333333333314,0.2125,1.6252777777777776,0.7744444444444459,9,0.9,0.0,256,35,6,4681219,"{""1"":0.2125,""2"":0.225,""3"":1.4077777777777778,""4"":4.8125,""5"":6.165277777777777,""6"":7.320555555555553}",2
holdout/smooth-middle/cheapest-fast,622120981,VICTORY,12.049444444444442,8.146944444444442,3.9025,0.31666666666666665,2.814999999999999,1.2100000000000022,10,0.95,0.0,336,35,6,4689068,"{""1"":0.31666666666666665,""2"":1.0730555555555554,""3"":2.6086111111111108,""4"":8.007499999999999,""5"":8.901388888888887,""6"":9.91083333333333}",1
holdout/smooth-middle/cheapest-fast,512103616,VICTORY,11.409722222222225,8.625,2.784722222222225,0.2125,2.531111111111111,1.2488888888888898,9,0.8833333333333333,0.0,320,35,6,13097232,"{""1"":0.2125,""2"":0.225,""3"":0.8736111111111112,""4"":6.948611111111111,""5"":8.738055555555555,""6"":9.43388888888889}",1
holdout/smooth-middle/cheapest-fast,239778549,VICTORY,10.459166666666668,7.21,3.2491666666666683,0.2125,1.1358333333333348,0.9772222222222221,6,0.6166666666666667,0.0,277,35,6,4758574,"{""1"":0.2125,""2"":0.225,""3"":2.0219444444444443,""4"":7.031944444444445,""5"":8.297777777777778,""6"":8.6875}",1
holdout/smooth-middle/cheapest-fast,2837050496,VICTORY,10.565000000000001,7.769722222222224,2.795277777777777,0.2125,1.226666666666667,0.8497222222222225,8,0.8,0.0,294,35,6,11296776,"{""1"":0.2125,""2"":0.225,""3"":1.2283333333333333,""4"":6.282500000000001,""5"":8.077222222222224,""6"":8.850833333333336}",1
holdout/smooth-middle/cheapest-fast,3415720938,VICTORY,8.521666666666667,4.906666666666666,3.615,0.2125,1.1344444444444448,1.0163888888888881,8,0.7833333333333333,0.0,262,35,6,10347604,"{""1"":0.2125,""2"":0.225,""3"":1.1219444444444444,""4"":4.708055555555556,""5"":5.812222222222222,""6"":6.470555555555555}",1
holdout/smooth-middle/cheapest-fast,550806973,VICTORY,13.044444444444443,9.949166666666665,3.0952777777777776,0.2125,2.1094444444444442,1.1661111111111115,8,0.8166666666666667,0.0,316,35,6,11150997,"{""1"":0.2125,""2"":0.225,""3"":2.020555555555555,""4"":9.663611111111111,""5"":10.82333333333333,""6"":11.134166666666664}",1
holdout/smooth-middle/cheapest-fast,994059765,VICTORY,13.65361111111111,9.755555555555556,3.898055555555553,0.2125,2.8666666666666676,1.0905555555555546,7,0.7333333333333333,0.0,369,35,6,10437904,"{""1"":0.2125,""2"":0.225,""3"":2.221388888888889,""4"":9.533055555555556,""5"":11.04861111111111,""6"":11.870000000000001}",1
holdout/smooth-middle/cheapest-fast,1061776146,VICTORY,11.36027777777778,8.610555555555557,2.749722222222223,0.2125,2.4597222222222226,0.9544444444444442,12,1.2,0.0,271,35,6,5347565,"{""1"":0.2125,""2"":0.225,""3"":3.112777777777778,""4"":7.441388888888891,""5"":9.036666666666669,""6"":9.784444444444448}",1
holdout/smooth-middle/cheapest-fast,1595467482,VICTORY,12.118055555555559,8.80416666666667,3.313888888888888,0.55,1.526111111111112,1.324444444444445,11,1.0666666666666667,0.0,338,35,6,4720692,"{""1"":0.55,""2"":0.5625,""3"":2.278888888888889,""4"":8.606666666666667,""5"":9.357222222222225,""6"":10.214444444444446}",1
holdout/smooth-middle/cheapest-fast,585511098,VICTORY,8.445277777777777,4.787222222222223,3.6580555555555545,0.31666666666666665,1.1519444444444444,1.0913888888888883,6,0.5833333333333334,0.0,261,35,6,4335742,"{""1"":0.31666666666666665,""2"":0.9327777777777777,""3"":1.755,""4"":4.0663888888888895,""5"":5.6975,""6"":6.524166666666665}",1
holdout/smooth-middle/income-path-fast,441555945,VICTORY,18.89666666666666,16.169999999999998,2.726666666666663,0.2125,3.567500000000001,1.578333333333334,9,0.9166666666666666,0.0,428,30,6,1542626,"{""1"":4.467777777777779,""2"":4.471944444444445,""3"":10.65694444444445,""4"":15.358055555555552,""5"":16.442222222222217,""6"":17.318333333333328}",1
holdout/smooth-middle/income-path-fast,464748169,VICTORY,13.615,10.809999999999999,2.8050000000000015,0.31666666666666665,2.036111111111111,2.0422222222222235,7,0.6833333333333333,0.0,369,31,6,7827513,"{""1"":1.793888888888889,""2"":1.7980555555555557,""3"":2.276388888888889,""4"":8.48222222222222,""5"":11.005833333333332,""6"":11.572777777777777}",1
holdout/smooth-middle/income-path-fast,3848369056,HP_DEATH,4.713333333333334,,,0.31666666666666665,1.3950000000000002,0.33194444444444476,12,1.2,0.0,58,13,3,0,"{""1"":2.001388888888889,""2"":2.0055555555555555,""3"":2.118055555555556}",1
holdout/smooth-middle/income-path-fast,4212180545,VICTORY,18.760555555555552,15.736111111111109,3.024444444444443,0.2125,3.2475000000000005,1.264166666666665,11,1.0666666666666667,0.0,438,30,6,1720944,"{""1"":4.3372222222222225,""2"":4.341388888888889,""3"":4.719999999999999,""4"":14.849999999999998,""5"":16.387777777777774,""6"":17.496388888888887}",1
holdout/smooth-middle/income-path-fast,3857301336,VICTORY,16.327777777777776,13.090833333333332,3.2369444444444433,0.2125,3.3311111111111114,1.930555555555558,10,1.0166666666666666,0.0,410,31,6,1960851,"{""1"":8.986111111111112,""2"":9.089166666666669,""3"":9.812777777777779,""4"":12.385277777777778,""5"":13.609166666666663,""6"":14.397222222222217}",1
holdout/smooth-middle/income-path-fast,1683199454,VICTORY,13.247500000000002,11.11138888888889,2.136111111111113,0.2125,2.1144444444444446,1.1313888888888906,10,1.0,0.0,290,31,6,7355786,"{""1"":5.770555555555556,""2"":7.822222222222223,""3"":7.826388888888889,""4"":10.927222222222223,""5"":11.312777777777779,""6"":12.026944444444444}",1
holdout/smooth-middle/income-path-fast,493978338,VICTORY,10.908333333333333,8.311388888888889,2.5969444444444445,0.2125,3.2430555555555554,1.3138888888888876,10,1.05,0.0,278,32,6,15459940,"{""1"":0.8019444444444445,""2"":1.5391666666666666,""3"":1.5433333333333332,""4"":7.766111111111111,""5"":8.675833333333333,""6"":9.490277777777779}",1
holdout/smooth-middle/income-path-fast,1198863191,VICTORY,19.526944444444442,17.02805555555555,2.4988888888888923,0.31666666666666665,4.431944444444444,1.1250000000000038,12,1.1666666666666667,0.0,387,31,6,3369626,"{""1"":7.929999999999999,""2"":8.107499999999998,""3"":9.83333333333333,""4"":16.455555555555552,""5"":17.44277777777777,""6"":17.68083333333333}",1
holdout/smooth-middle/income-path-fast,1777738494,VICTORY,17.199444444444445,13.771944444444447,3.4274999999999984,0.2125,3.004444444444445,1.6588888888888864,11,1.1166666666666667,0.0,381,31,6,3080877,"{""1"":7.595555555555557,""2"":7.852500000000001,""3"":8.419166666666667,""4"":12.456944444444446,""5"":14.99305555555556,""6"":15.540555555555558}",1
holdout/smooth-middle/income-path-fast,1586363365,VICTORY,18.239722222222213,15.931111111111102,2.3086111111111105,0.2125,4.698055555555555,1.4780555555555546,7,0.75,0.0,414,30,6,9192651,"{""1"":7.735277777777777,""2"":8.184166666666666,""3"":8.664166666666665,""4"":15.011111111111102,""5"":16.103333333333325,""6"":16.76166666666666}",1
holdout/smooth-middle/income-path-fast,2713578375,VICTORY,20.434722222222213,17.46472222222222,2.9699999999999918,0.2125,5.975555555555556,2.1799999999999953,10,1.0166666666666666,0.0,471,30,6,9729939,"{""1"":11.883888888888889,""2"":12.065555555555555,""3"":13.798055555555555,""4"":16.367222222222225,""5"":17.6375,""6"":18.254722222222217}",1
holdout/smooth-middle/income-path-fast,2585798195,VICTORY,15.65944444444445,13.686388888888894,1.9730555555555558,0.2125,2.6855555555555566,1.3166666666666667,9,0.9666666666666667,0.0,341,31,6,588336,"{""1"":3.7880555555555557,""2"":4.1097222222222225,""3"":5.033055555555555,""4"":11.57555555555556,""5"":14.042500000000006,""6"":14.22944444444445}",1
holdout/smooth-middle/income-path-fast,1857291730,VICTORY,19.05972222222221,16.38749999999999,2.6722222222222207,0.2125,3.6772222222222206,1.418333333333332,9,0.9166666666666666,0.0,444,30,6,7413568,"{""1"":6.198055555555554,""2"":6.750277777777776,""3"":7.146944444444442,""4"":16.193055555555546,""5"":16.68749999999999,""6"":17.641388888888876}",1
holdout/smooth-middle/income-path-fast,2732361777,VICTORY,12.239722222222222,9.350555555555555,2.889166666666666,0.2125,1.6441666666666663,1.0047222222222216,4,0.38333333333333336,0.0,292,32,6,7878734,"{""1"":1.1780555555555554,""2"":1.6144444444444441,""3"":1.6186111111111108,""4"":8.685,""5"":10.431666666666667,""6"":11.03611111111111}",1
holdout/smooth-middle/income-path-fast,622120981,VICTORY,17.87583333333333,14.39666666666666,3.4791666666666696,0.31666666666666665,2.947222222222222,1.4127777777777775,11,1.05,0.0,417,31,6,4673782,"{""1"":7.484166666666665,""2"":7.4883333333333315,""3"":7.8263888888888875,""4"":14.199999999999994,""5"":15.216944444444438,""6"":16.463055555555552}",1
holdout/smooth-middle/income-path-fast,512103616,VICTORY,18.03888888888889,15.390833333333335,2.6480555555555565,0.2125,6.569722222222221,1.4486111111111124,10,0.9833333333333333,0.0,410,31,6,7602886,"{""1"":10.36472222222222,""2"":10.368888888888886,""3"":10.991388888888887,""4"":14.10972222222222,""5"":15.739166666666668,""6"":16.59027777777778}",1
holdout/smooth-middle/income-path-fast,239778549,VICTORY,16.682222222222222,14.056388888888888,2.6258333333333344,0.2125,2.3105555555555553,0.9988888888888899,8,0.8666666666666667,0.0,342,32,6,3442397,"{""1"":7.078611111111112,""2"":7.73,""3"":9.450277777777778,""4"":13.7125,""5"":14.25361111111111,""6"":15.059166666666666}",1
holdout/smooth-middle/income-path-fast,2837050496,VICTORY,15.93166666666667,12.948055555555559,2.983611111111111,0.2125,3.6450000000000005,1.7755555555555531,6,0.5833333333333334,0.0,364,31,6,2190094,"{""1"":4.237222222222223,""2"":4.241388888888889,""3"":5.621388888888888,""4"":12.00194444444445,""5"":13.260277777777782,""6"":14.156111111111118}",1
holdout/smooth-middle/income-path-fast,3415720938,VICTORY,14.01611111111111,11.094444444444443,2.921666666666667,0.2125,2.6947222222222202,1.3558333333333337,7,0.6833333333333333,0.0,342,30,6,1807621,"{""1"":1.3686111111111112,""2"":1.462777777777778,""3"":2.735833333333334,""4"":10.615,""5"":11.43222222222222,""6"":12.660277777777775}",1
holdout/smooth-middle/income-path-fast,550806973,VICTORY,16.504166666666666,13.979166666666664,2.525000000000002,0.2125,5.438888888888888,1.0855555555555554,9,0.8333333333333334,0.0,361,31,6,5394753,"{""1"":9.031388888888888,""2"":9.035555555555554,""3"":10.58972222222222,""4"":13.866944444444442,""5"":14.863055555555553,""6"":15.41861111111111}",1
holdout/smooth-middle/income-path-fast,994059765,VICTORY,15.661111111111119,11.723888888888892,3.9372222222222266,0.2125,2.1475000000000017,1.1322222222222214,8,0.8666666666666667,0.0,341,32,6,9282486,"{""1"":1.3291666666666666,""2"":1.4116666666666666,""3"":1.5658333333333334,""4"":11.723888888888892,""5"":13.747500000000008,""6"":14.346666666666675}",1
holdout/smooth-middle/income-path-fast,1061776146,VICTORY,13.958611111111104,11.191666666666661,2.7669444444444427,0.2125,2.457222222222222,1.9366666666666674,8,0.8,0.0,351,31,6,4969753,"{""1"":3.164166666666667,""2"":3.7041666666666666,""3"":5.545277777777776,""4"":9.876388888888886,""5"":11.323611111111104,""6"":11.90638888888888}",1
holdout/smooth-middle/income-path-fast,1595467482,VICTORY,12.761111111111115,10.118055555555555,2.6430555555555593,0.55,1.8600000000000014,1.2919444444444461,10,0.9666666666666667,0.0,300,31,6,2204044,"{""1"":1.6361111111111108,""2"":1.6402777777777777,""3"":1.8208333333333333,""4"":9.066944444444443,""5"":10.646944444444445,""6"":11.469166666666668}",1
holdout/smooth-middle/income-path-fast,585511098,VICTORY,15.567222222222224,12.51888888888889,3.048333333333334,0.31666666666666665,2.2633333333333328,2.1100000000000003,11,1.0833333333333333,0.0,380,30,6,12549443,"{""1"":5.631388888888888,""2"":6.518055555555555,""3"":6.879722222222222,""4"":12.191388888888891,""5"":13.135,""6"":13.457222222222223}",1
holdout/smooth-middle/income-path-insurance-fast,441555945,VICTORY,18.0575,15.546388888888888,2.511111111111113,0.2125,3.7891666666666666,1.5955555555555576,7,0.65,0.0,413,35,6,5755040,"{""1"":4.739999999999999,""2"":4.9880555555555555,""3"":10.088333333333333,""4"":13.601388888888888,""5"":15.755833333333333,""6"":16.240555555555556}",1
holdout/smooth-middle/income-path-insurance-fast,464748169,VICTORY,16.856111111111108,12.789722222222222,4.066388888888886,0.31666666666666665,2.3741666666666665,2.1449999999999987,10,0.95,0.0,414,34,6,4882949,"{""1"":4.260277777777778,""2"":4.961111111111111,""3"":6.538333333333335,""4"":12.585,""5"":14.331944444444442,""6"":14.588333333333331}",1
holdout/smooth-middle/income-path-insurance-fast,3848369056,VICTORY,10.789722222222219,8.08222222222222,2.707499999999998,0.31666666666666665,1.1069444444444445,1.3224999999999985,10,1.0333333333333334,0.0,248,33,6,6792700,"{""1"":2.811388888888889,""2"":3.0744444444444445,""3"":3.1702777777777778,""4"":6.902222222222221,""5"":8.720277777777776,""6"":9.357499999999996}",1
holdout/smooth-middle/income-path-insurance-fast,4212180545,VICTORY,22.14138888888889,18.605277777777776,3.536111111111115,0.2125,4.231944444444443,1.5505555555555588,14,1.4833333333333334,0.0,447,33,6,7761768,"{""1"":10.005833333333332,""2"":10.56333333333333,""3"":11.16611111111111,""4"":18.493055555555554,""5"":19.28055555555556,""6"":20.59083333333333}",1
holdout/smooth-middle/income-path-insurance-fast,3857301336,VICTORY,22.043611111111105,18.03111111111111,4.012499999999996,0.2125,6.971388888888888,1.349444444444445,9,0.85,0.0,509,35,6,3826969,"{""1"":11.695555555555554,""2"":11.69972222222222,""3"":12.677499999999998,""4"":17.538888888888888,""5"":19.17444444444444,""6"":20.504999999999995}",1
holdout/smooth-middle/income-path-insurance-fast,1683199454,VICTORY,15.194166666666673,12.57833333333334,2.615833333333333,0.2125,2.89,1.3441666666666663,13,1.2,0.0,319,34,6,1253110,"{""1"":7.918333333333334,""2"":8.018055555555556,""3"":8.113888888888889,""4"":12.165000000000004,""5"":13.375555555555563,""6"":13.850000000000007}",1
holdout/smooth-middle/income-path-insurance-fast,493978338,VICTORY,19.6425,17.774722222222227,1.8677777777777713,0.2125,4.468888888888892,1.0316666666666643,8,0.8,0.0,430,34,6,13805316,"{""1"":10.160555555555558,""2"":10.788055555555555,""3"":12.020000000000003,""4"":17.485555555555557,""5"":17.897222222222226,""6"":18.219444444444445}",1
holdout/smooth-middle/income-path-insurance-fast,1198863191,VICTORY,13.513611111111109,9.761666666666665,3.751944444444444,0.31666666666666665,1.7502777777777765,1.7911111111111098,10,0.9833333333333333,0.0,352,34,6,3114138,"{""1"":2.8958333333333335,""2"":3.3444444444444446,""3"":3.3486111111111114,""4"":9.245277777777776,""5"":10.753055555555553,""6"":11.722499999999998}",1
holdout/smooth-middle/income-path-insurance-fast,1777738494,VICTORY,18.62944444444445,15.256111111111117,3.3733333333333313,0.2125,4.9775,1.6572222222222195,10,1.0166666666666666,0.0,388,34,6,7466634,"{""1"":8.535555555555556,""2"":8.749722222222223,""3"":8.75388888888889,""4"":13.803333333333336,""5"":16.351666666666674,""6"":16.97222222222223}",1
holdout/smooth-middle/income-path-insurance-fast,1586363365,VICTORY,19.88916666666666,17.13166666666666,2.7575000000000003,0.2125,3.2377777777777776,1.4694444444444457,14,1.45,0.0,453,33,6,15874515,"{""1"":6.82388888888889,""2"":7.549166666666668,""3"":8.776944444444446,""4"":16.218888888888884,""5"":17.77305555555555,""6"":18.419722222222216}",1
holdout/smooth-middle/income-path-insurance-fast,2713578375,VICTORY,21.778055555555547,18.734166666666663,3.0438888888888833,0.2125,4.1197222222222205,1.9349999999999985,9,0.8833333333333333,0.0,477,33,6,7417156,"{""1"":7.056944444444443,""2"":7.929722222222221,""3"":7.933888888888887,""4"":16.96694444444444,""5"":18.898611111111105,""6"":19.843055555555548}",1
holdout/smooth-middle/income-path-insurance-fast,2585798195,VICTORY,23.34861111111111,20.52305555555556,2.825555555555553,0.2125,5.0441666666666665,1.4349999999999985,10,1.0,0.0,498,33,6,762328,"{""1"":11.64833333333333,""2"":11.943888888888885,""3"":13.73694444444444,""4"":19.488888888888887,""5"":20.851388888888888,""6"":21.913611111111113}",1
holdout/smooth-middle/income-path-insurance-fast,1857291730,VICTORY,16.216111111111115,13.670833333333336,2.5452777777777786,0.2125,2.572777777777778,1.6811111111111132,8,0.8333333333333334,0.0,386,33,6,1643218,"{""1"":2.5008333333333335,""2"":3.4008333333333334,""3"":3.4050000000000002,""4"":12.319444444444445,""5"":13.996388888888893,""6"":14.535000000000002}",1
holdout/smooth-middle/income-path-insurance-fast,2732361777,VICTORY,12.468611111111109,10.295277777777777,2.173333333333332,0.2125,2.1780555555555554,1.2905555555555546,6,0.5666666666666667,0.0,296,32,6,1867898,"{""1"":1.508888888888889,""2"":1.5130555555555556,""3"":3.8352777777777773,""4"":9.536944444444442,""5"":10.737499999999999,""6"":11.178055555555554}",1
holdout/smooth-middle/income-path-insurance-fast,622120981,VICTORY,13.729166666666664,10.40722222222222,3.321944444444444,0.31666666666666665,3.0433333333333326,1.3891666666666689,9,0.9666666666666667,0.0,331,35,6,5514122,"{""1"":2.3088888888888883,""2"":2.313055555555555,""3"":2.5086111111111107,""4"":10.056388888888886,""5"":11.750833333333329,""6"":12.04694444444444}",1
holdout/smooth-middle/income-path-insurance-fast,512103616,VICTORY,22.62833333333333,19.59444444444444,3.033888888888889,0.2125,4.968055555555555,1.813611111111114,16,1.5833333333333333,0.0,463,34,6,7992675,"{""1"":11.886111111111108,""2"":11.890277777777774,""3"":12.318055555555553,""4"":19.12833333333333,""5"":20.17472222222222,""6"":20.814722222222215}",1
holdout/smooth-middle/income-path-insurance-fast,239778549,VICTORY,16.74416666666666,14.01666666666666,2.727500000000001,0.2125,7.733333333333332,1.110833333333335,8,0.7833333333333333,0.0,366,34,6,4123037,"{""1"":8.69972222222222,""2"":8.973055555555554,""3"":9.828888888888885,""4"":13.367499999999994,""5"":14.872499999999993,""6"":15.451388888888882}",1
holdout/smooth-middle/income-path-insurance-fast,2837050496,VICTORY,15.733333333333341,12.904444444444453,2.828888888888889,0.2125,1.852777777777778,2.019722222222223,8,0.8,0.0,365,34,6,4545896,"{""1"":3.700277777777778,""2"":4.525277777777778,""3"":5.479722222222222,""4"":12.018611111111117,""5"":13.173611111111118,""6"":13.713611111111117}",1
holdout/smooth-middle/income-path-insurance-fast,3415720938,VICTORY,16.39444444444444,13.023611111111109,3.37083333333333,0.2125,4.0227777777777725,1.5272222222222203,9,0.9166666666666666,0.0,358,33,6,2345258,"{""1"":2.904166666666667,""2"":4.593333333333334,""3"":4.787222222222223,""4"":12.617222222222217,""5"":14.24472222222222,""6"":14.86722222222222}",1
holdout/smooth-middle/income-path-insurance-fast,550806973,VICTORY,15.203055555555549,12.884444444444439,2.3186111111111103,0.2125,2.3769444444444447,1.0902777777777772,10,1.0333333333333334,0.0,338,35,6,9812079,"{""1"":6.099722222222224,""2"":6.369166666666668,""3"":7.513055555555557,""4"":12.632777777777774,""5"":13.322222222222218,""6"":13.943333333333328}",1
holdout/smooth-middle/income-path-insurance-fast,994059765,VICTORY,23.684166666666655,20.82888888888888,2.8552777777777756,0.2125,6.526666666666663,1.3213888888888883,11,1.05,0.0,472,34,6,10980536,"{""1"":11.236666666666663,""2"":11.334166666666665,""3"":13.483888888888885,""4"":20.641944444444437,""5"":21.76027777777777,""6"":22.362777777777765}",1
holdout/smooth-middle/income-path-insurance-fast,1061776146,VICTORY,15.916666666666657,12.083611111111106,3.8330555555555517,0.2125,1.811388888888889,1.8561111111111093,10,0.9666666666666667,0.0,397,34,6,4199768,"{""1"":3.348888888888889,""2"":3.6058333333333334,""3"":4.881388888888889,""4"":11.66166666666666,""5"":12.663611111111104,""6"":14.060555555555547}",1
holdout/smooth-middle/income-path-insurance-fast,1595467482,VICTORY,20.391666666666673,17.762222222222228,2.629444444444445,0.55,2.2547222222222234,1.3338888888888922,12,1.2,0.0,474,34,6,5348253,"{""1"":3.4122222222222223,""2"":4.067777777777779,""3"":8.074166666666667,""4"":15.042500000000006,""5"":18.124444444444453,""6"":18.88777777777778}",1
holdout/smooth-middle/income-path-insurance-fast,585511098,VICTORY,11.806111111111111,8.501944444444444,3.304166666666667,0.31666666666666665,1.2408333333333341,1.176666666666667,13,1.2666666666666666,0.0,274,33,6,1905103,"{""1"":2.6008333333333336,""2"":2.605,""3"":3.1041666666666665,""4"":7.197222222222222,""5"":9.50361111111111,""6"":10.629444444444443}",1
holdout/smooth-middle/insurance-first-fast,441555945,VICTORY,11.688611111111111,9.238888888888887,2.449722222222224,0.2125,1.3519444444444446,1.0197222222222233,15,1.45,0.0,277,38,6,15493497,"{""1"":0.22083333333333333,""2"":0.5105555555555555,""3"":3.9283333333333332,""4"":8.814444444444442,""5"":9.740555555555556,""6"":10.046111111111111}",1
holdout/smooth-middle/insurance-first-fast,464748169,VICTORY,9.23638888888889,4.8358333333333325,4.400555555555557,0.31666666666666665,1.515555555555555,1.2013888888888904,10,1.0,0.0,266,38,6,10389505,"{""1"":0.325,""2"":0.6583333333333333,""3"":1.288888888888889,""4"":4.6288888888888895,""5"":6.38111111111111,""6"":7.134166666666666}",1
holdout/smooth-middle/insurance-first-fast,3848369056,VICTORY,9.288055555555554,6.306944444444443,2.981111111111111,0.31666666666666665,1.5286111111111111,0.8555555555555553,11,1.1,0.0,230,38,6,3755990,"{""1"":0.325,""2"":2.095,""3"":2.774444444444444,""4"":6.1724999999999985,""5"":6.9288888888888875,""6"":7.7141666666666655}",1
holdout/smooth-middle/insurance-first-fast,4212180545,VICTORY,15.32888888888889,12.004722222222224,3.3241666666666667,0.2125,3.428333333333335,0.8713888888888884,14,1.4333333333333333,0.0,335,38,6,10917463,"{""1"":0.22083333333333333,""2"":2.2233333333333336,""3"":3.7405555555555554,""4"":11.49138888888889,""5"":12.85638888888889,""6"":13.76666666666667}",1
holdout/smooth-middle/insurance-first-fast,3857301336,VICTORY,16.375277777777782,12.374166666666671,4.001111111111111,0.2125,3.811944444444445,1.5536111111111117,8,0.8333333333333334,0.0,397,38,6,2295738,"{""1"":0.22083333333333333,""2"":0.7561111111111111,""3"":2.1413888888888892,""4"":11.944166666666671,""5"":12.729722222222227,""6"":14.164444444444449}",1
holdout/smooth-middle/insurance-first-fast,1683199454,VICTORY,11.666944444444443,8.989444444444443,2.6775,0.2125,1.3486111111111105,0.6805555555555542,10,0.9833333333333333,0.0,278,38,6,12669722,"{""1"":0.22083333333333333,""2"":0.5144444444444445,""3"":2.9255555555555555,""4"":8.489444444444443,""5"":9.738333333333333,""6"":10.284722222222223}",1
holdout/smooth-middle/insurance-first-fast,493978338,VICTORY,13.90194444444444,10.561944444444443,3.339999999999998,0.2125,2.0883333333333325,1.1330555555555557,8,0.8,0.0,345,38,6,10712339,"{""1"":0.22083333333333333,""2"":0.5077777777777778,""3"":4.030277777777778,""4"":10.118611111111111,""5"":11.31444444444444,""6"":12.206944444444442}",1
holdout/smooth-middle/insurance-first-fast,1198863191,VICTORY,13.057222222222228,8.895555555555555,4.161666666666672,0.31666666666666665,1.9183333333333337,1.0769444444444445,13,1.3333333333333333,0.0,351,38,6,11377740,"{""1"":0.325,""2"":0.5802777777777777,""3"":4.3036111111111115,""4"":8.136666666666667,""5"":9.597222222222223,""6"":11.049722222222224}",1
holdout/smooth-middle/insurance-first-fast,1777738494,VICTORY,14.18388888888889,11.288333333333334,2.895555555555555,0.2125,2.9911111111111106,0.9274999999999997,6,0.6333333333333333,0.0,320,38,6,11609962,"{""1"":0.22083333333333333,""2"":0.42916666666666664,""3"":4.425,""4"":11.165555555555557,""5"":11.916944444444445,""6"":12.452222222222222}",1
holdout/smooth-middle/insurance-first-fast,1586363365,VICTORY,15.944722222222225,12.365833333333335,3.5788888888888906,0.2125,1.7047222222222222,0.9694444444444457,7,0.7333333333333333,0.0,411,38,6,5437029,"{""1"":0.22083333333333333,""2"":0.5127777777777778,""3"":4.8625,""4"":11.528333333333334,""5"":13.598333333333334,""6"":14.29527777777778}",1
holdout/smooth-middle/insurance-first-fast,2713578375,VICTORY,10.122499999999999,7.097499999999999,3.0249999999999995,0.2125,1.4897222222222222,0.9724999999999985,14,1.3833333333333333,0.0,232,38,6,14089497,"{""1"":0.22083333333333333,""2"":0.9830555555555557,""3"":3.372777777777778,""4"":6.674166666666666,""5"":7.697222222222222,""6"":8.365833333333333}",1
holdout/smooth-middle/insurance-first-fast,2585798195,VICTORY,13.944722222222222,10.562222222222223,3.3824999999999985,0.2125,1.697777777777777,1.6383333333333345,9,0.95,0.0,368,38,6,6954347,"{""1"":0.22083333333333333,""2"":0.798888888888889,""3"":2.2361111111111116,""4"":9.215277777777779,""5"":10.975277777777778,""6"":11.380833333333332}",1
holdout/smooth-middle/insurance-first-fast,1857291730,VICTORY,15.376388888888886,11.46361111111111,3.9127777777777766,0.2125,2.1925000000000012,1.2,13,1.2833333333333334,0.0,370,38,6,3786607,"{""1"":0.22083333333333333,""2"":0.5125,""3"":3.943611111111111,""4"":11.335555555555555,""5"":12.240555555555552,""6"":13.244999999999997}",1
holdout/smooth-middle/insurance-first-fast,2732361777,VICTORY,10.989444444444443,6.997499999999999,3.991944444444444,0.2125,1.9524999999999997,0.7955555555555558,10,1.05,0.0,275,38,6,924645,"{""1"":0.22083333333333333,""2"":0.3044444444444444,""3"":2.291111111111111,""4"":6.29361111111111,""5"":8.407499999999999,""6"":9.584444444444443}",1
holdout/smooth-middle/insurance-first-fast,622120981,VICTORY,14.95666666666666,11.147777777777774,3.8088888888888857,0.31666666666666665,2.9208333333333316,1.1672222222222217,12,1.3,0.0,345,38,6,5893135,"{""1"":1.5438888888888889,""2"":1.6324999999999998,""3"":3.8908333333333336,""4"":10.814722222222219,""5"":11.914444444444438,""6"":12.634999999999994}",1
holdout/smooth-middle/insurance-first-fast,512103616,VICTORY,18.965555555555557,14.501944444444442,4.463611111111115,0.2125,3.0325,1.5400000000000016,16,1.6166666666666667,0.0,415,38,6,8545146,"{""1"":0.22083333333333333,""2"":0.5130555555555555,""3"":6.938888888888889,""4"":14.048333333333334,""5"":15.44222222222222,""6"":16.341388888888886}",1
holdout/smooth-middle/insurance-first-fast,239778549,VICTORY,9.689722222222224,6.517777777777778,3.1719444444444465,0.2125,1.2063888888888887,1.0072222222222231,7,0.7166666666666667,0.0,274,38,6,6056072,"{""1"":0.22083333333333333,""2"":0.3902777777777778,""3"":2.6794444444444445,""4"":6.242222222222222,""5"":7.4825,""6"":7.900555555555556}",1
holdout/smooth-middle/insurance-first-fast,2837050496,VICTORY,12.347499999999997,9.89722222222222,2.4502777777777762,0.2125,2.0316666666666663,0.7527777777777771,7,0.7,0.0,285,38,6,9348365,"{""1"":0.22083333333333333,""2"":1.0472222222222223,""3"":2.495833333333333,""4"":9.697777777777777,""5"":10.290833333333332,""6"":10.794999999999998}",1
holdout/smooth-middle/insurance-first-fast,3415720938,VICTORY,13.920277777777779,10.681666666666668,3.23861111111111,0.2125,4.647499999999998,1.0680555555555542,7,0.7166666666666667,0.0,358,38,6,335079,"{""1"":0.22083333333333333,""2"":0.5175,""3"":2.097777777777778,""4"":8.519444444444444,""5"":11.100833333333334,""6"":12.103888888888891}",1
holdout/smooth-middle/insurance-first-fast,550806973,VICTORY,13.864444444444443,10.818888888888887,3.0455555555555556,0.2125,3.231944444444443,1.4344444444444435,13,1.3333333333333333,0.0,314,38,6,9593342,"{""1"":0.22083333333333333,""2"":0.9616666666666667,""3"":4.742777777777777,""4"":10.508055555555554,""5"":11.416666666666664,""6"":11.85611111111111}",1
holdout/smooth-middle/insurance-first-fast,994059765,VICTORY,13.78222222222222,10.164166666666665,3.6180555555555554,0.2125,1.8083333333333325,0.9711111111111108,12,1.2166666666666666,0.0,355,38,6,12611754,"{""1"":0.22083333333333333,""2"":0.5947222222222222,""3"":3.7019444444444445,""4"":9.916666666666666,""5"":10.648333333333333,""6"":12.127499999999998}",1
holdout/smooth-middle/insurance-first-fast,1061776146,VICTORY,12.341944444444444,10.121666666666666,2.2202777777777776,0.2125,2.030277777777777,0.6797222222222236,7,0.6833333333333333,0.0,317,38,6,5448675,"{""1"":0.22083333333333333,""2"":0.5227777777777778,""3"":3.436944444444445,""4"":8.54833333333333,""5"":10.471944444444443,""6"":11.008055555555554}",1
holdout/smooth-middle/insurance-first-fast,1595467482,VICTORY,16.174166666666665,11.916111111111116,4.258055555555549,0.55,2.3133333333333326,1.0941666666666643,11,1.0833333333333333,0.0,454,38,6,6564645,"{""1"":0.5583333333333333,""2"":1.3930555555555557,""3"":4.1466666666666665,""4"":10.941111111111114,""5"":13.327222222222225,""6"":14.165833333333335}",1
holdout/smooth-middle/insurance-first-fast,585511098,VICTORY,14.669166666666662,11.038611111111113,3.6305555555555493,0.31666666666666665,2.2138888888888886,1.5974999999999986,11,1.2,0.0,371,38,6,8094525,"{""1"":1.0716666666666665,""2"":1.347222222222222,""3"":3.733333333333334,""4"":10.725833333333334,""5"":12.045555555555556,""6"":12.496944444444443}",1
holdout/smooth-middle/skip-late-stakes-fast,441555945,VICTORY,30.946388888888897,8.138333333333332,22.808055555555566,0.2125,3.173333333333333,11.112500000000008,9,0.9666666666666667,0.0,1420,32,3,324224,"{""1"":0.2125,""2"":0.39805555555555555,""3"":3.584444444444444}",1
holdout/smooth-middle/skip-late-stakes-fast,464748169,VICTORY,31.182222222222215,9.800555555555555,21.38166666666666,0.31666666666666665,2.6358333333333386,10.219999999999994,7,0.7333333333333333,0.0,1410,32,3,994999,"{""1"":0.31666666666666665,""2"":0.8847222222222222,""3"":2.595}",1
holdout/smooth-middle/skip-late-stakes-fast,3848369056,VICTORY,29.1061111111111,9.224166666666667,19.881944444444436,0.31666666666666665,2.7491666666666656,10.319444444444441,13,1.3333333333333333,0.0,1260,32,3,99506,"{""1"":0.31666666666666665,""2"":1.7047222222222225,""3"":4.34}",1
holdout/smooth-middle/skip-late-stakes-fast,4212180545,VICTORY,32.281111111111116,8.041944444444443,24.239166666666673,0.2125,2.948333333333331,14.244166666666668,10,1.0,0.0,1503,32,3,878355,"{""1"":0.2125,""2"":0.225,""3"":0.8880555555555555}",1
holdout/smooth-middle/skip-late-stakes-fast,3857301336,VICTORY,32.511944444444445,10.72638888888889,21.785555555555554,0.2125,3.280555555555554,11.328611111111108,8,0.85,0.0,1429,32,3,1408794,"{""1"":0.2125,""2"":0.225,""3"":2.0280555555555555}",1
holdout/smooth-middle/skip-late-stakes-fast,1683199454,VICTORY,26.773055555555565,8.86416666666667,17.908888888888896,0.2125,2.417777777777777,10.240555555555563,9,0.9166666666666666,0.0,1171,32,3,525200,"{""1"":0.2125,""2"":0.225,""3"":1.7194444444444443}",1
holdout/smooth-middle/skip-late-stakes-fast,493978338,VICTORY,26.44583333333333,8.950000000000001,17.49583333333333,0.2125,2.9875000000000003,9.274999999999997,7,0.7666666666666667,0.0,1189,32,3,1625166,"{""1"":0.2125,""2"":0.225,""3"":2.642777777777778}",1
holdout/smooth-middle/skip-late-stakes-fast,1198863191,BARRY_LOSS,8.010277777777778,,,0.31666666666666665,1.5597222222222238,1.0544444444444432,10,1.0166666666666666,0.0,103,16,3,4046,"{""1"":0.31666666666666665,""2"":1.0858333333333334,""3"":2.4877777777777776}",1
holdout/smooth-middle/skip-late-stakes-fast,1777738494,VICTORY,31.588611111111106,11.362777777777776,20.22583333333333,0.2125,2.914999999999998,11.174722222222226,10,1.0666666666666667,0.0,1323,32,3,861250,"{""1"":0.2125,""2"":2.013888888888889,""3"":3.248888888888889}",1
holdout/smooth-middle/skip-late-stakes-fast,1586363365,VICTORY,27.22944444444445,4.777777777777778,22.45166666666667,0.2125,3.085000000000004,12.19055555555556,9,0.8833333333333333,0.0,1327,32,3,1043442,"{""1"":0.2125,""2"":0.225,""3"":1.0494444444444444}",1
holdout/smooth-middle/skip-late-stakes-fast,2713578375,VICTORY,26.700000000000006,6.50861111111111,20.191388888888895,0.2125,2.829166666666665,11.50777777777779,10,1.0333333333333334,0.0,1213,32,3,772109,"{""1"":0.2125,""2"":0.225,""3"":2.8444444444444446}",1
holdout/smooth-middle/skip-late-stakes-fast,2585798195,VICTORY,29.391388888888894,10.185833333333333,19.205555555555563,0.2125,2.2594444444444437,10.357222222222223,7,0.75,0.0,1302,32,3,674509,"{""1"":0.2125,""2"":0.225,""3"":1.065}",1
holdout/smooth-middle/skip-late-stakes-fast,1857291730,VICTORY,30.06333333333334,8.990555555555556,21.072777777777784,0.2125,2.8730555555555553,11.522500000000003,14,1.4166666666666667,0.0,1323,32,3,910942,"{""1"":0.2125,""2"":1.3133333333333335,""3"":2.7683333333333335}",1
holdout/smooth-middle/skip-late-stakes-fast,2732361777,VICTORY,26.066944444444445,6.8075,19.259444444444444,0.2125,2.775,10.0325,9,0.9,0.0,1232,32,3,178648,"{""1"":0.2125,""2"":0.225,""3"":1.4077777777777778}",2
holdout/smooth-middle/skip-late-stakes-fast,622120981,VICTORY,28.264166666666664,9.833611111111109,18.430555555555557,0.31666666666666665,2.814999999999999,10.421388888888888,10,0.95,0.0,1244,32,3,285677,"{""1"":0.31666666666666665,""2"":1.0730555555555554,""3"":2.6086111111111108}",1
holdout/smooth-middle/skip-late-stakes-fast,512103616,VICTORY,27.31611111111112,9.487777777777778,17.82833333333334,0.2125,2.811388888888888,9.356388888888898,9,0.8833333333333333,0.0,1221,32,3,989416,"{""1"":0.2125,""2"":0.225,""3"":0.8736111111111112}",1
holdout/smooth-middle/skip-late-stakes-fast,239778549,VICTORY,29.493611111111115,9.522499999999999,19.971111111111114,0.2125,3.978888888888889,10.771388888888891,6,0.6166666666666667,0.0,1312,32,3,869001,"{""1"":0.2125,""2"":0.225,""3"":2.0219444444444443}",1
holdout/smooth-middle/skip-late-stakes-fast,2837050496,VICTORY,29.145277777777775,7.655000000000001,21.490277777777774,0.2125,2.8480555555555536,10.72444444444444,8,0.8,0.0,1359,32,3,984708,"{""1"":0.2125,""2"":0.225,""3"":1.2283333333333333}",1
holdout/smooth-middle/skip-late-stakes-fast,3415720938,VICTORY,28.84666666666666,7.895555555555556,20.951111111111103,0.2125,2.6005555555555606,11.214166666666658,8,0.7833333333333333,0.0,1334,32,3,977576,"{""1"":0.2125,""2"":0.225,""3"":1.1219444444444444}",1
holdout/smooth-middle/skip-late-stakes-fast,550806973,VICTORY,30.127222222222212,10.770277777777777,19.356944444444437,0.2125,2.13638888888889,10.855833333333324,8,0.8166666666666667,0.0,1256,32,3,978939,"{""1"":0.2125,""2"":0.225,""3"":2.020555555555555}",1
holdout/smooth-middle/skip-late-stakes-fast,994059765,VICTORY,32.20277777777778,11.868611111111111,20.334166666666672,0.2125,2.8666666666666676,11.18333333333334,7,0.7333333333333333,0.0,1327,32,3,961927,"{""1"":0.2125,""2"":0.225,""3"":2.221388888888889}",1
holdout/smooth-middle/skip-late-stakes-fast,1061776146,VICTORY,29.506944444444454,9.843888888888891,19.663055555555562,0.2125,3.211388888888886,9.759166666666674,12,1.2,0.0,1293,32,3,612994,"{""1"":0.2125,""2"":0.225,""3"":3.112777777777778}",1
holdout/smooth-middle/skip-late-stakes-fast,1595467482,VICTORY,32.57833333333335,10.10277777777778,22.475555555555566,0.55,3.272222222222221,11.888888888888903,11,1.0666666666666667,0.0,1468,32,3,798023,"{""1"":0.55,""2"":0.5625,""3"":2.278888888888889}",1
holdout/smooth-middle/skip-late-stakes-fast,585511098,VICTORY,28.96555555555555,7.810555555555555,21.154999999999994,0.31666666666666665,3.439722222222222,11.254722222222219,6,0.5833333333333334,0.0,1381,32,3,217828,"{""1"":0.31666666666666665,""2"":0.9327777777777777,""3"":1.755}",1
holdout/smooth-middle/stake-first-fast,441555945,VICTORY,11.899444444444443,8.708333333333334,3.191111111111109,0.2125,2.2122222222222225,1.0236111111111106,9,0.9,0.0,282,35,6,9287034,"{""1"":0.2125,""2"":0.21666666666666667,""3"":0.6605555555555556,""4"":7.149166666666668,""5"":9.064722222222224,""6"":9.716944444444444}",1
holdout/smooth-middle/stake-first-fast,464748169,VICTORY,13.326666666666664,7.951111111111109,5.375555555555556,0.31666666666666665,1.9430555555555566,0.9875,7,0.7166666666666667,0.0,358,35,6,2072497,"{""1"":0.31666666666666665,""2"":0.32083333333333336,""3"":1.0783333333333331,""4"":7.750277777777777,""5"":10.023611111111109,""6"":11.693333333333332}",1
holdout/smooth-middle/stake-first-fast,3848369056,VICTORY,9.132777777777779,6.494722222222221,2.6380555555555576,0.31666666666666665,1.1611111111111114,0.9416666666666677,11,1.15,0.0,205,35,6,240250,"{""1"":0.31666666666666665,""2"":0.32083333333333336,""3"":1.6105555555555555,""4"":5.4527777777777775,""5"":6.787222222222222,""6"":7.389722222222221}",1
holdout/smooth-middle/stake-first-fast,4212180545,VICTORY,12.997777777777774,9.903055555555556,3.0947222222222184,0.2125,2.0658333333333325,1.1916666666666667,8,0.7833333333333333,0.0,309,35,6,3448153,"{""1"":0.2125,""2"":0.21666666666666667,""3"":0.6547222222222222,""4"":8.138055555555557,""5"":9.903055555555556,""6"":10.694166666666662}",1
holdout/smooth-middle/stake-first-fast,3857301336,VICTORY,14.086944444444443,9.823055555555557,4.263888888888886,0.2125,3.528611111111111,1.4649999999999996,8,0.85,0.0,364,35,6,10318538,"{""1"":0.2125,""2"":0.21666666666666667,""3"":1.4561111111111111,""4"":9.716111111111111,""5"":9.823055555555557,""6"":11.097777777777777}",1
holdout/smooth-middle/stake-first-fast,1683199454,VICTORY,10.034444444444443,6.420277777777778,3.614166666666665,0.2125,1.1552777777777776,1.0172222222222218,9,0.9333333333333333,0.0,242,35,6,11229642,"{""1"":0.2125,""2"":0.21666666666666667,""3"":1.5902777777777777,""4"":5.420000000000001,""5"":6.876111111111111,""6"":8.011388888888888}",1
holdout/smooth-middle/stake-first-fast,493978338,VICTORY,13.930833333333323,10.244444444444442,3.6863888888888816,0.2125,3.7138888888888877,1.085833333333333,9,0.9333333333333333,0.0,350,35,6,15067696,"{""1"":0.2125,""2"":0.21666666666666667,""3"":1.135,""4"":9.581944444444442,""5"":10.252777777777775,""6"":12.129999999999994}",1
holdout/smooth-middle/stake-first-fast,1198863191,VICTORY,11.594722222222222,6.504722222222224,5.089999999999998,0.31666666666666665,1.1761111111111107,1.2458333333333333,11,1.05,0.0,341,35,6,15628479,"{""1"":0.31666666666666665,""2"":0.32083333333333336,""3"":1.7497222222222222,""4"":5.696944444444445,""5"":7.355555555555556,""6"":8.250833333333334}",1
holdout/smooth-middle/stake-first-fast,1777738494,VICTORY,13.961666666666666,10.89861111111111,3.0630555555555556,0.2125,2.852222222222222,0.9149999999999996,9,1.0,0.0,315,35,6,8598899,"{""1"":0.2125,""2"":0.21666666666666667,""3"":3.2944444444444443,""4"":9.13638888888889,""5"":10.89861111111111,""6"":11.815833333333332}",1
holdout/smooth-middle/stake-first-fast,1586363365,VICTORY,8.334999999999997,5.0138888888888875,3.32111111111111,0.2125,1.5997222222222216,1.0372222222222216,8,0.8,0.0,229,35,6,2841596,"{""1"":0.2125,""2"":0.21666666666666667,""3"":0.6436111111111111,""4"":3.1336111111111107,""5"":5.570555555555555,""6"":6.0763888888888875}",1
holdout/smooth-middle/stake-first-fast,2713578375,VICTORY,8.616944444444444,5.771111111111111,2.845833333333333,0.2125,0.9966666666666668,0.7622222222222225,10,1.0333333333333334,0.0,204,35,6,2968797,"{""1"":0.2125,""2"":0.21666666666666667,""3"":1.4047222222222222,""4"":5.291944444444445,""5"":6.3999999999999995,""6"":6.6388888888888875}",1
holdout/smooth-middle/stake-first-fast,2585798195,VICTORY,12.179722222222226,9.512500000000005,2.6672222222222217,0.2125,2.1188888888888893,1.3416666666666686,8,0.8166666666666667,0.0,314,35,6,10289562,"{""1"":0.2125,""2"":0.21666666666666667,""3"":0.8474999999999999,""4"":7.695555555555558,""5"":9.512500000000005,""6"":9.705555555555557}",1
holdout/smooth-middle/stake-first-fast,1857291730,VICTORY,11.772499999999999,7.938055555555553,3.834444444444446,0.2125,1.8366666666666664,1.1094444444444453,8,0.8333333333333334,0.0,310,35,6,6149580,"{""1"":0.2125,""2"":0.21666666666666667,""3"":1.1580555555555556,""4"":7.02083333333333,""5"":8.075277777777776,""6"":9.634722222222221}",1
holdout/smooth-middle/stake-first-fast,2732361777,VICTORY,8.39472222222222,5.07111111111111,3.323611111111111,0.2125,1.463055555555555,1.2677777777777786,8,0.8166666666666667,0.0,231,35,6,17578389,"{""1"":0.2125,""2"":0.21666666666666667,""3"":0.5797222222222221,""4"":4.5152777777777775,""5"":5.450277777777776,""6"":6.26611111111111}",1
holdout/smooth-middle/stake-first-fast,622120981,VICTORY,12.190000000000001,8.362777777777778,3.8272222222222236,0.31666666666666665,1.8474999999999995,1.7369444444444448,10,1.0,0.0,317,35,6,5125263,"{""1"":0.31666666666666665,""2"":0.32083333333333336,""3"":1.2825,""4"":8.1675,""5"":8.918611111111112,""6"":9.22888888888889}",1
holdout/smooth-middle/stake-first-fast,512103616,VICTORY,11.70083333333333,8.702777777777776,2.9980555555555544,0.2125,2.753333333333333,1.1883333333333326,11,1.1,0.0,319,35,6,6624499,"{""1"":0.2125,""2"":0.21666666666666667,""3"":0.6402777777777778,""4"":7.027499999999999,""5"":8.702777777777776,""6"":9.714999999999998}",1
holdout/smooth-middle/stake-first-fast,239778549,VICTORY,9.680833333333334,5.791388888888889,3.889444444444445,0.2125,0.8375,1.235833333333333,8,0.8166666666666667,0.0,271,35,6,8709244,"{""1"":0.2125,""2"":0.21666666666666667,""3"":0.8255555555555555,""4"":5.035277777777778,""5"":5.791388888888889,""6"":7.604722222222223}",1
holdout/smooth-middle/stake-first-fast,2837050496,VICTORY,9.245000000000001,6.065555555555557,3.179444444444444,0.2125,0.8150000000000001,0.7169444444444442,8,0.7833333333333333,0.0,255,35,6,11023635,"{""1"":0.2125,""2"":0.21666666666666667,""3"":0.6402777777777778,""4"":4.151388888888889,""5"":6.740277777777779,""6"":7.458055555555557}",1
holdout/smooth-middle/stake-first-fast,3415720938,VICTORY,8.89472222222222,5.453611111111111,3.44111111111111,0.2125,1.137222222222222,0.7950000000000007,7,0.7,0.0,272,35,6,6384123,"{""1"":0.2125,""2"":0.21666666666666667,""3"":0.6258333333333332,""4"":5.3438888888888885,""5"":6.282777777777778,""6"":7.294722222222221}",1
holdout/smooth-middle/stake-first-fast,550806973,VICTORY,14.682222222222215,11.833333333333327,2.8488888888888884,0.2125,1.480833333333332,0.8813888888888888,10,1.0,0.0,339,35,6,11428027,"{""1"":0.2125,""2"":0.21666666666666667,""3"":0.8619444444444445,""4"":9.917499999999997,""5"":11.95916666666666,""6"":12.077222222222217}",1
holdout/smooth-middle/stake-first-fast,994059765,VICTORY,15.486944444444442,11.691111111111109,3.7958333333333325,0.2125,3.910833333333335,1.0672222222222216,7,0.7333333333333333,0.0,368,35,6,9525821,"{""1"":0.2125,""2"":0.21666666666666667,""3"":1.1294444444444445,""4"":10.670555555555556,""5"":11.691111111111109,""6"":13.532222222222222}",1
holdout/smooth-middle/stake-first-fast,1061776146,VICTORY,12.831388888888885,10.362777777777776,2.468611111111109,0.2125,2.4597222222222226,0.8333333333333353,11,1.1166666666666667,0.0,319,35,6,10413719,"{""1"":0.2125,""2"":0.21666666666666667,""3"":2.805555555555556,""4"":8.600555555555555,""5"":10.362777777777776,""6"":11.293611111111108}",1
holdout/smooth-middle/stake-first-fast,1595467482,VICTORY,13.729722222222223,10.114166666666668,3.615555555555556,0.55,2.9275000000000007,1.3469444444444454,10,0.9666666666666667,0.0,370,35,6,485785,"{""1"":0.55,""2"":0.5541666666666667,""3"":1.7552777777777777,""4"":9.175833333333333,""5"":10.698333333333334,""6"":11.38027777777778}",1
holdout/smooth-middle/stake-first-fast,585511098,VICTORY,11.554444444444448,7.464722222222225,4.089722222222223,0.31666666666666665,1.542500000000002,1.1466666666666678,9,0.9,0.0,290,35,6,3565728,"{""1"":0.31666666666666665,""2"":0.32083333333333336,""3"":1.8283333333333331,""4"":4.778611111111112,""5"":8.13527777777778,""6"":9.695000000000002}",1
ordinary/control/cheapest-ordinary,441555945,VICTORY,15.937777777777777,10.950555555555555,4.987222222222222,0.5,1.6286111111111117,1.1233333333333329,12,2.7,0.0,244,35,6,10861099,"{""1"":0.5,""2"":2.4402777777777778,""3"":5.5391666666666675,""4"":10.950555555555555,""5"":13.080277777777777,""6"":14.066944444444443}",1
ordinary/control/cheapest-ordinary,464748169,VICTORY,16.341111111111108,10.939166666666665,5.401944444444442,0.7333333333333333,1.9338888888888865,1.4280555555555547,7,1.4,0.0,266,35,6,10797667,"{""1"":0.7333333333333333,""2"":1.5586111111111112,""3"":4.388055555555556,""4"":10.939166666666665,""5"":13.034999999999998,""6"":13.880277777777776}",1
ordinary/control/cheapest-ordinary,3848369056,VICTORY,15.555277777777777,11.64611111111111,3.909166666666666,0.7333333333333333,1.7058333333333318,1.2299999999999993,12,2.75,0.0,212,35,6,11215024,"{""1"":0.7333333333333333,""2"":4.089166666666667,""3"":7.230277777777777,""4"":10.455833333333333,""5"":12.225555555555555,""6"":13.221666666666666}",1
ordinary/control/cheapest-ordinary,4212180545,VICTORY,20.277777777777782,15.587222222222222,4.6905555555555605,0.5,2.3877777777777776,1.3330555555555597,16,3.65,0.0,316,35,6,15888787,"{""1"":0.5,""2"":2.8955555555555557,""3"":6.390555555555554,""4"":14.2225,""5"":16.552500000000002,""6"":17.50722222222222}",1
ordinary/control/cheapest-ordinary,3857301336,VICTORY,20.376388888888886,15.823333333333332,4.553055555555554,0.5,2.93638888888889,1.4883333333333326,12,2.7,0.0,282,35,6,13014952,"{""1"":0.5,""2"":1.478333333333333,""3"":4.888333333333333,""4"":14.863055555555555,""5"":17.335833333333333,""6"":18.130277777777778}",1
ordinary/control/cheapest-ordinary,1683199454,VICTORY,14.84388888888889,10.511666666666667,4.332222222222223,0.5,2.2466666666666657,1.328333333333334,8,1.75,0.0,245,35,6,2212234,"{""1"":0.5,""2"":2.1627777777777775,""3"":5.033611111111111,""4"":10.511666666666667,""5"":11.913333333333332,""6"":12.312777777777777}",1
ordinary/control/cheapest-ordinary,493978338,VICTORY,14.422500000000003,10.337222222222222,4.085277777777781,0.5,2.2899999999999987,1.566944444444446,10,2.1,0.0,249,35,6,8074375,"{""1"":0.5,""2"":1.5530555555555556,""3"":4.152222222222222,""4"":9.778055555555557,""5"":11.3125,""6"":11.894166666666669}",1
ordinary/control/cheapest-ordinary,1198863191,VICTORY,20.63222222222222,14.899722222222218,5.7325000000000035,0.7333333333333333,3.0013888888888896,1.5602777777777799,11,2.35,0.0,333,35,6,6609990,"{""1"":0.7333333333333333,""2"":4.141666666666667,""3"":6.4783333333333335,""4"":14.664444444444444,""5"":16.476666666666667,""6"":17.881388888888885}",2
ordinary/control/cheapest-ordinary,1777738494,VICTORY,18.135277777777777,13.681388888888888,4.453888888888889,0.5,2.972222222222222,1.5169444444444442,9,2.0,0.0,268,35,6,21319971,"{""1"":0.5,""2"":3.103611111111111,""3"":5.718611111111111,""4"":12.713333333333333,""5"":14.559166666666666,""6"":15.793055555555554}",1
ordinary/control/cheapest-ordinary,1586363365,VICTORY,12.929722222222223,9.092222222222222,3.8375000000000004,0.5,1.3961111111111109,1.110277777777778,9,2.15,0.0,209,35,6,5417503,"{""1"":0.5,""2"":1.6944444444444442,""3"":4.3149999999999995,""4"":8.506666666666666,""5"":9.739722222222223,""6"":10.740833333333335}",1
ordinary/control/cheapest-ordinary,2713578375,VICTORY,12.86861111111111,8.615555555555556,4.253055555555553,0.5,2.8205555555555555,1.0263888888888877,7,1.65,0.0,203,35,6,16942892,"{""1"":0.5,""2"":3.5438888888888886,""3"":6.204166666666667,""4"":8.648888888888889,""5"":10.19277777777778,""6"":10.937222222222223}",1
ordinary/control/cheapest-ordinary,2585798195,VICTORY,17.079444444444444,12.711388888888887,4.368055555555557,0.5,1.9905555555555556,1.3569444444444438,9,2.0,0.0,291,35,6,5420767,"{""1"":0.5,""2"":1.672222222222222,""3"":5.528888888888889,""4"":12.446388888888889,""5"":13.764444444444443,""6"":14.358333333333333}",2
ordinary/control/cheapest-ordinary,1857291730,VICTORY,18.1225,13.956666666666669,4.16583333333333,0.5,3.1461111111111113,1.423333333333333,9,1.9,0.0,273,35,6,948560,"{""1"":0.5,""2"":3.712777777777778,""3"":4.716111111111112,""4"":13.333055555555555,""5"":15.059444444444445,""6"":15.893055555555556}",1
ordinary/control/cheapest-ordinary,2732361777,VICTORY,12.358888888888888,8.3025,4.056388888888888,0.5,2.7613888888888884,1.8680555555555542,6,1.25,0.0,224,35,6,9545473,"{""1"":0.5,""2"":0.7002777777777778,""3"":2.513888888888889,""4"":7.019444444444444,""5"":8.991944444444444,""6"":9.6325}",1
ordinary/control/cheapest-ordinary,622120981,VICTORY,15.388888888888886,10.199166666666665,5.189722222222221,0.7333333333333333,1.855833333333332,1.4888888888888876,8,1.65,0.0,245,35,6,7597466,"{""1"":0.7333333333333333,""2"":1.5705555555555553,""3"":4.2236111111111105,""4"":9.830833333333333,""5"":12.193055555555555,""6"":13.07833333333333}",1
ordinary/control/cheapest-ordinary,512103616,VICTORY,24.8575,20.674722222222222,4.18277777777778,0.5,4.169722222222223,1.2513888888888876,16,3.6,0.0,325,35,6,6518182,"{""1"":0.5,""2"":2.976666666666667,""3"":7.05138888888889,""4"":20.674722222222222,""5"":21.6475,""6"":22.260833333333334}",1
ordinary/control/insurance-first-ordinary,441555945,VICTORY,16.341944444444444,11.784166666666666,4.557777777777778,0.5,3.080277777777779,1.190833333333334,14,3.05,0.0,221,38,6,17118223,"{""1"":0.5666666666666667,""2"":1.8425,""3"":5.915277777777777,""4"":10.69,""5"":13.389722222222222,""6"":14.243333333333332}",1
ordinary/control/insurance-first-ordinary,464748169,VICTORY,17.783333333333335,13.836111111111112,3.947222222222223,0.7333333333333333,2.606388888888887,1.5097222222222229,10,2.2,0.0,262,38,6,8626227,"{""1"":0.8,""2"":2.4594444444444443,""3"":5.446944444444444,""4"":11.868333333333332,""5"":14.288333333333332,""6"":15.292777777777777}",1
ordinary/control/insurance-first-ordinary,3848369056,VICTORY,19.822499999999998,15.302777777777777,4.519722222222221,0.7333333333333333,5.3902777777777775,1.320555555555552,13,2.9,0.0,278,38,6,3899520,"{""1"":0.8,""2"":8.595555555555556,""3"":11.746944444444443,""4"":15.302777777777777,""5"":16.849444444444444,""6"":17.456944444444446}",1
ordinary/control/insurance-first-ordinary,4212180545,VICTORY,23.996111111111116,19.785000000000007,4.211111111111109,0.5,3.1338888888888885,1.0947222222222233,12,2.65,0.0,318,38,6,14873599,"{""1"":0.5666666666666667,""2"":4.635833333333333,""3"":10.142777777777779,""4"":17.735277777777785,""5"":20.326944444444447,""6"":21.18416666666667}",1
ordinary/control/insurance-first-ordinary,3857301336,VICTORY,18.796944444444446,15.199722222222222,3.597222222222223,0.5,3.9144444444444444,0.8805555555555543,14,3.25,0.0,248,38,6,888559,"{""1"":0.5666666666666667,""2"":2.2019444444444445,""3"":5.149444444444445,""4"":14.476666666666668,""5"":16.359722222222224,""6"":17.151388888888892}",1
ordinary/control/insurance-first-ordinary,1683199454,VICTORY,15.353888888888891,11.34388888888889,4.010000000000002,0.5,2.063055555555556,1.1213888888888903,9,2.0,0.0,264,38,6,12863133,"{""1"":0.5666666666666667,""2"":1.1352777777777778,""3"":4.654444444444445,""4"":9.049166666666668,""5"":12.024166666666668,""6"":12.738055555555555}",1
ordinary/control/insurance-first-ordinary,493978338,VICTORY,18.71194444444444,14.012222222222222,4.699722222222219,0.5,4.299444444444444,1.3172222222222216,8,1.7,0.0,266,38,6,2233711,"{""1"":0.5666666666666667,""2"":1.1286111111111112,""3"":4.519444444444445,""4"":14.012222222222222,""5"":15.79861111111111,""6"":16.535555555555554}",1
ordinary/control/insurance-first-ordinary,1198863191,VICTORY,20.46805555555555,15.108888888888885,5.359166666666667,0.7333333333333333,2.966388888888889,1.3236111111111086,11,2.5,0.0,314,38,6,7781025,"{""1"":0.8,""2"":4.3925,""3"":8.205833333333333,""4"":13.449722222222219,""5"":16.345277777777778,""6"":17.916666666666664}",1
ordinary/control/insurance-first-ordinary,1777738494,VICTORY,17.384166666666665,13.069166666666664,4.315000000000001,0.5,2.0591666666666657,1.2997222222222224,12,2.5,0.0,266,38,6,6598935,"{""1"":0.5666666666666667,""2"":1.0208333333333333,""3"":3.413611111111111,""4"":12.48972222222222,""5"":13.777777777777775,""6"":15.129444444444443}",1
ordinary/control/insurance-first-ordinary,1586363365,VICTORY,16.5275,11.89611111111111,4.631388888888889,0.5,1.6377777777777793,1.323333333333333,7,1.55,0.0,271,38,6,14897891,"{""1"":0.5666666666666667,""2"":1.1336111111111111,""3"":4.395555555555555,""4"":11.476111111111113,""5"":13.307777777777778,""6"":14.268055555555556}",1
ordinary/control/insurance-first-ordinary,2713578375,VICTORY,12.947222222222225,8.866666666666667,4.0805555555555575,0.5,2.535833333333333,1.0763888888888895,10,2.25,0.0,201,38,6,16180044,"{""1"":0.5666666666666667,""2"":4.352222222222222,""3"":6.757500000000001,""4"":8.866666666666667,""5"":9.909722222222223,""6"":10.848333333333334}",1
ordinary/control/insurance-first-ordinary,2585798195,VICTORY,20.25305555555555,15.388888888888888,4.864166666666664,0.5,1.9952777777777801,1.2444444444444458,11,2.5,0.0,317,38,6,2131034,"{""1"":0.5666666666666667,""2"":1.9605555555555554,""3"":5.014166666666667,""4"":14.033888888888889,""5"":16.534444444444443,""6"":17.9775}",1
ordinary/control/insurance-first-ordinary,1857291730,VICTORY,16.01055555555556,10.763055555555557,5.247500000000002,0.5,2.622222222222222,1.6233333333333329,9,2.0,0.0,266,38,6,5767107,"{""1"":0.5666666666666667,""2"":1.1333333333333333,""3"":3.2019444444444445,""4"":10.763055555555557,""5"":12.159722222222225,""6"":13.349444444444446}",1
ordinary/control/insurance-first-ordinary,2732361777,VICTORY,13.45083333333333,9.711111111111109,3.7397222222222215,0.5,3.021666666666666,1.6486111111111106,7,1.5,0.0,223,38,6,9634967,"{""1"":0.5666666666666667,""2"":1.8333333333333333,""3"":2.886388888888889,""4"":9.339166666666666,""5"":10.484444444444444,""6"":11.03694444444444}",1
ordinary/control/insurance-first-ordinary,622120981,VICTORY,21.251944444444447,16.598333333333333,4.653611111111115,0.7333333333333333,2.7191666666666663,1.7991666666666712,9,1.9,0.0,340,38,6,7849300,"{""1"":2.799444444444444,""2"":4.861944444444444,""3"":6.411944444444445,""4"":15.613888888888889,""5"":17.37361111111111,""6"":18.368611111111115}",1
ordinary/control/insurance-first-ordinary,512103616,VICTORY,17.52138888888889,13.356666666666664,4.164722222222226,0.5,4.526111111111108,1.1763888888888876,9,2.0,0.0,251,38,6,5281362,"{""1"":0.5666666666666667,""2"":1.133888888888889,""3"":4.888888888888889,""4"":12.538333333333332,""5"":14.016666666666667,""6"":15.467777777777776}",1
ordinary/priced-middle/cheapest-ordinary,441555945,VICTORY,16.85694444444444,13.292499999999999,3.564444444444442,0.5,2.554444444444444,1.2549999999999992,9,2.05,0.0,279,35,6,6065042,"{""1"":0.5,""2"":6.5,""3"":11.331388888888887,""4"":12.96111111111111,""5"":14.066111111111109,""6"":14.79111111111111}",1
ordinary/priced-middle/cheapest-ordinary,464748169,VICTORY,20.939166666666658,17.27083333333333,3.6683333333333294,0.7333333333333333,4.272222222222221,0.9341666666666621,12,2.65,0.0,363,35,6,7200377,"{""1"":0.7333333333333333,""2"":8.513611111111112,""3"":13.559999999999999,""4"":13.807222222222219,""5"":18.183333333333326,""6"":19.028611111111104}",1
ordinary/priced-middle/cheapest-ordinary,3848369056,VICTORY,15.231111111111112,11.540000000000001,3.691111111111111,0.7333333333333333,2.0638888888888887,0.8024999999999997,8,1.8,0.0,223,35,6,4327303,"{""1"":0.7333333333333333,""2"":8.162777777777778,""3"":10.711666666666668,""4"":11.348055555555558,""5"":12.769166666666669,""6"":13.522222222222224}",1
ordinary/priced-middle/cheapest-ordinary,4212180545,VICTORY,23.975277777777777,20.067777777777785,3.9074999999999918,0.5,3.4905555555555545,1.1927777777777768,14,3.1,0.0,318,35,6,10640112,"{""1"":0.5,""2"":10.230833333333331,""3"":19.472777777777782,""4"":19.702777777777783,""5"":20.71277777777778,""6"":21.421944444444446}",1
ordinary/priced-middle/cheapest-ordinary,3857301336,VICTORY,19.98277777777777,14.467222222222222,5.515555555555547,0.5,2.2030555555555535,1.7697222222222195,5,1.2,0.0,373,35,6,3499460,"{""1"":0.5,""2"":6.410833333333334,""3"":14.03638888888889,""4"":14.467222222222222,""5"":15.812499999999998,""6"":17.024444444444445}",1
ordinary/priced-middle/cheapest-ordinary,1683199454,VICTORY,22.26055555555556,18.70777777777778,3.5527777777777807,0.5,3.696666666666666,1.4019444444444427,10,2.4,0.0,342,35,6,6455916,"{""1"":0.5,""2"":7.775277777777777,""3"":16.746111111111112,""4"":17.672500000000003,""5"":19.297222222222224,""6"":20.020833333333332}",1
ordinary/priced-middle/cheapest-ordinary,493978338,VICTORY,20.309444444444445,15.948333333333332,4.3611111111111125,0.5,2.6,1.4855555555555535,11,2.55,0.0,339,35,6,12313238,"{""1"":0.5,""2"":8.705277777777777,""3"":14.96861111111111,""4"":15.366944444444444,""5"":16.906111111111112,""6"":17.60472222222222}",1
ordinary/priced-middle/cheapest-ordinary,1198863191,VICTORY,20.328333333333333,14.778333333333332,5.550000000000001,0.7333333333333333,2.9330555555555557,1.0541666666666667,12,2.55,0.0,351,35,6,2253909,"{""1"":0.7333333333333333,""2"":8.394444444444444,""3"":13.749166666666666,""4"":14.1,""5"":15.972222222222221,""6"":17.89777777777778}",1
ordinary/priced-middle/cheapest-ordinary,1777738494,VICTORY,20.0125,15.214444444444444,4.798055555555555,0.5,2.536944444444444,1.819444444444442,10,2.3,0.0,363,35,6,10868889,"{""1"":0.5,""2"":8.483888888888888,""3"":14.606388888888889,""4"":14.792499999999999,""5"":16.188055555555554,""6"":17.304444444444446}",1
ordinary/priced-middle/cheapest-ordinary,1586363365,VICTORY,22.33138888888889,15.833888888888888,6.4975000000000005,0.5,2.9572222222222213,1.0136111111111101,6,1.4,0.0,405,35,6,3717350,"{""1"":0.5,""2"":7.347222222222222,""3"":13.99361111111111,""4"":15.867222222222221,""5"":18.85611111111111,""6"":20.32388888888889}",1
ordinary/priced-middle/cheapest-ordinary,2713578375,VICTORY,18.098611111111108,14.050277777777776,4.048333333333332,0.5,2.8205555555555555,1.0008333333333326,10,2.25,0.0,276,35,6,18377475,"{""1"":0.5,""2"":8.850277777777778,""3"":12.605277777777777,""4"":13.095833333333333,""5"":15.344444444444441,""6"":15.900555555555554}",1
ordinary/priced-middle/cheapest-ordinary,2585798195,VICTORY,18.795277777777777,14.452222222222224,4.343055555555553,0.5,3.091944444444444,2.0724999999999985,8,1.85,0.0,355,35,6,2271459,"{""1"":0.5,""2"":6.453055555555556,""3"":12.4875,""4"":12.878333333333334,""5"":15.176111111111112,""6"":15.786666666666667}",1
ordinary/priced-middle/cheapest-ordinary,1857291730,VICTORY,25.039444444444438,19.770555555555553,5.268888888888885,0.5,3.1461111111111113,1.850833333333329,5,1.1,0.0,473,35,6,10225173,"{""1"":0.5,""2"":8.077777777777778,""3"":15.844722222222222,""4"":16.32638888888889,""5"":20.646111111111107,""6"":21.806388888888886}",1
ordinary/priced-middle/cheapest-ordinary,2732361777,VICTORY,13.13972222222222,8.564722222222223,4.5749999999999975,0.5,2.5305555555555554,0.8469444444444434,7,1.4,0.0,257,35,6,3715155,"{""1"":0.5,""2"":2.1722222222222225,""3"":5.851111111111111,""4"":8.277777777777777,""5"":10.23111111111111,""6"":11.274166666666664}",1
ordinary/priced-middle/cheapest-ordinary,622120981,VICTORY,18.426666666666666,13.275833333333333,5.150833333333333,0.7333333333333333,1.909166666666666,2.0541666666666667,9,1.9,0.0,335,35,6,7850710,"{""1"":0.7333333333333333,""2"":5.5327777777777785,""3"":12.282222222222222,""4"":13.10722222222222,""5"":14.023055555555553,""6"":15.434999999999999}",1
ordinary/priced-middle/cheapest-ordinary,512103616,VICTORY,24.02138888888889,19.316944444444445,4.704444444444444,0.5,3.9780555555555526,1.7286111111111115,13,2.9,0.0,382,35,6,6537647,"{""1"":0.5,""2"":9.016111111111112,""3"":17.692777777777778,""4"":18.354999999999997,""5"":20.120833333333334,""6"":20.877777777777776}",1
ordinary/priced-middle/insurance-first-ordinary,441555945,VICTORY,16.88861111111111,12.769166666666667,4.119444444444444,0.5,3.3272222222222214,1.2055555555555562,6,1.35,0.0,302,38,6,1089087,"{""1"":0.5666666666666667,""2"":7.389444444444445,""3"":10.428333333333333,""4"":11.434999999999999,""5"":13.641666666666667,""6"":14.961944444444443}",1
ordinary/priced-middle/insurance-first-ordinary,464748169,VICTORY,21.923611111111107,14.245,7.678611111111108,0.7333333333333333,2.3344444444444434,1.286944444444445,14,3.3,0.0,412,38,6,13185666,"{""1"":0.8,""2"":6.400277777777777,""3"":11.253333333333334,""4"":13.756111111111109,""5"":17.199999999999996,""6"":19.59666666666666}",1
ordinary/priced-middle/insurance-first-ordinary,3848369056,VICTORY,23.91805555555555,19.822499999999998,4.095555555555553,0.7333333333333333,5.3902777777777775,1.624444444444445,13,3.0,0.0,359,38,6,1308001,"{""1"":0.8,""2"":11.079444444444444,""3"":16.34861111111111,""4"":18.509999999999998,""5"":20.441666666666666,""6"":21.607499999999998}",1
ordinary/priced-middle/insurance-first-ordinary,4212180545,VICTORY,25.507777777777775,20.820555555555547,4.687222222222228,0.5,3.1338888888888885,1.1541666666666666,12,2.6,0.0,431,38,6,4419415,"{""1"":0.5666666666666667,""2"":8.947499999999998,""3"":17.123333333333335,""4"":19.63305555555555,""5"":21.741111111111103,""6"":22.564999999999994}",1
ordinary/priced-middle/insurance-first-ordinary,3857301336,VICTORY,19.696111111111108,13.995000000000001,5.701111111111107,0.5,1.7113888888888888,1.8597222222222172,8,1.8,0.0,394,38,6,2667994,"{""1"":0.5666666666666667,""2"":7.592777777777777,""3"":13.386944444444445,""4"":13.995000000000001,""5"":15.235833333333334,""6"":16.641944444444444}",1
ordinary/priced-middle/insurance-first-ordinary,1683199454,VICTORY,16.53888888888889,12.299166666666668,4.239722222222223,0.5,2.742222222222222,0.8038888888888891,10,2.2,0.0,273,38,6,2131046,"{""1"":0.5666666666666667,""2"":6.0775,""3"":11.98638888888889,""4"":12.332500000000001,""5"":14.20861111111111,""6"":14.919166666666667}",1
ordinary/priced-middle/insurance-first-ordinary,493978338,VICTORY,19.243611111111115,15.037222222222221,4.206388888888894,0.5,3.6694444444444447,1.1922222222222254,7,1.6,0.0,306,38,6,1570614,"{""1"":0.5666666666666667,""2"":4.373333333333333,""3"":13.40722222222222,""4"":15.070555555555554,""5"":15.942777777777776,""6"":16.5825}",1
ordinary/priced-middle/insurance-first-ordinary,1198863191,VICTORY,27.780000000000005,23.19277777777778,4.587222222222223,0.7333333333333333,3.526666666666669,1.024166666666671,14,3.1,0.0,402,38,6,6902647,"{""1"":0.8,""2"":13.150277777777777,""3"":21.12416666666667,""4"":22.51472222222223,""5"":24.282777777777778,""6"":25.97638888888889}",1
ordinary/priced-middle/insurance-first-ordinary,1777738494,VICTORY,21.163611111111116,16.317777777777778,4.8458333333333385,0.5,2.3583333333333334,1.6849999999999985,11,2.4,0.0,368,38,6,1008375,"{""1"":0.5666666666666667,""2"":9.28388888888889,""3"":15.343888888888891,""4"":15.716666666666667,""5"":17.47166666666667,""6"":18.77694444444445}",2
ordinary/priced-middle/insurance-first-ordinary,1586363365,VICTORY,12.411666666666667,8.516388888888889,3.8952777777777783,0.5,1.6622222222222225,1.189722222222224,7,1.5,0.0,233,38,6,3019479,"{""1"":0.5666666666666667,""2"":3.0355555555555553,""3"":7.315833333333333,""4"":8.015555555555556,""5"":9.599166666666667,""6"":10.3975}",1
ordinary/priced-middle/insurance-first-ordinary,2713578375,VICTORY,21.109166666666663,17.10694444444444,4.002222222222223,0.5,2.535833333333333,0.8913888888888853,12,2.75,0.0,297,38,6,4876154,"{""1"":0.5666666666666667,""2"":12.141944444444443,""3"":15.32222222222222,""4"":17.10694444444444,""5"":18.154722222222222,""6"":18.95111111111111}",1
ordinary/priced-middle/insurance-first-ordinary,2585798195,VICTORY,20.743055555555557,16.63638888888889,4.106666666666666,0.5,2.106388888888887,2.1563888888888907,9,2.0,0.0,367,38,6,11162145,"{""1"":0.5666666666666667,""2"":6.424444444444445,""3"":10.553333333333335,""4"":14.093055555555557,""5"":17.12944444444445,""6"":17.708611111111114}",1
ordinary/priced-middle/insurance-first-ordinary,1857291730,VICTORY,18.6275,14.52138888888889,4.106111111111112,0.5,4.236666666666667,1.2166666666666666,11,2.4,0.0,299,38,6,1692130,"{""1"":0.5666666666666667,""2"":6.104722222222223,""3"":13.175833333333333,""4"":13.408333333333333,""5"":15.263333333333334,""6"":16.15388888888889}",1
ordinary/priced-middle/insurance-first-ordinary,2732361777,VICTORY,12.913888888888888,8.616388888888888,4.297499999999999,0.5,2.146666666666667,1.5049999999999992,9,1.95,0.0,229,38,6,10592877,"{""1"":0.5666666666666667,""2"":3.181388888888889,""3"":7.839444444444443,""4"":8.616388888888888,""5"":9.812777777777777,""6"":10.495555555555553}",1
ordinary/priced-middle/insurance-first-ordinary,622120981,VICTORY,22.452222222222222,17.25111111111111,5.201111111111111,0.7333333333333333,3.2816666666666645,1.3716666666666697,11,2.35,0.0,353,38,6,7979697,"{""1"":2.799444444444444,""2"":9.023333333333335,""3"":15.253888888888888,""4"":17.284444444444443,""5"":19.438888888888883,""6"":20.36583333333333}",1
ordinary/priced-middle/insurance-first-ordinary,512103616,VICTORY,22.386666666666663,17.147777777777776,5.238888888888887,0.5,2.460833333333331,2.194444444444442,9,1.95,0.0,433,38,6,6936018,"{""1"":0.5666666666666667,""2"":10.807777777777774,""3"":15.05722222222222,""4"":16.830277777777777,""5"":18.493888888888886,""6"":19.52583333333333}",1
ordinary/smooth-middle/cheapest-ordinary,441555945,VICTORY,17.049444444444443,12.749722222222223,4.29972222222222,0.5,2.2327777777777778,1.0825000000000007,7,1.6,0.0,291,35,6,1217720,"{""1"":0.5,""2"":0.8313888888888888,""3"":5.27361111111111,""4"":12.749722222222223,""5"":14.209999999999999,""6"":15.122222222222224}",1
ordinary/smooth-middle/cheapest-ordinary,464748169,VICTORY,19.859722222222217,16.115555555555552,3.744166666666665,0.7333333333333333,4.0391666666666675,0.9686111111111093,9,1.85,0.0,377,35,6,11966286,"{""1"":0.7333333333333333,""2"":1.5586111111111112,""3"":5.105833333333334,""4"":13.187499999999998,""5"":16.500277777777775,""6"":17.91694444444444}",1
ordinary/smooth-middle/cheapest-ordinary,3848369056,VICTORY,17.27388888888889,12.561666666666667,4.712222222222223,0.7333333333333333,1.8099999999999994,1.4452777777777783,12,2.6,0.0,263,35,6,1493867,"{""1"":0.7333333333333333,""2"":2.3916666666666666,""3"":5.8694444444444445,""4"":11.454166666666667,""5"":14.06638888888889,""6"":14.98861111111111}",1
ordinary/smooth-middle/cheapest-ordinary,4212180545,VICTORY,18.464166666666667,14.463888888888892,4.000277777777775,0.5,3.8019444444444463,1.33638888888889,9,1.95,0.0,322,35,6,15347875,"{""1"":0.5,""2"":0.6,""3"":4.933333333333334,""4"":14.20888888888889,""5"":15.204722222222223,""6"":15.999166666666667}",1
ordinary/smooth-middle/cheapest-ordinary,3857301336,VICTORY,21.509999999999998,15.266666666666667,6.2433333333333305,0.5,4.2588888888888885,1.9419444444444405,7,1.6,0.0,395,35,6,3627688,"{""1"":0.5,""2"":0.6,""3"":4.179166666666666,""4"":15.103333333333333,""5"":16.87611111111111,""6"":18.3725}",1
ordinary/smooth-middle/cheapest-ordinary,1683199454,VICTORY,15.64138888888889,11.520000000000001,4.121388888888889,0.5,1.6919444444444443,1.0036111111111117,10,2.1,0.0,273,35,6,4089411,"{""1"":0.5,""2"":0.6,""3"":4.4383333333333335,""4"":10.94277777777778,""5"":12.108333333333333,""6"":13.415000000000001}",1
ordinary/smooth-middle/cheapest-ordinary,493978338,VICTORY,18.449722222222228,14.314444444444444,4.135277777777784,0.5,5.633333333333334,1.4830555555555578,5,1.2,0.0,345,35,6,9604058,"{""1"":0.5,""2"":0.6,""3"":4.568333333333333,""4"":13.729722222222222,""5"":15.078333333333335,""6"":15.932500000000001}",1
ordinary/smooth-middle/cheapest-ordinary,1198863191,VICTORY,18.115555555555556,13.397499999999999,4.718055555555557,0.7333333333333333,2.9330555555555557,1.1711111111111128,10,2.1,0.0,349,35,6,7539531,"{""1"":0.7333333333333333,""2"":3.733055555555556,""3"":5.979444444444444,""4"":11.502500000000001,""5"":14.23611111111111,""6"":15.770277777777777}",1
ordinary/smooth-middle/cheapest-ordinary,1777738494,VICTORY,20.50777777777778,16.903333333333332,3.6044444444444466,0.5,3.125555555555556,0.8383333333333326,9,2.1,0.0,290,35,6,7986442,"{""1"":0.5,""2"":3.103611111111111,""3"":7.866388888888889,""4"":15.982499999999996,""5"":17.649722222222223,""6"":18.24666666666667}",1
ordinary/smooth-middle/cheapest-ordinary,1586363365,VICTORY,14.209999999999999,9.390555555555556,4.819444444444443,0.5,2.7,1.5458333333333334,9,1.95,0.0,272,35,6,11145622,"{""1"":0.5,""2"":0.6,""3"":2.2352777777777777,""4"":9.053333333333335,""5"":10.790555555555555,""6"":11.702499999999997}",1
ordinary/smooth-middle/cheapest-ordinary,2713578375,VICTORY,15.76138888888889,12.250277777777777,3.511111111111113,0.5,3.8166666666666687,1.1730555555555573,9,2.1,0.0,233,35,6,19363359,"{""1"":0.5,""2"":0.6,""3"":6.028333333333334,""4"":11.914722222222222,""5"":13.028333333333334,""6"":13.843055555555555}",1
ordinary/smooth-middle/cheapest-ordinary,2585798195,VICTORY,18.075833333333332,13.830555555555554,4.245277777777778,0.5,3.0561111111111114,2.059722222222221,9,1.9,0.0,356,35,6,2288784,"{""1"":0.5,""2"":0.6,""3"":2.3319444444444444,""4"":11.54277777777778,""5"":14.176388888888887,""6"":15.178611111111111}",1
ordinary/smooth-middle/cheapest-ordinary,1857291730,VICTORY,17.779722222222222,13.458333333333334,4.3213888888888885,0.5,3.285833333333335,1.1266666666666671,9,1.9,0.0,314,35,6,5762636,"{""1"":0.5,""2"":3.712777777777778,""3"":4.940555555555556,""4"":13.12388888888889,""5"":14.616388888888888,""6"":15.380833333333333}",1
ordinary/smooth-middle/cheapest-ordinary,2732361777,VICTORY,14.885,9.754444444444443,5.130555555555556,0.5,1.863055555555555,1.0705555555555557,8,1.75,0.0,279,35,6,5226094,"{""1"":0.5,""2"":0.6,""3"":4.261388888888889,""4"":9.403333333333332,""5"":11.184722222222222,""6"":12.973611111111113}",2
ordinary/smooth-middle/cheapest-ordinary,622120981,VICTORY,20.63972222222223,16.09416666666667,4.545555555555559,0.7333333333333333,3.765277777777779,1.353333333333338,11,2.35,0.0,338,35,6,7436320,"{""1"":0.7333333333333333,""2"":1.5705555555555553,""3"":4.323333333333333,""4"":14.947222222222225,""5"":16.84027777777778,""6"":17.91138888888889}",2
ordinary/smooth-middle/cheapest-ordinary,512103616,VICTORY,27.092499999999998,21.984166666666667,5.108333333333331,0.5,4.613888888888888,1.9036111111111116,11,2.4,0.0,431,35,6,11671159,"{""1"":0.5,""2"":0.6,""3"":6.030833333333334,""4"":21.66722222222222,""5"":23.160833333333336,""6"":24.433888888888887}",1
ordinary/smooth-middle/insurance-first-ordinary,441555945,VICTORY,18.84861111111111,15.227777777777781,3.62083333333333,0.5,3.8541666666666665,1.5333333333333294,7,1.45,0.0,297,38,6,5573821,"{""1"":0.5666666666666667,""2"":1.1313888888888888,""3"":5.3100000000000005,""4"":14.955833333333336,""5"":15.841944444444445,""6"":16.846388888888892}",1
ordinary/smooth-middle/insurance-first-ordinary,464748169,VICTORY,14.673333333333336,11.362777777777778,3.310555555555558,0.7333333333333333,2.9388888888888887,1.363055555555557,11,2.45,0.0,263,38,6,8253045,"{""1"":0.8,""2"":1.5333333333333334,""3"":2.936388888888889,""4"":8.404444444444444,""5"":11.79138888888889,""6"":12.421666666666665}",1
ordinary/smooth-middle/insurance-first-ordinary,3848369056,VICTORY,20.01,16.195,3.8150000000000013,0.7333333333333333,5.3902777777777775,1.6161111111111117,16,3.55,0.0,297,38,6,1915732,"{""1"":0.8,""2"":6.7733333333333325,""3"":9.562777777777777,""4"":15.536666666666665,""5"":16.75861111111111,""6"":17.52138888888889}",1
ordinary/smooth-middle/insurance-first-ordinary,4212180545,VICTORY,23.23888888888889,19.023611111111112,4.215277777777779,0.5,3.246111111111111,0.9847222222222247,13,3.0,0.0,329,38,6,4352681,"{""1"":0.5666666666666667,""2"":4.635833333333333,""3"":9.205833333333334,""4"":18.765555555555558,""5"":19.94027777777778,""6"":21.441666666666666}",1
ordinary/smooth-middle/insurance-first-ordinary,3857301336,VICTORY,22.065277777777776,16.71638888888889,5.348888888888887,0.5,2.9883333333333337,1.560277777777776,12,2.75,0.0,381,38,6,1742372,"{""1"":0.5666666666666667,""2"":1.5019444444444445,""3"":7.7730555555555565,""4"":16.254444444444445,""5"":17.72888888888889,""6"":19.29222222222222}",1
ordinary/smooth-middle/insurance-first-ordinary,1683199454,VICTORY,19.57055555555555,15.821666666666665,3.748888888888885,0.5,3.355833333333334,0.9302777777777768,10,2.3,0.0,278,38,6,9909308,"{""1"":0.5666666666666667,""2"":1.1352777777777778,""3"":6.204444444444445,""4"":15.357499999999998,""5"":16.93333333333333,""6"":17.71694444444444}",1
ordinary/smooth-middle/insurance-first-ordinary,493978338,VICTORY,15.452777777777781,11.564444444444446,3.8883333333333354,0.5,4.900555555555557,1.5,10,2.1,0.0,274,38,6,4585890,"{""1"":0.5666666666666667,""2"":1.1286111111111112,""3"":4.5663888888888895,""4"":10.905277777777778,""5"":12.548055555555557,""6"":13.255277777777781}",1
ordinary/smooth-middle/insurance-first-ordinary,1198863191,VICTORY,19.630000000000003,14.62722222222222,5.002777777777782,0.7333333333333333,2.156944444444446,0.991388888888893,11,2.5,0.0,361,38,6,5752347,"{""1"":0.8,""2"":1.426111111111111,""3"":5.6875,""4"":13.960555555555553,""5"":16.14111111111111,""6"":17.473333333333336}",1
ordinary/smooth-middle/insurance-first-ordinary,1777738494,VICTORY,19.64527777777778,16.2975,3.347777777777779,0.5,4.122222222222221,1.040277777777779,9,1.9,0.0,301,38,6,4080292,"{""1"":0.5666666666666667,""2"":1.0208333333333333,""3"":4.675833333333333,""4"":13.313055555555556,""5"":16.84333333333333,""6"":17.44833333333333}",1
ordinary/smooth-middle/insurance-first-ordinary,1586363365,VICTORY,16.886111111111113,12.51666666666667,4.369444444444444,0.5,3.491388888888891,1.2947222222222214,6,1.3,0.0,328,38,6,7318191,"{""1"":0.5666666666666667,""2"":1.1336111111111111,""3"":2.7616666666666663,""4"":11.492777777777778,""5"":13.544166666666667,""6"":14.694444444444446}",1
ordinary/smooth-middle/insurance-first-ordinary,2713578375,VICTORY,16.15083333333333,12.643611111111113,3.507222222222218,0.5,2.119444444444444,0.9716666666666659,10,2.5,0.0,248,38,6,7524163,"{""1"":0.5666666666666667,""2"":1.816388888888889,""3"":6.808888888888889,""4"":12.364722222222223,""5"":13.550833333333333,""6"":14.390833333333335}",1
ordinary/smooth-middle/insurance-first-ordinary,2585798195,VICTORY,21.275,16.480833333333333,4.794166666666666,0.5,2.801388888888888,2.0763888888888915,10,2.2,0.0,375,38,6,6692845,"{""1"":0.5666666666666667,""2"":1.573888888888889,""3"":3.4475,""4"":13.909722222222221,""5"":17.115555555555556,""6"":17.89527777777778}",1
ordinary/smooth-middle/insurance-first-ordinary,1857291730,VICTORY,17.944999999999997,13.498333333333333,4.446666666666664,0.5,1.8311111111111094,1.1511111111111083,12,2.65,0.0,316,38,6,1290361,"{""1"":0.5666666666666667,""2"":1.1333333333333333,""3"":6.697500000000001,""4"":12.495555555555557,""5"":14.592777777777776,""6"":15.545833333333333}",1
ordinary/smooth-middle/insurance-first-ordinary,2732361777,BARRY_LOSS,8.368888888888888,,,0.5,1.5022222222222221,1.0666666666666667,12,2.65,0.0,43,17,3,4036,"{""1"":0.5666666666666667,""2"":0.7669444444444444,""3"":4.494166666666667}",1
ordinary/smooth-middle/insurance-first-ordinary,622120981,VICTORY,19.107499999999998,14.363055555555555,4.744444444444444,0.7333333333333333,4.621388888888886,2.001666666666665,12,2.5,0.0,330,38,6,12765214,"{""1"":2.799444444444444,""2"":2.8661111111111106,""3"":5.675555555555556,""4"":13.663333333333332,""5"":15.097777777777775,""6"":16.187499999999996}",1
ordinary/smooth-middle/insurance-first-ordinary,512103616,VICTORY,21.888333333333332,16.62805555555555,5.26027777777778,0.5,5.286944444444443,1.9519444444444427,13,2.8,0.0,385,38,6,3310770,"{""1"":0.5666666666666667,""2"":1.133888888888889,""3"":3.946111111111111,""4"":16.221388888888885,""5"":17.72277777777777,""6"":18.708333333333332}",1
recovery/control-depleted/cheapest-fast,140534245,VICTORY,10.909444444444448,8.680000000000003,2.229444444444445,0.31666666666666665,1.5938888888888891,0.9900000000000015,12,1.1833333333333333,0.0,243,35,6,8821105,"{""1"":0.31666666666666665,""2"":2.539166666666667,""3"":3.9724999999999997,""4"":7.359444444444447,""5"":8.805833333333336,""6"":9.42888888888889}",1
recovery/control-depleted/cheapest-fast,2996272391,VICTORY,9.476111111111111,7.244722222222221,2.2313888888888895,0.2125,0.9558333333333332,0.7211111111111108,10,1.05,0.0,209,35,6,6531441,"{""1"":0.2125,""2"":1.1766666666666665,""3"":2.536388888888889,""4"":6.770555555555555,""5"":7.353888888888888,""6"":8.150277777777777}",1
recovery/control-depleted/cheapest-fast,2660141233,VICTORY,12.786666666666664,6.76638888888889,6.020277777777774,0.2125,3.1872222222222217,0.772777777777776,10,1.05,0.0,281,35,6,3992292,"{""1"":0.2125,""2"":0.6861111111111111,""3"":1.9358333333333333,""4"":6.770555555555557,""5"":10.420833333333333,""6"":11.259999999999998}",1
recovery/control-depleted/cheapest-fast,1879534678,VICTORY,12.811666666666667,9.962222222222225,2.8494444444444422,0.2125,2.5880555555555547,0.8902777777777772,9,0.85,0.0,283,35,6,2515804,"{""1"":0.2125,""2"":1.4300000000000002,""3"":3.183055555555556,""4"":8.723611111111113,""5"":10.423333333333336,""6"":10.900833333333335}",1
recovery/control-depleted/cheapest-fast,3811295483,VICTORY,8.693611111111114,5.824999999999999,2.8686111111111146,0.2125,1.4227777777777777,0.9025000000000005,8,0.8666666666666667,0.0,224,35,6,11274150,"{""1"":0.2125,""2"":1.7405555555555554,""3"":3.3833333333333324,""4"":5.124722222222222,""5"":6.3311111111111105,""6"":7.093055555555556}",1
recovery/control-depleted/cheapest-fast,3095486586,VICTORY,8.992222222222223,5.175,3.817222222222223,0.2125,1.350833333333333,1.2058333333333338,9,0.9166666666666666,0.0,235,35,6,9586325,"{""1"":0.2125,""2"":1.5863888888888888,""3"":2.2544444444444443,""4"":5.175,""5"":6.251944444444445,""6"":7.1225000000000005}",1
recovery/control-depleted/cheapest-fast,1810744348,VICTORY,8.716111111111111,5.684722222222223,3.0313888888888885,0.2125,1.0336111111111113,1.1536111111111116,12,1.2333333333333334,0.0,237,35,6,4632054,"{""1"":0.2125,""2"":0.3963888888888889,""3"":1.7783333333333333,""4"":4.718055555555556,""5"":5.905555555555556,""6"":6.783611111111112}",1
recovery/control-depleted/cheapest-fast,4058650316,VICTORY,6.5502777777777785,4.0408333333333335,2.509444444444445,0.2125,1.303611111111111,1.0508333333333335,9,0.9,0.0,151,35,6,8843111,"{""1"":0.2125,""2"":1.6077777777777778,""3"":2.363611111111111,""4"":3.653888888888889,""5"":4.456666666666666,""6"":4.81138888888889}",1
recovery/control-depleted/cheapest-fast,875089084,VICTORY,12.498333333333333,9.22888888888889,3.269444444444444,0.31666666666666665,1.4644444444444455,0.849444444444445,15,1.45,0.0,262,35,6,3571258,"{""1"":0.31666666666666665,""2"":1.7594444444444444,""3"":3.815833333333333,""4"":9.029444444444445,""5"":10.064722222222224,""6"":10.857222222222221}",1
recovery/control-depleted/cheapest-fast,1788978524,VICTORY,9.841944444444444,6.476111111111111,3.365833333333333,0.2125,1.8372222222222223,0.9355555555555555,10,1.1,0.0,221,35,6,5786398,"{""1"":0.2125,""2"":2.0580555555555557,""3"":3.105,""4"":6.476111111111111,""5"":7.171944444444446,""6"":7.946944444444444}",1
recovery/control-depleted/cheapest-fast,4256095897,VICTORY,9.741388888888888,6.042777777777777,3.698611111111111,0.2125,1.0811111111111111,1.3622222222222224,9,0.9166666666666666,0.0,245,35,6,10640989,"{""1"":0.2125,""2"":1.8952777777777783,""3"":2.6958333333333337,""4"":5.485833333333334,""5"":6.553055555555556,""6"":7.792222222222223}",1
recovery/control-depleted/cheapest-fast,2199377803,VICTORY,11.584444444444443,7.281944444444444,4.302499999999999,0.2125,1.5916666666666666,1.1811111111111112,9,0.9333333333333333,0.0,275,35,6,10767127,"{""1"":0.2125,""2"":0.38861111111111113,""3"":2.4366666666666665,""4"":6.906111111111111,""5"":8.576944444444443,""6"":9.882777777777777}",1
recovery/control-depleted/cheapest-fast,3982548341,VICTORY,8.99361111111111,5.224444444444445,3.7691666666666643,0.2125,1.8827777777777779,0.9394444444444436,6,0.6333333333333333,0.0,248,35,6,6960361,"{""1"":0.2125,""2"":0.3938888888888889,""3"":2.9186111111111113,""4"":4.7091666666666665,""5"":5.820000000000001,""6"":6.687499999999999}",1
recovery/control-depleted/cheapest-fast,1366725504,VICTORY,16.80083333333334,12.641944444444448,4.158888888888892,0.2125,2.076111111111111,1.4227777777777797,12,1.2333333333333334,0.0,345,35,6,2825668,"{""1"":0.2125,""2"":1.85,""3"":4.228888888888889,""4"":11.505833333333333,""5"":13.905277777777782,""6"":14.589722222222226}",1
recovery/control-depleted/cheapest-fast,3947602375,VICTORY,12.045,8.300555555555558,3.744444444444442,0.2125,1.652222222222222,1.3530555555555546,10,1.05,0.0,260,35,6,8734311,"{""1"":0.2125,""2"":1.1008333333333333,""3"":3.5577777777777775,""4"":8.300555555555558,""5"":9.603055555555558,""6"":10.097500000000002}",1
recovery/control-depleted/cheapest-fast,2144712775,VICTORY,13.760000000000002,10.56777777777778,3.192222222222222,0.2125,4.528888888888889,1.3652777777777791,11,1.1666666666666667,0.0,290,35,6,6341001,"{""1"":0.2125,""2"":1.2974999999999999,""3"":2.440277777777778,""4"":9.636111111111113,""5"":10.766944444444446,""6"":11.690000000000001}",1
recovery/priced-middle-depleted/cheapest-fast,140534245,VICTORY,14.910000000000004,10.810833333333335,4.099166666666669,0.31666666666666665,2.6572222222222233,0.786944444444445,8,0.8666666666666667,0.0,343,35,6,5146593,"{""1"":0.31666666666666665,""2"":4.349722222222223,""3"":8.715833333333334,""4"":10.815000000000001,""5"":12.913611111111113,""6"":13.423055555555559}",1
recovery/priced-middle-depleted/cheapest-fast,2996272391,VICTORY,11.548055555555555,8.442777777777778,3.1052777777777774,0.2125,1.6177777777777778,1.1594444444444434,6,0.6333333333333333,0.0,306,35,6,6297682,"{""1"":0.2125,""2"":5.7958333333333325,""3"":7.8647222222222215,""4"":8.442777777777778,""5"":9.119722222222224,""6"":9.785277777777777}",1
recovery/priced-middle-depleted/cheapest-fast,2660141233,VICTORY,10.773888888888887,8.221388888888889,2.5524999999999984,0.2125,2.56638888888889,1.0897222222222203,6,0.6333333333333333,0.0,306,35,6,5041826,"{""1"":0.2125,""2"":2.8141666666666665,""3"":5.865277777777779,""4"":7.2330555555555565,""5"":8.465,""6"":9.11138888888889}",1
recovery/priced-middle-depleted/cheapest-fast,1879534678,VICTORY,16.150000000000006,12.973055555555561,3.1769444444444446,0.2125,3.9211111111111125,0.9372222222222244,7,0.65,0.0,400,35,6,3515381,"{""1"":0.2125,""2"":7.025277777777779,""3"":9.780000000000003,""4"":12.303333333333338,""5"":13.36805555555556,""6"":14.226111111111114}",1
recovery/priced-middle-depleted/cheapest-fast,3811295483,VICTORY,14.108055555555557,10.972777777777782,3.135277777777775,0.2125,3.6136111111111147,0.8444444444444438,8,0.9333333333333333,0.0,316,35,6,8697932,"{""1"":0.2125,""2"":5.558055555555556,""3"":10.670833333333338,""4"":10.972777777777782,""5"":11.999444444444446,""6"":12.506388888888893}",1
recovery/priced-middle-depleted/cheapest-fast,3095486586,VICTORY,13.751944444444451,9.617500000000005,4.134444444444446,0.2125,2.2458333333333353,1.4694444444444419,9,0.9333333333333333,0.0,337,35,6,5955844,"{""1"":0.2125,""2"":3.8061111111111114,""3"":7.04388888888889,""4"":9.010555555555559,""5"":10.89694444444445,""6"":11.423333333333343}",1
recovery/priced-middle-depleted/cheapest-fast,1810744348,VICTORY,12.449444444444447,8.712222222222225,3.737222222222222,0.2125,1.4463888888888894,0.9458333333333333,5,0.5666666666666667,0.0,329,35,6,2671413,"{""1"":0.2125,""2"":2.4611111111111112,""3"":8.145833333333334,""4"":8.527222222222225,""5"":9.921111111111113,""6"":10.783333333333335}",1
recovery/priced-middle-depleted/cheapest-fast,4058650316,VICTORY,9.340277777777779,5.945555555555555,3.3947222222222235,0.2125,1.303611111111111,0.7161111111111116,7,0.7333333333333333,0.0,258,35,6,5996758,"{""1"":0.2125,""2"":2.9497222222222224,""3"":5.5361111111111105,""4"":5.945555555555555,""5"":7.031666666666666,""6"":7.7875}",1
recovery/priced-middle-depleted/cheapest-fast,875089084,VICTORY,11.6075,8.86361111111111,2.7438888888888897,0.31666666666666665,1.4344444444444444,0.813055555555557,10,0.9666666666666667,0.0,261,35,6,1976983,"{""1"":0.31666666666666665,""2"":5.3469444444444445,""3"":6.830277777777777,""4"":7.947777777777777,""5"":9.135555555555554,""6"":10.010277777777777}",1
recovery/priced-middle-depleted/cheapest-fast,1788978524,VICTORY,16.955833333333334,13.254722222222222,3.7011111111111124,0.2125,2.6258333333333344,1.3583333333333352,7,0.7666666666666667,0.0,393,35,6,5703343,"{""1"":0.2125,""2"":6.209444444444445,""3"":12.534444444444444,""4"":12.853333333333333,""5"":14.3925,""6"":15.005277777777776}",1
recovery/priced-middle-depleted/cheapest-fast,4256095897,VICTORY,12.922222222222224,9.456388888888888,3.465833333333336,0.2125,1.776944444444444,1.0697222222222231,7,0.7166666666666667,0.0,314,35,6,4146392,"{""1"":0.2125,""2"":4.890000000000001,""3"":9.014722222222222,""4"":9.456388888888888,""5"":10.275833333333333,""6"":10.775555555555554}",1
recovery/priced-middle-depleted/cheapest-fast,2199377803,VICTORY,11.595,7.987222222222221,3.6077777777777795,0.2125,1.446111111111111,0.8513888888888895,7,0.65,0.0,293,35,6,1656739,"{""1"":0.2125,""2"":3.0552777777777775,""3"":6.713333333333333,""4"":7.2811111111111115,""5"":8.74361111111111,""6"":9.716944444444444}",1
recovery/priced-middle-depleted/cheapest-fast,3982548341,VICTORY,9.765277777777778,5.443333333333332,4.321944444444446,0.2125,2.0599999999999996,0.9583333333333315,5,0.5333333333333333,0.0,295,35,6,3860541,"{""1"":0.2125,""2"":2.8299999999999996,""3"":4.50611111111111,""4"":5.1741666666666655,""5"":6.9463888888888885,""6"":8.130555555555556}",1
recovery/priced-middle-depleted/cheapest-fast,1366725504,VICTORY,16.3975,13.287777777777782,3.109722222222219,0.2125,3.4883333333333346,0.9133333333333326,11,1.1833333333333333,0.0,410,35,6,14771748,"{""1"":0.2125,""2"":6.26638888888889,""3"":12.302500000000002,""4"":12.42527777777778,""5"":14.388055555555557,""6"":14.964722222222225}",1
recovery/priced-middle-depleted/cheapest-fast,3947602375,VICTORY,12.578055555555556,9.905555555555557,2.6724999999999994,0.2125,2.1161111111111124,1.0649999999999997,14,1.4666666666666666,0.0,293,35,6,5841177,"{""1"":0.2125,""2"":4.906666666666666,""3"":8.218333333333335,""4"":9.006944444444446,""5"":10.17,""6"":10.735833333333336}",1
recovery/priced-middle-depleted/cheapest-fast,2144712775,VICTORY,16.365833333333327,12.38722222222222,3.978611111111107,0.2125,2.164722222222222,1.2105555555555554,9,0.9166666666666666,0.0,420,35,6,3550138,"{""1"":0.2125,""2"":6.058333333333334,""3"":10.104722222222223,""4"":12.38722222222222,""5"":13.509722222222218,""6"":14.56194444444444}",1
recovery/smooth-middle-depleted/cheapest-fast,140534245,VICTORY,13.431944444444444,10.296111111111111,3.1358333333333324,0.31666666666666665,1.7511111111111115,0.9377777777777775,13,1.2666666666666666,0.0,341,35,6,537029,"{""1"":0.31666666666666665,""2"":0.9452777777777778,""3"":3.1036111111111118,""4"":8.700555555555555,""5"":11.491666666666667,""6"":11.935}",1
recovery/smooth-middle-depleted/cheapest-fast,2996272391,VICTORY,11.27805555555555,8.13472222222222,3.143333333333331,0.2125,2.1827777777777753,1.1269444444444427,7,0.7333333333333333,0.0,259,35,6,1631909,"{""1"":0.2125,""2"":1.1766666666666665,""3"":3.218055555555556,""4"":7.714999999999997,""5"":8.898611111111109,""6"":9.639722222222218}",1
recovery/smooth-middle-depleted/cheapest-fast,2660141233,VICTORY,11.296111111111111,7.7847222222222205,3.5113888888888907,0.2125,1.9955555555555557,1.4,7,0.6833333333333333,0.0,319,35,6,9372194,"{""1"":0.2125,""2"":0.6861111111111111,""3"":2.8308333333333335,""4"":6.698611111111111,""5"":8.168888888888889,""6"":9.389722222222222}",1
recovery/smooth-middle-depleted/cheapest-fast,1879534678,VICTORY,11.622222222222224,8.278333333333332,3.343888888888891,0.2125,1.5911111111111116,0.8833333333333333,8,0.7333333333333333,0.0,302,35,6,1397115,"{""1"":0.2125,""2"":0.2966666666666667,""3"":3.9780555555555566,""4"":8.159166666666668,""5"":9.378055555555555,""6"":9.898888888888887}",1
recovery/smooth-middle-depleted/cheapest-fast,3811295483,VICTORY,12.36194444444444,9.571666666666665,2.7902777777777743,0.2125,3.138055555555557,0.8924999999999973,8,0.8666666666666667,0.0,313,35,6,15141976,"{""1"":0.2125,""2"":0.30333333333333334,""3"":1.9969444444444444,""4"":9.097777777777775,""5"":10.344166666666665,""6"":10.705833333333329}",1
recovery/smooth-middle-depleted/cheapest-fast,3095486586,VICTORY,12.670000000000003,9.472500000000002,3.1975000000000016,0.2125,2.2550000000000003,1.2408333333333341,7,0.7666666666666667,0.0,348,35,6,11696116,"{""1"":0.2125,""2"":0.9708333333333333,""3"":2.4058333333333333,""4"":8.290555555555555,""5"":9.858055555555557,""6"":10.58666666666667}",1
recovery/smooth-middle-depleted/cheapest-fast,1810744348,VICTORY,12.01416666666667,8.341666666666667,3.672500000000003,0.2125,1.7772222222222211,1.1383333333333325,6,0.6166666666666667,0.0,346,35,6,8320704,"{""1"":0.2125,""2"":0.31055555555555553,""3"":0.8416666666666667,""4"":7.368333333333334,""5"":9.545,""6"":10.229722222222223}",1
recovery/smooth-middle-depleted/cheapest-fast,4058650316,VICTORY,8.419722222222223,4.811388888888888,3.608333333333335,0.2125,1.0066666666666668,0.736944444444445,7,0.7666666666666667,0.0,257,35,6,3288404,"{""1"":0.2125,""2"":0.30416666666666664,""3"":1.9802777777777778,""4"":4.470833333333333,""5"":5.6436111111111105,""6"":6.745277777777777}",1
recovery/smooth-middle-depleted/cheapest-fast,875089084,VICTORY,13.876944444444451,10.096111111111112,3.780833333333339,0.31666666666666665,1.8855555555555563,1.3269444444444465,11,1.0666666666666667,0.0,349,35,6,15081686,"{""1"":0.31666666666666665,""2"":1.7594444444444444,""3"":3.9005555555555556,""4"":9.982222222222223,""5"":11.124722222222225,""6"":12.059166666666671}",1
recovery/smooth-middle-depleted/cheapest-fast,1788978524,VICTORY,16.138055555555557,12.771944444444447,3.3661111111111097,0.2125,3.8547222222222244,1.1783333333333321,9,0.95,0.0,372,35,6,6460421,"{""1"":0.2125,""2"":2.0580555555555557,""3"":5.879722222222222,""4"":12.673611111111114,""5"":13.61277777777778,""6"":14.222500000000002}",1
recovery/smooth-middle-depleted/cheapest-fast,4256095897,VICTORY,8.856666666666667,5.245277777777779,3.6113888888888885,0.2125,1.2836111111111124,1.1680555555555563,6,0.5666666666666667,0.0,275,35,6,8612522,"{""1"":0.2125,""2"":0.31166666666666665,""3"":1.643611111111111,""4"":4.994166666666668,""5"":6.494166666666668,""6"":7.020555555555557}",1
recovery/smooth-middle-depleted/cheapest-fast,2199377803,VICTORY,10.828611111111112,6.631111111111112,4.1975,0.2125,2.572777777777779,1.0816666666666663,8,0.8333333333333334,0.0,309,35,6,10195059,"{""1"":0.2125,""2"":0.38861111111111113,""3"":1.335,""4"":6.236666666666668,""5"":7.635277777777778,""6"":8.51}",1
recovery/smooth-middle-depleted/cheapest-fast,3982548341,VICTORY,10.500555555555556,6.408333333333333,4.092222222222222,0.2125,1.3494444444444447,0.7872222222222225,7,0.7666666666666667,0.0,282,35,6,14325886,"{""1"":0.2125,""2"":0.3938888888888889,""3"":2.756111111111111,""4"":6.167777777777777,""5"":7.537222222222222,""6"":8.868333333333332}",1
recovery/smooth-middle-depleted/cheapest-fast,1366725504,VICTORY,15.279444444444445,11.534999999999998,3.744444444444447,0.2125,2.4663888888888885,1.0819444444444437,11,1.1,0.0,392,35,6,10242381,"{""1"":0.2125,""2"":1.2049999999999998,""3"":2.3127777777777774,""4"":11.062777777777775,""5"":12.62611111111111,""6"":13.476666666666667}",1
recovery/smooth-middle-depleted/cheapest-fast,3947602375,VICTORY,13.331944444444442,10.39111111111111,2.940833333333332,0.2125,2.469999999999999,0.6752777777777794,9,0.95,0.0,318,35,6,3899862,"{""1"":0.2125,""2"":1.1008333333333333,""3"":3.5730555555555554,""4"":10.111388888888888,""5"":11.065277777777775,""6"":11.658055555555553}",1
recovery/smooth-middle-depleted/cheapest-fast,2144712775,VICTORY,10.88583333333333,7.096111111111112,3.7897222222222187,0.2125,1.8080555555555553,1.1927777777777768,13,1.3,0.0,280,35,6,7593461,"{""1"":0.2125,""2"":0.4788888888888889,""3"":3.039166666666667,""4"":6.92388888888889,""5"":8.049166666666666,""6"":8.839166666666666}",1
selection/control/cheapest-fast,704353709,VICTORY,10.301944444444446,7.320833333333335,2.9811111111111117,0.2125,1.144999999999999,1.0688888888888906,9,0.9333333333333333,0.0,236,35,6,6260122,"{""1"":0.2125,""2"":0.7172222222222222,""3"":1.5866666666666664,""4"":6.200833333333334,""5"":8.041666666666668,""6"":8.601388888888891}",1
selection/control/cheapest-fast,4260180900,VICTORY,16.237222222222215,12.86694444444444,3.3702777777777744,0.31666666666666665,2.3538888888888883,1.2333333333333314,10,1.0166666666666666,0.0,329,35,6,5635296,"{""1"":0.31666666666666665,""2"":1.2916666666666667,""3"":5.67638888888889,""4"":11.96305555555555,""5"":13.561388888888887,""6"":14.197499999999996}",1
selection/control/cheapest-fast,1990501422,VICTORY,12.98916666666667,8.626111111111113,4.363055555555556,0.2125,2.318333333333334,1.9616666666666673,14,1.5333333333333334,0.0,301,35,6,5200562,"{""1"":0.2125,""2"":3.850833333333333,""3"":5.394166666666666,""4"":8.368888888888891,""5"":9.154166666666669,""6"":10.241666666666669}",1
selection/control/cheapest-fast,1907653402,VICTORY,10.75,6.830555555555554,3.919444444444446,0.2125,1.3205555555555564,1.8825000000000007,8,0.7666666666666667,0.0,278,35,6,3397736,"{""1"":0.2125,""2"":0.2997222222222222,""3"":1.1527777777777777,""4"":5.987499999999999,""5"":7.52361111111111,""6"":8.121666666666666}",1
selection/control/cheapest-fast,457767595,VICTORY,10.803333333333333,7.407777777777777,3.395555555555556,0.2125,1.5958333333333339,1.3600000000000003,9,0.9333333333333333,0.0,284,35,6,3808691,"{""1"":0.2125,""2"":0.9061111111111112,""3"":2.0636111111111113,""4"":5.910555555555557,""5"":7.915277777777776,""6"":8.569444444444441}",1
selection/control/cheapest-fast,696618367,VICTORY,12.40972222222222,9.319999999999997,3.089722222222223,0.31666666666666665,1.5880555555555556,0.8105555555555555,15,1.4833333333333334,0.0,278,35,6,8841142,"{""1"":0.31666666666666665,""2"":2.170555555555555,""3"":2.9191666666666665,""4"":9.101388888888888,""5"":9.919999999999996,""6"":10.647499999999999}",1
selection/control/cheapest-fast,896864469,VICTORY,11.25388888888889,7.830277777777779,3.4236111111111107,0.2125,1.7424999999999997,0.847777777777776,14,1.4,0.0,267,35,6,9156053,"{""1"":0.2125,""2"":0.87,""3"":2.4600000000000004,""4"":7.526111111111112,""5"":8.129722222222222,""6"":9.283888888888889}",1
selection/control/cheapest-fast,2016296874,VICTORY,9.403333333333334,5.740277777777778,3.663055555555556,0.31666666666666665,0.9555555555555557,0.8044444444444442,11,1.1333333333333333,0.0,237,35,6,6642982,"{""1"":0.31666666666666665,""2"":1.0402777777777776,""3"":2.0102777777777776,""4"":5.2747222222222225,""5"":6.940555555555557,""6"":7.933611111111113}",1
selection/control/income-path-fast,704353709,VICTORY,10.54111111111111,8.124444444444443,2.416666666666668,0.2125,1.1911111111111112,1.159166666666666,13,1.3166666666666667,0.0,233,31,6,5410297,"{""1"":3.0069444444444438,""2"":3.200555555555555,""3"":4.330277777777777,""4"":7.498333333333332,""5"":8.209444444444442,""6"":9.211944444444445}",1
selection/control/income-path-fast,4260180900,VICTORY,18.048055555555553,15.703888888888889,2.3441666666666645,0.31666666666666665,6.9750000000000005,1.0558333333333318,12,1.1666666666666667,0.0,395,31,6,8474049,"{""1"":8.969722222222224,""2"":8.97388888888889,""3"":9.616388888888888,""4"":14.823888888888888,""5"":16.135555555555555,""6"":16.99222222222222}",1
selection/control/income-path-fast,1990501422,VICTORY,17.180000000000003,13.531388888888896,3.648611111111107,0.2125,1.998888888888889,1.822222222222219,7,0.6666666666666666,0.0,385,30,6,8130054,"{""1"":5.209722222222223,""2"":5.480000000000001,""3"":6.161388888888892,""4"":12.966666666666674,""5"":14.610555555555562,""6"":15.357777777777784}",1
selection/control/income-path-fast,1907653402,VICTORY,17.97861111111111,15.113055555555555,2.865555555555556,0.2125,5.449444444444444,1.1475000000000022,11,1.0333333333333334,0.0,361,31,6,9534827,"{""1"":5.674444444444444,""2"":7.936111111111112,""3"":9.45111111111111,""4"":15.113055555555555,""5"":15.853333333333332,""6"":16.714444444444442}",1
selection/control/income-path-fast,457767595,VICTORY,15.124722222222223,11.201944444444447,3.9227777777777764,0.2125,2.5955555555555576,2.2280555555555566,7,0.7,0.0,354,31,6,1502820,"{""1"":3.9733333333333336,""2"":4.606111111111111,""3"":5.880833333333333,""4"":10.178333333333335,""5"":12.1575,""6"":12.896666666666667}",1
selection/control/income-path-fast,696618367,VICTORY,11.206388888888885,8.771388888888886,2.4349999999999987,0.31666666666666665,2.2963888888888873,1.377777777777777,13,1.35,0.0,241,31,6,6027397,"{""1"":3.2299999999999995,""2"":3.8688888888888884,""3"":4.244722222222221,""4"":8.247777777777776,""5"":9.156666666666665,""6"":9.828611111111108}",1
selection/control/income-path-fast,896864469,VICTORY,20.15472222222222,16.17083333333333,3.983888888888888,0.2125,7.5391666666666675,2.266944444444444,15,1.55,0.0,458,30,6,9039714,"{""1"":9.357222222222223,""2"":9.46,""3"":9.464166666666667,""4"":16.17083333333333,""5"":17.514999999999997,""6"":17.887777777777774}",1
selection/control/income-path-fast,2016296874,VICTORY,16.77083333333334,13.783888888888894,2.986944444444445,0.31666666666666665,1.9980555555555555,2.535555555555557,9,0.8666666666666667,0.0,378,30,6,476412,"{""1"":2.830833333333333,""2"":3.485,""3"":4.986944444444445,""4"":13.272500000000006,""5"":14.019722222222226,""6"":14.231111111111115}",1
selection/control/income-path-insurance-fast,704353709,VICTORY,9.21638888888889,7.318888888888889,1.8975000000000009,0.2125,1.7674999999999992,0.9169444444444451,12,1.2333333333333334,0.0,184,33,6,1271798,"{""1"":1.3480555555555553,""2"":1.8016666666666667,""3"":2.855,""4"":6.426944444444444,""5"":7.460277777777778,""6"":8.299444444444443}",1
selection/control/income-path-insurance-fast,4260180900,VICTORY,20.203888888888887,17.521111111111107,2.6827777777777797,0.31666666666666665,7.816111111111108,1.0230555555555536,14,1.45,0.0,412,34,6,11778561,"{""1"":13.899166666666666,""2"":14.524999999999999,""3"":14.529166666666665,""4"":17.521111111111107,""5"":18.733611111111106,""6"":19.176666666666666}",1
selection/control/income-path-insurance-fast,1990501422,VICTORY,15.414444444444449,11.10694444444445,4.307499999999999,0.2125,2.6927777777777777,1.7408333333333321,10,1.0,0.0,382,33,6,7259366,"{""1"":4.675277777777779,""2"":4.918611111111113,""3"":5.177500000000001,""4"":10.49166666666667,""5"":12.848055555555561,""6"":13.673611111111116}",1
selection/control/income-path-insurance-fast,1907653402,VICTORY,13.699444444444447,10.888055555555557,2.8113888888888905,0.2125,2.7849999999999993,1.8627777777777794,12,1.15,0.0,308,33,6,8065601,"{""1"":5.592500000000001,""2"":5.596666666666668,""3"":6.3836111111111125,""4"":10.70027777777778,""5"":11.306666666666668,""6"":11.836666666666668}",1
selection/control/income-path-insurance-fast,457767595,VICTORY,17.893611111111106,14.854444444444445,3.0391666666666612,0.2125,4.304166666666666,1.829722222222218,11,1.0666666666666667,0.0,380,33,6,2943342,"{""1"":7.113888888888888,""2"":7.413888888888888,""3"":8.735277777777776,""4"":13.69611111111111,""5"":15.280833333333332,""6"":16.063888888888886}",1
selection/control/income-path-insurance-fast,696618367,VICTORY,13.931666666666663,11.448888888888884,2.4827777777777786,0.31666666666666665,2.343333333333331,1.4322222222222214,11,1.1333333333333333,0.0,249,33,6,4723376,"{""1"":4.42861111111111,""2"":5.940833333333333,""3"":7.36611111111111,""4"":11.348888888888885,""5"":11.979722222222218,""6"":12.49944444444444}",1
selection/control/income-path-insurance-fast,896864469,VICTORY,15.621944444444448,13.128611111111114,2.493333333333334,0.2125,3.8002777777777785,1.2569444444444438,14,1.4,0.0,313,33,6,8871123,"{""1"":7.933333333333334,""2"":8.023611111111112,""3"":9.765555555555556,""4"":13.128611111111114,""5"":13.478611111111114,""6"":14.365000000000006}",1
selection/control/income-path-insurance-fast,2016296874,VICTORY,11.45916666666667,7.8336111111111135,3.6255555555555565,0.31666666666666665,1.2411111111111117,1.3258333333333325,13,1.25,0.0,295,35,6,5175500,"{""1"":2.020833333333333,""2"":2.3777777777777773,""3"":2.4652777777777772,""4"":6.149444444444445,""5"":8.894166666666669,""6"":9.72277777777778}",1
selection/control/insurance-first-fast,704353709,VICTORY,10.058611111111112,6.62388888888889,3.4347222222222227,0.2125,1.2827777777777778,1.1486111111111124,6,0.6333333333333333,0.0,235,38,6,6584035,"{""1"":0.22083333333333333,""2"":2.1694444444444447,""3"":3.4225,""4"":6.290000000000001,""5"":7.521111111111112,""6"":8.210555555555556}",1
selection/control/insurance-first-fast,4260180900,VICTORY,14.563611111111111,11.147777777777778,3.4158333333333335,0.31666666666666665,1.7294444444444452,1.277222222222222,13,1.2833333333333334,0.0,329,38,6,11926434,"{""1"":0.32083333333333336,""2"":1.4488888888888887,""3"":5.088055555555556,""4"":9.007777777777779,""5"":11.809444444444445,""6"":12.599722222222223}",1
selection/control/insurance-first-fast,1990501422,VICTORY,9.837222222222222,6.470000000000001,3.367222222222221,0.2125,2.0738888888888893,1.4258333333333326,9,0.9333333333333333,0.0,245,38,6,6819782,"{""1"":0.22083333333333333,""2"":0.9538888888888889,""3"":2.332222222222222,""4"":6.236111111111112,""5"":6.713055555555557,""6"":7.5069444444444455}",1
selection/control/insurance-first-fast,1907653402,VICTORY,11.682777777777776,8.138611111111109,3.5441666666666674,0.2125,1.755833333333333,1.760833333333333,10,1.05,0.0,261,38,6,5565383,"{""1"":0.22083333333333333,""2"":0.46166666666666667,""3"":4.509444444444443,""4"":8.03222222222222,""5"":8.78222222222222,""6"":9.326388888888888}",1
selection/control/insurance-first-fast,457767595,VICTORY,9.499166666666667,5.008055555555556,4.4911111111111115,0.2125,1.375555555555555,1.6361111111111124,7,0.7333333333333333,0.0,265,38,6,4544747,"{""1"":0.22083333333333333,""2"":0.5155555555555555,""3"":1.2244444444444444,""4"":3.9094444444444445,""5"":5.832222222222223,""6"":6.827222222222221}",1
selection/control/insurance-first-fast,696618367,VICTORY,12.150833333333333,9.134999999999998,3.015833333333335,0.31666666666666665,1.4663888888888887,0.8688888888888887,12,1.1666666666666667,0.0,276,38,6,10169391,"{""1"":0.325,""2"":1.7905555555555557,""3"":2.971111111111111,""4"":8.73861111111111,""5"":9.77361111111111,""6"":10.712222222222222}",1
selection/control/insurance-first-fast,896864469,VICTORY,11.898333333333333,8.381944444444445,3.516388888888889,0.2125,1.5413888888888891,0.7916666666666666,9,0.9666666666666667,0.0,272,38,6,3306097,"{""1"":0.22083333333333333,""2"":1.5369444444444444,""3"":3.0644444444444447,""4"":8.28361111111111,""5"":8.988888888888887,""6"":10.145555555555553}",1
selection/control/insurance-first-fast,2016296874,VICTORY,10.718333333333337,6.093055555555556,4.625277777777781,0.31666666666666665,1.5422222222222226,0.8436111111111112,12,1.1833333333333333,0.0,274,38,6,6640875,"{""1"":0.325,""2"":1.208888888888889,""3"":3.379722222222222,""4"":6.093055555555556,""5"":8.145833333333336,""6"":9.17916666666667}",1
selection/control/skip-late-stakes-fast,704353709,VICTORY,14.187500000000002,6.740833333333333,7.446666666666669,0.2125,1.144999999999999,3.9708333333333354,9,0.9333333333333333,0.0,478,32,3,3448134,"{""1"":0.2125,""2"":0.7172222222222222,""3"":1.5866666666666664}",1
selection/control/skip-late-stakes-fast,4260180900,VICTORY,19.863333333333326,12.646666666666663,7.216666666666663,0.31666666666666665,2.3538888888888883,3.5291666666666646,10,1.0166666666666666,0.0,551,32,3,807540,"{""1"":0.31666666666666665,""2"":1.2916666666666667,""3"":5.67638888888889}",1
selection/control/skip-late-stakes-fast,1990501422,VICTORY,17.290555555555557,8.653611111111111,8.636944444444445,0.2125,2.318333333333334,3.747777777777778,14,1.5333333333333334,0.0,556,32,3,4303927,"{""1"":0.2125,""2"":3.850833333333333,""3"":5.394166666666666}",1
selection/control/skip-late-stakes-fast,1907653402,VICTORY,14.83222222222222,7.567222222222221,7.265,0.2125,1.5797222222222218,3.125,8,0.7666666666666667,0.0,466,32,3,1913969,"{""1"":0.2125,""2"":0.2997222222222222,""3"":1.1527777777777777}",1
selection/control/skip-late-stakes-fast,457767595,VICTORY,14.309999999999997,6.8194444444444455,7.490555555555551,0.2125,1.5958333333333339,3.520555555555554,9,0.9333333333333333,0.0,491,32,3,371775,"{""1"":0.2125,""2"":0.9061111111111112,""3"":2.0636111111111113}",1
selection/control/skip-late-stakes-fast,696618367,VICTORY,16.4425,9.319999999999997,7.122500000000002,0.31666666666666665,1.5880555555555556,3.7991666666666655,15,1.4833333333333334,0.0,491,32,3,273194,"{""1"":0.31666666666666665,""2"":2.170555555555555,""3"":2.9191666666666665}",1
selection/control/skip-late-stakes-fast,896864469,VICTORY,14.614444444444445,7.961388888888889,6.6530555555555555,0.2125,1.7424999999999997,2.9355555555555535,14,1.4,0.0,450,32,3,2309252,"{""1"":0.2125,""2"":0.87,""3"":2.4600000000000004}",1
selection/control/skip-late-stakes-fast,2016296874,VICTORY,12.725555555555557,5.736111111111112,6.9894444444444455,0.31666666666666665,0.9555555555555557,3.170000000000001,11,1.1333333333333333,0.0,445,32,3,2319596,"{""1"":0.31666666666666665,""2"":1.0402777777777776,""3"":2.0102777777777776}",1
selection/control/stake-first-fast,704353709,VICTORY,9.254444444444443,5.339722222222222,3.9147222222222213,0.2125,1.3458333333333337,0.9686111111111112,11,1.1333333333333333,0.0,221,35,6,3377679,"{""1"":0.2125,""2"":0.7172222222222222,""3"":1.1188888888888888,""4"":5.339722222222222,""5"":6.170277777777779,""6"":7.323055555555555}",1
selection/control/stake-first-fast,4260180900,VICTORY,16.38666666666666,12.86694444444444,3.519722222222219,0.31666666666666665,2.3538888888888883,1.2388888888888876,10,1.0166666666666666,0.0,329,35,6,6036158,"{""1"":0.31666666666666665,""2"":1.2916666666666667,""3"":5.67638888888889,""4"":11.958888888888884,""5"":13.06222222222222,""6"":13.897499999999997}",1
selection/control/stake-first-fast,1990501422,VICTORY,13.72055555555556,8.626111111111113,5.094444444444447,0.2125,2.318333333333334,1.9588888888888902,14,1.5333333333333334,0.0,303,35,6,1556687,"{""1"":0.2125,""2"":3.850833333333333,""3"":5.394166666666666,""4"":8.364722222222223,""5"":8.630277777777781,""6"":10.811944444444446}",1
selection/control/stake-first-fast,1907653402,VICTORY,10.5825,7.346388888888888,3.2361111111111116,0.2125,1.1974999999999993,1.6083333333333314,10,1.05,0.0,238,35,6,3069023,"{""1"":0.2125,""2"":0.2997222222222222,""3"":0.46166666666666667,""4"":6.144722222222223,""5"":7.690277777777777,""6"":8.105555555555556}",1
selection/control/stake-first-fast,457767595,VICTORY,10.772777777777776,7.407777777777777,3.3649999999999993,0.2125,1.5958333333333339,1.4083333333333334,9,0.9333333333333333,0.0,284,35,6,4273164,"{""1"":0.2125,""2"":0.9061111111111112,""3"":2.055277777777778,""4"":5.906388888888889,""5"":7.407777777777777,""6"":8.349444444444442}",1
selection/control/stake-first-fast,696618367,VICTORY,12.360277777777776,9.319999999999997,3.0402777777777796,0.31666666666666665,1.5880555555555556,0.7405555555555565,15,1.4833333333333334,0.0,279,35,6,4569355,"{""1"":0.31666666666666665,""2"":2.170555555555555,""3"":2.9191666666666665,""4"":9.101388888888888,""5"":9.554444444444442,""6"":10.390555555555553}",1
selection/control/stake-first-fast,896864469,VICTORY,11.601388888888891,7.808333333333334,3.793055555555558,0.2125,1.3733333333333329,0.7700000000000008,13,1.2833333333333334,0.0,270,35,6,6005328,"{""1"":0.2125,""2"":0.87,""3"":1.1324999999999998,""4"":6.873611111111111,""5"":7.808333333333334,""6"":9.449722222222222}",1
selection/control/stake-first-fast,2016296874,VICTORY,8.989444444444445,5.740277777777778,3.2491666666666665,0.31666666666666665,0.9555555555555557,0.7002777777777776,11,1.1333333333333333,0.0,228,35,6,7836005,"{""1"":0.31666666666666665,""2"":1.0402777777777776,""3"":2.0102777777777776,""4"":5.2747222222222225,""5"":6.3725000000000005,""6"":6.845833333333334}",1
selection/priced-middle/cheapest-fast,704353709,VICTORY,14.76499999999999,9.930277777777775,4.834722222222215,0.2125,2.8194444444444433,1.3116666666666636,8,0.8333333333333334,0.0,375,35,6,10684641,"{""1"":0.2125,""2"":5.74361111111111,""3"":9.479999999999995,""4"":9.930277777777775,""5"":11.852499999999996,""6"":12.632777777777772}",1
selection/priced-middle/cheapest-fast,4260180900,VICTORY,13.902500000000002,10.698888888888886,3.2036111111111154,0.31666666666666665,3.3594444444444416,1.151666666666667,7,0.7333333333333333,0.0,341,35,6,10371093,"{""1"":0.31666666666666665,""2"":4.831944444444444,""3"":10.114166666666666,""4"":10.122499999999999,""5"":11.326944444444445,""6"":11.935}",1
selection/priced-middle/cheapest-fast,1990501422,VICTORY,17.890555555555565,13.26083333333334,4.629722222222226,0.2125,2.8049999999999984,1.1644444444444464,11,1.2333333333333334,0.0,410,35,6,1759492,"{""1"":0.2125,""2"":7.235277777777779,""3"":10.737222222222222,""4"":13.26083333333334,""5"":14.839722222222228,""6"":15.762500000000008}",1
selection/priced-middle/cheapest-fast,1907653402,VICTORY,11.606666666666666,7.692777777777777,3.9138888888888888,0.2125,2.3033333333333332,1.1194444444444438,5,0.5,0.0,312,35,6,9975977,"{""1"":0.2125,""2"":3.833055555555555,""3"":6.526666666666667,""4"":7.692777777777777,""5"":8.808055555555557,""6"":9.540555555555557}",1
selection/priced-middle/cheapest-fast,457767595,VICTORY,13.639444444444443,9.62861111111111,4.010833333333332,0.2125,1.891944444444446,1.1005555555555568,5,0.5666666666666667,0.0,375,35,6,7644262,"{""1"":0.2125,""2"":3.375555555555556,""3"":7.662222222222224,""4"":9.519166666666669,""5"":10.320555555555556,""6"":11.817499999999997}",1
selection/priced-middle/cheapest-fast,696618367,VICTORY,14.092777777777778,10.031111111111109,4.061666666666669,0.31666666666666665,1.4625000000000006,0.8788888888888892,10,1.0,0.0,322,35,6,9804277,"{""1"":0.31666666666666665,""2"":4.198888888888889,""3"":8.821111111111112,""4"":9.829166666666662,""5"":11.787222222222221,""6"":12.438333333333334}",1
selection/priced-middle/cheapest-fast,896864469,VICTORY,11.940277777777778,9.063888888888892,2.8763888888888864,0.2125,2.0302777777777776,1.284166666666666,8,0.85,0.0,299,35,6,18625045,"{""1"":0.2125,""2"":3.578611111111111,""3"":6.720833333333333,""4"":7.778888888888891,""5"":9.183055555555557,""6"":10.100555555555557}",1
selection/priced-middle/cheapest-fast,2016296874,VICTORY,11.410555555555558,8.019166666666667,3.3913888888888906,0.31666666666666665,1.778333333333333,1.2058333333333355,11,1.1,0.0,305,35,6,5041340,"{""1"":0.31666666666666665,""2"":2.8713888888888888,""3"":6.741666666666666,""4"":7.7377777777777785,""5"":8.68888888888889,""6"":9.446666666666665}",1
selection/priced-middle/income-path-fast,704353709,VICTORY,14.781666666666666,11.662777777777778,3.118888888888888,0.2125,2.6686111111111113,1.6669444444444423,9,0.95,0.0,378,30,6,1086818,"{""1"":3.0069444444444438,""2"":6.717499999999999,""3"":8.604166666666664,""4"":10.68,""5"":12.556666666666667,""6"":13.114722222222223}",1
selection/priced-middle/income-path-fast,4260180900,VICTORY,18.942777777777778,16.49083333333333,2.4519444444444467,0.31666666666666665,6.9750000000000005,1.1658333333333304,11,1.0666666666666667,0.0,406,31,6,8216857,"{""1"":8.969722222222224,""2"":9.820555555555558,""3"":14.123333333333335,""4"":15.858611111111111,""5"":17.601666666666667,""6"":17.77277777777778}",1
selection/priced-middle/income-path-fast,1990501422,VICTORY,20.750000000000007,17.88444444444445,2.865555555555556,0.2125,2.87388888888889,1.393888888888887,10,0.9666666666666667,0.0,434,32,6,14105056,"{""1"":5.209722222222223,""2"":6.343333333333336,""3"":17.046111111111117,""4"":17.050277777777783,""5"":18.41555555555556,""6"":19.124444444444453}",1
selection/priced-middle/income-path-fast,1907653402,VICTORY,21.103333333333342,18.820000000000004,2.2833333333333385,0.2125,5.449444444444444,1.333333333333337,10,0.95,0.0,413,30,6,2046243,"{""1"":5.674444444444444,""2"":10.500277777777777,""3"":18.34333333333333,""4"":18.651944444444446,""5"":19.33666666666667,""6"":19.770000000000003}",1
selection/priced-middle/income-path-fast,457767595,VICTORY,16.824444444444442,13.177777777777774,3.6466666666666683,0.2125,2.4733333333333336,1.8377777777777775,7,0.7,0.0,376,31,6,12468826,"{""1"":3.9733333333333336,""2"":6.184722222222223,""3"":8.596666666666666,""4"":13.028888888888885,""5"":14.285277777777777,""6"":14.986666666666666}",1
selection/priced-middle/income-path-fast,696618367,VICTORY,17.761111111111116,14.916111111111116,2.8450000000000006,0.31666666666666665,2.077777777777777,1.2399999999999995,11,1.1666666666666667,0.0,343,31,6,872546,"{""1"":3.2299999999999995,""2"":5.91861111111111,""3"":12.351388888888888,""4"":14.23527777777778,""5"":15.02666666666667,""6"":16.36305555555556}",1
selection/priced-middle/income-path-fast,896864469,VICTORY,21.254999999999992,17.575555555555557,3.679444444444435,0.2125,7.5391666666666675,2.4649999999999976,14,1.45,0.0,506,31,6,12853381,"{""1"":9.357222222222223,""2"":9.46,""3"":16.602499999999996,""4"":17.403888888888886,""5"":17.81444444444444,""6"":18.789999999999996}",1
selection/priced-middle/income-path-fast,2016296874,VICTORY,18.793611111111108,15.823611111111111,2.969999999999997,0.31666666666666665,3.129444444444441,1.640277777777779,10,0.9666666666666667,0.0,412,31,6,2590931,"{""1"":2.830833333333333,""2"":6.69527777777778,""3"":11.025000000000002,""4"":14.87583333333333,""5"":16.03527777777778,""6"":17.15333333333333}",1
selection/priced-middle/income-path-insurance-fast,704353709,VICTORY,12.229999999999997,9.378055555555555,2.8519444444444417,0.2125,1.8702777777777773,1.359166666666666,7,0.6833333333333333,0.0,298,34,6,122391,"{""1"":1.3480555555555553,""2"":3.0313888888888894,""3"":8.147777777777778,""4"":8.151944444444444,""5"":9.696944444444444,""6"":10.870833333333332}",1
selection/priced-middle/income-path-insurance-fast,4260180900,VICTORY,23.422499999999992,20.329166666666662,3.09333333333333,0.31666666666666665,7.816111111111108,1.6069444444444418,15,1.5,0.0,490,33,6,8457581,"{""1"":13.899166666666666,""2"":14.524999999999999,""3"":17.36972222222222,""4"":19.85555555555555,""5"":21.062777777777775,""6"":21.815555555555548}",1
selection/priced-middle/income-path-insurance-fast,1990501422,VICTORY,19.08750000000001,16.144722222222228,2.9427777777777813,0.2125,2.6927777777777777,1.4302777777777769,13,1.3333333333333333,0.0,417,34,6,5567906,"{""1"":4.675277777777779,""2"":5.8611111111111125,""3"":11.63805555555556,""4"":15.745555555555562,""5"":16.262777777777785,""6"":17.65722222222223}",1
selection/priced-middle/income-path-insurance-fast,1907653402,VICTORY,18.31916666666666,15.49083333333333,2.8283333333333314,0.2125,3.202777777777777,1.4816666666666662,10,1.0,0.0,430,33,6,5316538,"{""1"":5.592500000000001,""2"":10.077500000000002,""3"":12.171388888888888,""4"":15.494999999999996,""5"":16.133611111111104,""6"":16.837499999999995}",1
selection/priced-middle/income-path-insurance-fast,457767595,VICTORY,20.301388888888887,17.834999999999997,2.46638888888889,0.2125,4.304166666666666,1.3947222222222233,8,0.7833333333333333,0.0,457,32,6,6845176,"{""1"":7.113888888888888,""2"":9.349166666666665,""3"":16.906111111111112,""4"":17.103333333333335,""5"":18.290277777777774,""6"":18.906666666666663}",1
selection/priced-middle/income-path-insurance-fast,696618367,VICTORY,16.96583333333334,13.939444444444451,3.0263888888888886,0.31666666666666665,2.5002777777777814,1.504444444444446,9,0.95,0.0,349,34,6,1582972,"{""1"":4.42861111111111,""2"":8.316944444444443,""3"":13.497222222222225,""4"":13.613055555555558,""5"":14.264444444444448,""6"":15.461388888888894}",1
selection/priced-middle/income-path-insurance-fast,896864469,VICTORY,21.003333333333334,18.03416666666667,2.9691666666666627,0.2125,3.8002777777777785,1.678888888888889,10,1.0,0.0,482,35,6,2852322,"{""1"":7.933333333333334,""2"":9.479166666666666,""3"":15.998888888888883,""4"":17.709444444444443,""5"":18.170555555555556,""6"":18.853333333333335}",1
selection/priced-middle/income-path-insurance-fast,2016296874,VICTORY,11.369444444444449,8.47305555555556,2.8963888888888896,0.31666666666666665,1.1433333333333333,1.7341666666666677,12,1.1166666666666667,0.0,272,33,6,4389362,"{""1"":2.020833333333333,""2"":2.663611111111111,""3"":5.3358333333333325,""4"":7.768888888888892,""5"":8.682500000000005,""6"":9.635277777777782}",1
selection/priced-middle/insurance-first-fast,704353709,VICTORY,12.54361111111111,9.458055555555552,3.0855555555555583,0.2125,1.4944444444444447,1.0941666666666663,8,0.8166666666666667,0.0,313,38,6,10939484,"{""1"":0.22083333333333333,""2"":4.991944444444444,""3"":8.671944444444444,""4"":8.966666666666663,""5"":9.949999999999998,""6"":10.76611111111111}",1
selection/priced-middle/insurance-first-fast,4260180900,VICTORY,14.384722222222225,11.57138888888889,2.8133333333333344,0.31666666666666665,2.163055555555557,1.2411111111111117,12,1.2833333333333334,0.0,341,38,6,3443924,"{""1"":0.32083333333333336,""2"":8.530555555555557,""3"":11.204444444444446,""4"":11.344166666666668,""5"":11.981666666666667,""6"":12.636666666666668}",1
selection/priced-middle/insurance-first-fast,1990501422,VICTORY,14.424444444444447,10.175833333333337,4.24861111111111,0.2125,2.656944444444444,1.2752777777777775,7,0.7166666666666667,0.0,412,38,6,4229272,"{""1"":0.22083333333333333,""2"":3.075,""3"":7.280833333333335,""4"":9.531666666666668,""5"":11.543611111111113,""6"":12.110000000000003}",1
selection/priced-middle/insurance-first-fast,1907653402,VICTORY,16.50166666666667,13.34861111111111,3.153055555555559,0.2125,4.128888888888889,0.8852777777777779,10,0.9833333333333333,0.0,377,38,6,5852924,"{""1"":0.22083333333333333,""2"":8.445555555555554,""3"":12.728888888888887,""4"":13.232499999999998,""5"":14.110555555555553,""6"":14.898055555555555}",1
selection/priced-middle/insurance-first-fast,457767595,VICTORY,12.262500000000006,8.805833333333336,3.4566666666666706,0.2125,3.017222222222223,0.7236111111111124,7,0.7,0.0,323,38,6,6497246,"{""1"":0.22083333333333333,""2"":1.7691666666666668,""3"":6.490000000000001,""4"":7.793055555555558,""5"":9.368611111111113,""6"":10.154444444444445}",1
selection/priced-middle/insurance-first-fast,696618367,VICTORY,15.755,12.83972222222222,2.9152777777777814,0.31666666666666665,2.593333333333333,0.8330555555555558,15,1.5166666666666666,0.0,359,38,6,16824279,"{""1"":0.325,""2"":7.655555555555555,""3"":12.330555555555552,""4"":12.450555555555553,""5"":13.264166666666664,""6"":13.92861111111111}",1
selection/priced-middle/insurance-first-fast,896864469,VICTORY,14.813333333333333,10.933333333333334,3.879999999999999,0.2125,2.306944444444444,0.9497222222222225,12,1.15,0.0,326,38,6,7842133,"{""1"":0.22083333333333333,""2"":6.569722222222222,""3"":8.490000000000002,""4"":10.805277777777778,""5"":12.124166666666666,""6"":12.99611111111111}",1
selection/priced-middle/insurance-first-fast,2016296874,VICTORY,10.112500000000004,6.422777777777781,3.6897222222222235,0.31666666666666665,1.1997222222222235,0.8747222222222225,11,1.1,0.0,277,38,6,1540843,"{""1"":0.325,""2"":2.4605555555555556,""3"":4.746111111111111,""4"":5.954166666666668,""5"":7.450000000000003,""6"":8.419166666666671}",1
selection/priced-middle/skip-late-stakes-fast,704353709,VICTORY,17.86305555555555,9.930277777777775,7.932777777777776,0.2125,2.8194444444444433,3.9083333333333297,8,0.8333333333333334,0.0,579,32,3,3690223,"{""1"":0.2125,""2"":5.74361111111111,""3"":9.479999999999995}",1
selection/priced-middle/skip-late-stakes-fast,4260180900,VICTORY,17.87583333333333,11.095555555555555,6.7802777777777745,0.31666666666666665,3.3594444444444416,3.6013888888888896,7,0.7333333333333333,0.0,580,32,3,429400,"{""1"":0.31666666666666665,""2"":4.831944444444444,""3"":10.114166666666666}",1
selection/priced-middle/skip-late-stakes-fast,1990501422,VICTORY,22.160555555555558,13.26083333333334,8.899722222222218,0.2125,2.8049999999999984,3.8502777777777775,11,1.2333333333333334,0.0,662,32,3,7694164,"{""1"":0.2125,""2"":7.235277777777779,""3"":10.737222222222222}",1
selection/priced-middle/skip-late-stakes-fast,1907653402,VICTORY,14.403055555555557,7.692777777777777,6.7102777777777805,0.2125,2.3033333333333332,2.9674999999999994,5,0.5,0.0,478,32,3,3414208,"{""1"":0.2125,""2"":3.833055555555555,""3"":6.526666666666667}",1
selection/priced-middle/skip-late-stakes-fast,457767595,VICTORY,17.67277777777777,9.651666666666667,8.021111111111104,0.2125,1.891944444444446,3.5822222222222195,5,0.5666666666666667,0.0,605,32,3,1035710,"{""1"":0.2125,""2"":3.375555555555556,""3"":7.662222222222224}",1
selection/priced-middle/skip-late-stakes-fast,696618367,VICTORY,17.513333333333332,10.031111111111109,7.482222222222223,0.31666666666666665,1.4625000000000006,3.328888888888891,10,1.0,0.0,543,32,3,1131523,"{""1"":0.31666666666666665,""2"":4.198888888888889,""3"":8.821111111111112}",1
selection/priced-middle/skip-late-stakes-fast,896864469,VICTORY,15.33361111111111,8.72527777777778,6.608333333333331,0.2125,2.0302777777777776,3.2566666666666664,8,0.85,0.0,526,32,3,873687,"{""1"":0.2125,""2"":3.578611111111111,""3"":6.720833333333333}",1
selection/priced-middle/skip-late-stakes-fast,2016296874,VICTORY,15.770555555555553,8.019166666666667,7.751388888888886,0.31666666666666665,1.778333333333333,3.8680555555555522,11,1.1,0.0,530,32,3,716570,"{""1"":0.31666666666666665,""2"":2.8713888888888888,""3"":6.741666666666666}",1
selection/priced-middle/stake-first-fast,704353709,VICTORY,13.831111111111113,10.60361111111111,3.2275000000000027,0.2125,2.8194444444444433,0.9308333333333337,9,0.9333333333333333,0.0,315,35,6,2796527,"{""1"":0.2125,""2"":5.74361111111111,""3"":8.51472222222222,""4"":10.152499999999998,""5"":10.60361111111111,""6"":11.516111111111112}",1
selection/priced-middle/stake-first-fast,4260180900,VICTORY,13.572500000000002,10.297777777777778,3.2747222222222234,0.31666666666666665,2.0861111111111104,1.0877777777777795,9,0.9333333333333333,0.0,329,35,6,6340814,"{""1"":0.31666666666666665,""2"":4.831944444444444,""3"":5.939166666666667,""4"":9.557777777777778,""5"":10.297777777777778,""6"":11.59638888888889}",1
selection/priced-middle/stake-first-fast,1990501422,VICTORY,16.996111111111112,12.678055555555556,4.318055555555556,0.2125,2.318333333333334,0.901111111111112,12,1.3333333333333333,0.0,383,35,6,1505983,"{""1"":0.2125,""2"":7.235277777777779,""3"":7.9155555555555575,""4"":12.401111111111112,""5"":13.728888888888891,""6"":14.852500000000001}",1
selection/priced-middle/stake-first-fast,1907653402,VICTORY,14.31083333333333,11.015277777777776,3.295555555555554,0.2125,2.3033333333333332,0.6658333333333322,7,0.7,0.0,323,35,6,444634,"{""1"":0.2125,""2"":3.833055555555555,""3"":5.324722222222222,""4"":8.341388888888886,""5"":11.429166666666665,""6"":12.529444444444442}",1
selection/priced-middle/stake-first-fast,457767595,VICTORY,13.64916666666667,10.213333333333336,3.435833333333333,0.2125,1.891944444444446,0.7302777777777787,5,0.5666666666666667,0.0,338,35,6,9121464,"{""1"":0.2125,""2"":3.375555555555556,""3"":7.65388888888889,""4"":8.998055555555558,""5"":10.391111111111114,""6"":11.328888888888892}",1
selection/priced-middle/stake-first-fast,696618367,VICTORY,13.839444444444444,10.031111111111109,3.8083333333333353,0.31666666666666665,1.4625000000000006,1.2111111111111106,10,1.0,0.0,317,35,6,8539326,"{""1"":0.31666666666666665,""2"":4.198888888888889,""3"":8.812777777777777,""4"":9.829166666666662,""5"":10.778611111111108,""6"":11.63722222222222}",1
selection/priced-middle/stake-first-fast,896864469,VICTORY,12.58277777777778,9.605000000000002,2.977777777777778,0.2125,1.0866666666666664,1.1461111111111109,8,0.85,0.0,310,35,6,3663026,"{""1"":0.2125,""2"":3.578611111111111,""3"":4.6738888888888885,""4"":8.618055555555559,""5"":9.605000000000002,""6"":10.130000000000003}",1
selection/priced-middle/stake-first-fast,2016296874,VICTORY,11.629722222222224,7.712222222222224,3.9174999999999995,0.31666666666666665,1.4952777777777788,0.9836111111111109,9,0.9166666666666666,0.0,278,35,6,9921297,"{""1"":0.31666666666666665,""2"":2.6980555555555554,""3"":4.041666666666667,""4"":7.159444444444446,""5"":7.712222222222224,""6"":9.34277777777778}",1
selection/smooth-middle/cheapest-fast,704353709,VICTORY,14.067777777777776,10.508333333333333,3.559444444444443,0.2125,1.8508333333333327,1.4577777777777783,7,0.7166666666666667,0.0,358,35,6,6304563,"{""1"":0.2125,""2"":0.3063888888888889,""3"":1.5133333333333332,""4"":9.542499999999999,""5"":11.362777777777776,""6"":12.02833333333333}",1
selection/smooth-middle/cheapest-fast,4260180900,VICTORY,14.960833333333332,11.979166666666664,2.9816666666666674,0.31666666666666665,3.9958333333333313,1.197777777777776,8,0.8166666666666667,0.0,337,35,6,1134463,"{""1"":0.31666666666666665,""2"":1.2916666666666667,""3"":4.7172222222222215,""4"":11.251388888888888,""5"":12.488055555555555,""6"":13.235277777777778}",1
selection/smooth-middle/cheapest-fast,1990501422,VICTORY,10.499166666666667,6.278333333333334,4.220833333333333,0.2125,1.2800000000000002,1.5458333333333334,10,0.9666666666666667,0.0,293,35,6,1244752,"{""1"":0.2125,""2"":0.225,""3"":1.4802777777777778,""4"":5.990833333333333,""5"":6.872500000000001,""6"":8.034722222222223}",1
selection/smooth-middle/cheapest-fast,1907653402,VICTORY,14.878611111111107,12.03444444444444,2.844166666666668,0.2125,1.9741666666666675,0.8041666666666686,7,0.7333333333333333,0.0,371,35,6,1800578,"{""1"":0.2125,""2"":0.2997222222222222,""3"":3.284444444444444,""4"":11.427777777777775,""5"":12.351944444444438,""6"":13.438055555555552}",1
selection/smooth-middle/cheapest-fast,457767595,VICTORY,11.145000000000001,7.767777777777778,3.3772222222222235,0.2125,1.569999999999999,1.1744444444444448,9,0.9166666666666666,0.0,313,35,6,6114571,"{""1"":0.2125,""2"":0.225,""3"":1.1099999999999999,""4"":5.130277777777779,""5"":8.384722222222221,""6"":8.826666666666664}",1
selection/smooth-middle/cheapest-fast,696618367,VICTORY,15.003888888888888,11.947499999999996,3.0563888888888915,0.31666666666666665,2.708611111111108,1.0016666666666671,12,1.2166666666666666,0.0,313,35,6,7186584,"{""1"":0.31666666666666665,""2"":1.2813888888888887,""3"":5.2077777777777765,""4"":11.475833333333329,""5"":12.915277777777776,""6"":13.418333333333331}",1
selection/smooth-middle/cheapest-fast,896864469,VICTORY,11.707500000000003,8.073055555555554,3.6344444444444495,0.2125,1.9438888888888888,0.834166666666666,8,0.8,0.0,284,35,6,3980559,"{""1"":0.2125,""2"":0.225,""3"":2.5416666666666665,""4"":7.791388888888888,""5"":9.349166666666667,""6"":10.362500000000002}",1
selection/smooth-middle/cheapest-fast,2016296874,VICTORY,12.702222222222222,9.75361111111111,2.948611111111111,0.31666666666666665,1.211944444444445,1.1866666666666654,11,1.0833333333333333,0.0,345,35,6,13846736,"{""1"":0.31666666666666665,""2"":0.7930555555555555,""3"":2.9894444444444446,""4"":9.209722222222222,""5"":10.270277777777778,""6"":10.725833333333332}",1
selection/smooth-middle/income-path-fast,704353709,VICTORY,12.559722222222222,9.260277777777777,3.299444444444445,0.2125,1.9019444444444447,1.2716666666666658,8,0.7666666666666667,0.0,317,31,6,4494385,"{""1"":3.0069444444444438,""2"":3.200555555555555,""3"":3.313055555555555,""4"":7.721111111111111,""5"":10.046666666666663,""6"":10.929166666666665}",1
selection/smooth-middle/income-path-fast,4260180900,VICTORY,17.84416666666667,14.992777777777778,2.8513888888888914,0.31666666666666665,6.9750000000000005,1.0130555555555532,10,0.9833333333333333,0.0,390,30,6,3301699,"{""1"":8.969722222222224,""2"":8.97388888888889,""3"":9.154722222222222,""4"":14.257222222222223,""5"":15.516111111111114,""6"":16.831111111111117}",1
selection/smooth-middle/income-path-fast,1990501422,VICTORY,21.245277777777787,17.849166666666676,3.396111111111111,0.2125,3.081111111111113,1.1844444444444473,6,0.5833333333333334,0.0,450,31,6,1503621,"{""1"":5.209722222222223,""2"":5.3883333333333345,""3"":6.025000000000003,""4"":17.67083333333334,""5"":19.41222222222223,""6"":20.06083333333334}",1
selection/smooth-middle/income-path-fast,1907653402,VICTORY,21.015833333333322,18.85777777777777,2.1580555555555527,0.2125,5.449444444444444,1.3811111111111094,10,0.95,0.0,413,31,6,8505543,"{""1"":5.674444444444444,""2"":7.4622222222222225,""3"":9.61861111111111,""4"":17.693333333333324,""5"":19.16916666666666,""6"":19.634722222222212}",1
selection/smooth-middle/income-path-fast,457767595,VICTORY,18.742499999999996,15.871666666666663,2.8708333333333336,0.2125,2.4733333333333336,1.8236111111111104,7,0.6666666666666666,0.0,407,30,6,12021607,"{""1"":3.9733333333333336,""2"":4.435555555555555,""3"":5.8163888888888895,""4"":14.646388888888882,""5"":16.06166666666666,""6"":16.918888888888883}",1
selection/smooth-middle/income-path-fast,696618367,VICTORY,12.443611111111109,9.674722222222218,2.76888888888889,0.31666666666666665,1.534166666666666,1.7197222222222233,14,1.5,0.0,250,31,6,4109751,"{""1"":3.2299999999999995,""2"":3.8688888888888884,""3"":4.06361111111111,""4"":8.945277777777774,""5"":10.11833333333333,""6"":10.723888888888887}",1
selection/smooth-middle/income-path-fast,896864469,VICTORY,22.075555555555557,19.555000000000003,2.5205555555555534,0.2125,7.5391666666666675,1.843888888888887,13,1.3333333333333333,0.0,507,31,6,6806482,"{""1"":9.357222222222223,""2"":9.36138888888889,""3"":9.448055555555555,""4"":17.844166666666673,""5"":19.76666666666667,""6"":20.23166666666667}",2
selection/smooth-middle/income-path-fast,2016296874,VICTORY,20.05583333333334,16.220277777777785,3.8355555555555547,0.31666666666666665,4.240555555555558,2.1330555555555595,7,0.6833333333333333,0.0,474,31,6,2536243,"{""1"":2.830833333333333,""2"":2.9252777777777776,""3"":6.67138888888889,""4"":16.012500000000006,""5"":17.081111111111113,""6"":17.922777777777778}",1
selection/smooth-middle/income-path-insurance-fast,704353709,VICTORY,11.200277777777782,8.050833333333333,3.1494444444444483,0.2125,1.6199999999999994,1.5305555555555581,7,0.7,0.0,281,33,6,9025820,"{""1"":1.3480555555555553,""2"":1.8016666666666667,""3"":1.8058333333333334,""4"":7.758611111111112,""5"":9.048055555555557,""6"":9.669722222222223}",1
selection/smooth-middle/income-path-insurance-fast,4260180900,VICTORY,20.750277777777775,18.833611111111104,1.9166666666666714,0.31666666666666665,7.816111111111108,1.0527777777777751,10,1.0333333333333334,0.0,415,32,6,10339566,"{""1"":13.899166666666666,""2"":14.07111111111111,""3"":15.32694444444444,""4"":17.488055555555547,""5"":19.46944444444444,""6"":19.697499999999998}",1
selection/smooth-middle/income-path-insurance-fast,1990501422,VICTORY,17.685833333333335,14.960000000000006,2.7258333333333287,0.2125,2.6927777777777777,1.6372222222222186,12,1.1833333333333333,0.0,399,33,6,10576581,"{""1"":4.675277777777779,""2"":4.918611111111113,""3"":6.032500000000002,""4"":11.177777777777782,""5"":15.375000000000005,""6"":16.048611111111118}",1
selection/smooth-middle/income-path-insurance-fast,1907653402,VICTORY,14.231111111111115,10.866944444444448,3.3641666666666676,0.2125,2.7849999999999993,1.403333333333334,11,1.0666666666666667,0.0,318,35,6,5913082,"{""1"":5.592500000000001,""2"":5.596666666666668,""3"":5.600833333333335,""4"":10.223055555555558,""5"":11.402222222222226,""6"":12.640000000000004}",1
selection/smooth-middle/income-path-insurance-fast,457767595,VICTORY,20.18333333333333,16.640833333333333,3.542499999999997,0.2125,4.304166666666666,0.9838888888888884,8,0.7666666666666667,0.0,427,33,6,4157251,"{""1"":7.113888888888888,""2"":7.413888888888888,""3"":7.418055555555554,""4"":15.395833333333334,""5"":17.0775,""6"":17.825}",1
selection/smooth-middle/income-path-insurance-fast,696618367,VICTORY,16.509166666666662,14.110277777777775,2.3988888888888873,0.31666666666666665,2.5530555555555554,1.5133333333333325,13,1.3666666666666667,0.0,336,33,6,7193648,"{""1"":4.42861111111111,""2"":5.251666666666666,""3"":6.982777777777776,""4"":13.892222222222218,""5"":14.118611111111107,""6"":14.705277777777773}",1
selection/smooth-middle/income-path-insurance-fast,896864469,VICTORY,19.53277777777778,16.518055555555556,3.0147222222222254,0.2125,3.8002777777777785,1.8966666666666696,10,0.9666666666666667,0.0,482,34,6,3351566,"{""1"":7.933333333333334,""2"":7.9375,""3"":8.101111111111111,""4"":16.114166666666666,""5"":16.670277777777777,""6"":17.440833333333334}",1
selection/smooth-middle/income-path-insurance-fast,2016296874,VICTORY,11.888333333333334,7.370277777777778,4.518055555555556,0.31666666666666665,1.412222222222222,1.3436111111111113,11,1.0666666666666667,0.0,277,34,6,4006200,"{""1"":2.020833333333333,""2"":2.025,""3"":2.1458333333333335,""4"":5.494444444444445,""5"":8.183055555555557,""6"":10.544722222222223}",1
selection/smooth-middle/insurance-first-fast,704353709,VICTORY,11.707222222222219,8.241111111111111,3.4661111111111076,0.2125,1.5697222222222214,1.0802777777777768,7,0.7333333333333333,0.0,295,38,6,8958750,"{""1"":0.22083333333333333,""2"":1.3866666666666667,""3"":3.879444444444444,""4"":7.888333333333333,""5"":9.095277777777778,""6"":9.725833333333332}",1
selection/smooth-middle/insurance-first-fast,4260180900,VICTORY,13.000277777777777,9.6575,3.3427777777777763,0.31666666666666665,1.7850000000000004,1.023333333333333,11,1.1,0.0,328,38,6,49357,"{""1"":0.32083333333333336,""2"":1.4488888888888887,""3"":4.266666666666667,""4"":9.47,""5"":10.580555555555556,""6"":11.141111111111112}",1
selection/smooth-middle/insurance-first-fast,1990501422,VICTORY,11.687222222222227,7.253333333333336,4.433888888888891,0.2125,2.233611111111112,1.6286111111111117,12,1.2666666666666666,0.0,297,38,6,1945725,"{""1"":0.22083333333333333,""2"":0.5183333333333333,""3"":3.307777777777778,""4"":6.960555555555557,""5"":7.9619444444444465,""6"":9.151666666666669}",1
selection/smooth-middle/insurance-first-fast,1907653402,VICTORY,15.558611111111103,12.260833333333327,3.2977777777777764,0.2125,2.323888888888889,0.7633333333333344,10,1.0666666666666667,0.0,362,38,6,17058014,"{""1"":0.22083333333333333,""2"":0.46166666666666667,""3"":5.457777777777777,""4"":11.952222222222217,""5"":13.13055555555555,""6"":14.187222222222214}",1
selection/smooth-middle/insurance-first-fast,457767595,VICTORY,11.92527777777778,8.240833333333333,3.6844444444444466,0.2125,2.2216666666666662,0.7558333333333337,8,0.8333333333333334,0.0,327,38,6,4831624,"{""1"":0.22083333333333333,""2"":0.5155555555555555,""3"":2.1611111111111114,""4"":6.9375,""5"":9.22361111111111,""6"":9.834444444444443}",1
selection/smooth-middle/insurance-first-fast,696618367,VICTORY,14.88583333333334,11.84777777777778,3.038055555555559,0.31666666666666665,3.444999999999999,1.065833333333336,11,1.0833333333333333,0.0,314,38,6,9730601,"{""1"":0.325,""2"":1.4849999999999999,""3"":5.0633333333333335,""4"":11.270555555555557,""5"":12.676111111111112,""6"":13.409166666666668}",1
selection/smooth-middle/insurance-first-fast,896864469,VICTORY,13.05916666666667,9.560277777777777,3.4988888888888923,0.2125,1.1219444444444444,1.0627777777777794,11,1.1333333333333333,0.0,325,38,6,14854549,"{""1"":0.22083333333333333,""2"":0.9708333333333333,""3"":3.1069444444444447,""4"":9.234444444444444,""5"":10.244722222222224,""6"":11.228055555555558}",1
selection/smooth-middle/insurance-first-fast,2016296874,VICTORY,15.051666666666666,11.721111111111108,3.3305555555555575,0.31666666666666665,2.296666666666666,0.8924999999999993,12,1.2,0.0,364,38,6,3434898,"{""1"":0.325,""2"":0.5838888888888889,""3"":4.994722222222223,""4"":11.421944444444444,""5"":12.397499999999999,""6"":13.0225}",1
selection/smooth-middle/skip-late-stakes-fast,704353709,VICTORY,34.15083333333334,11.328611111111114,22.822222222222223,0.2125,2.2019444444444463,12.260555555555554,7,0.7166666666666667,0.0,1502,32,3,958844,"{""1"":0.2125,""2"":0.3063888888888889,""3"":1.5133333333333332}",1
selection/smooth-middle/skip-late-stakes-fast,4260180900,VICTORY,35.09944444444445,12.37888888888889,22.720555555555563,0.31666666666666665,3.9958333333333313,12.249444444444457,8,0.8166666666666667,0.0,1458,32,3,490904,"{""1"":0.31666666666666665,""2"":1.2916666666666667,""3"":4.7172222222222215}",1
selection/smooth-middle/skip-late-stakes-fast,1990501422,VICTORY,27.754166666666663,7.364444444444444,20.38972222222222,0.2125,2.423333333333333,10.234999999999998,10,0.9666666666666667,0.0,1274,32,3,1498286,"{""1"":0.2125,""2"":0.225,""3"":1.4802777777777778}",1
selection/smooth-middle/skip-late-stakes-fast,1907653402,VICTORY,32.8661111111111,13.219444444444441,19.64666666666666,0.2125,3.178055555555549,10.81361111111111,7,0.7333333333333333,0.0,1377,32,3,554246,"{""1"":0.2125,""2"":0.2997222222222222,""3"":3.284444444444444}",1
selection/smooth-middle/skip-late-stakes-fast,457767595,VICTORY,30.127777777777776,8.058055555555557,22.069722222222218,0.2125,3.100277777777774,12.628055555555557,7,0.7166666666666667,0.0,1435,32,3,149509,"{""1"":0.2125,""2"":0.225,""3"":1.1099999999999999}",1
selection/smooth-middle/skip-late-stakes-fast,696618367,VICTORY,34.81499999999998,12.897222222222219,21.917777777777765,0.31666666666666665,2.719444444444442,12.541388888888882,12,1.2166666666666666,0.0,1405,32,3,719365,"{""1"":0.31666666666666665,""2"":1.2813888888888887,""3"":5.2077777777777765}",1
selection/smooth-middle/skip-late-stakes-fast,896864469,VICTORY,29.776944444444442,10.247777777777777,19.529166666666665,0.2125,2.970833333333333,10.027777777777775,8,0.8,0.0,1283,32,3,763140,"{""1"":0.2125,""2"":0.225,""3"":2.5416666666666665}",1
selection/smooth-middle/skip-late-stakes-fast,2016296874,VICTORY,32.78333333333334,10.988611111111114,21.794722222222227,0.31666666666666665,3.029444444444444,12.371944444444447,11,1.0833333333333333,0.0,1478,32,3,212625,"{""1"":0.31666666666666665,""2"":0.7930555555555555,""3"":2.9894444444444446}",1
selection/smooth-middle/stake-first-fast,704353709,VICTORY,12.229999999999999,8.38361111111111,3.846388888888889,0.2125,1.7350000000000003,0.9863888888888899,7,0.7166666666666667,0.0,296,35,6,15166036,"{""1"":0.2125,""2"":0.21666666666666667,""3"":0.6530555555555555,""4"":7.673333333333331,""5"":8.784444444444443,""6"":9.721388888888885}",1
selection/smooth-middle/stake-first-fast,4260180900,VICTORY,12.41388888888889,8.698055555555555,3.715833333333334,0.31666666666666665,1.8825000000000007,1.19888888888889,11,1.0333333333333334,0.0,322,35,6,6336985,"{""1"":0.31666666666666665,""2"":1.2916666666666667,""3"":1.2958333333333334,""4"":8.086666666666666,""5"":8.698055555555555,""6"":10.163888888888888}",1
selection/smooth-middle/stake-first-fast,1990501422,VICTORY,8.82611111111111,5.188888888888888,3.6372222222222224,0.2125,1.3133333333333335,1.3258333333333334,8,0.8,0.0,263,35,6,1827340,"{""1"":0.2125,""2"":0.21666666666666667,""3"":0.6241666666666668,""4"":4.426944444444445,""5"":5.188888888888888,""6"":6.202222222222222}",1
selection/smooth-middle/stake-first-fast,1907653402,VICTORY,15.525555555555549,12.094999999999997,3.430555555555552,0.2125,1.7361111111111105,0.8302777777777768,10,1.0666666666666667,0.0,368,35,6,7384112,"{""1"":0.2125,""2"":0.21666666666666667,""3"":1.8638888888888885,""4"":10.69583333333333,""5"":12.657499999999997,""6"":13.796111111111108}",1
selection/smooth-middle/stake-first-fast,457767595,VICTORY,9.841111111111111,5.880000000000002,3.9611111111111095,0.2125,2.1405555555555575,1.5791666666666666,6,0.6166666666666667,0.0,284,35,6,9242038,"{""1"":0.2125,""2"":0.21666666666666667,""3"":0.9316666666666666,""4"":5.589166666666669,""5"":6.733611111111113,""6"":7.552777777777779}",1
selection/smooth-middle/stake-first-fast,696618367,VICTORY,13.727222222222219,10.52805555555555,3.1991666666666685,0.31666666666666665,2.2361111111111103,0.9650000000000015,13,1.3,0.0,282,35,6,10544810,"{""1"":0.31666666666666665,""2"":0.32083333333333336,""3"":2.974166666666666,""4"":10.054166666666664,""5"":10.914166666666661,""6"":12.065555555555552}",1
selection/smooth-middle/stake-first-fast,896864469,VICTORY,11.748333333333333,8.74638888888889,3.001944444444444,0.2125,2.0061111111111107,1.1188888888888888,7,0.7,0.0,311,35,6,825494,"{""1"":0.2125,""2"":0.21666666666666667,""3"":1.5030555555555556,""4"":7.81222222222222,""5"":8.74638888888889,""6"":9.878055555555555}",1
selection/smooth-middle/stake-first-fast,2016296874,VICTORY,12.465555555555563,9.26888888888889,3.1966666666666725,0.31666666666666665,1.5449999999999997,0.8802777777777787,11,1.0833333333333333,0.0,271,35,6,11655748,"{""1"":0.31666666666666665,""2"":0.32083333333333336,""3"":2.1458333333333335,""4"":5.92638888888889,""5"":9.928333333333336,""6"":10.64305555555556}",1
