group,seed,outcome,minutes,firstMillionMinutes,finalPhaseMinutes,firstCasinoPurchaseMinutes,longestInternalGapMinutes,finalNoPurchaseMinutes,work,workMinutes,idleMinutes,drops,casinoPurchases,finalStakeLevel,finalCash,stakeUnlockMinutes,nearZeroCashRecoveries
holdout/caps-only/cheapest-fast,3650322235,VICTORY,17.28138888888889,9.193333333333335,8.088055555555556,0.2125,2.0463888888888895,3.9677777777777785,9,0.9166666666666666,0.0,635,35,6,1681505,"{""1"":0.2125,""2"":0.225,""3"":1.0172222222222222,""4"":7.241666666666666,""5"":9.675555555555555,""6"":11.229444444444445}",1
holdout/caps-only/cheapest-fast,1314072570,VICTORY,18.71166666666667,10.289722222222222,8.421944444444447,0.2125,1.7188888888888887,3.606388888888891,9,0.9,0.0,674,35,6,3189341,"{""1"":0.2125,""2"":0.225,""3"":0.8711111111111111,""4"":7.479722222222222,""5"":10.956666666666667,""6"":12.946666666666665}",1
holdout/caps-only/cheapest-fast,3141694928,VICTORY,19.543611111111108,9.943888888888887,9.599722222222221,0.2125,2.12611111111111,4.110000000000002,9,0.8833333333333333,0.0,748,35,6,1077966,"{""1"":0.2125,""2"":0.225,""3"":0.8758333333333332,""4"":7.15611111111111,""5"":11.218611111111107,""6"":13.032777777777772}",1
holdout/caps-only/cheapest-fast,2663828750,VICTORY,15.237500000000004,6.200555555555556,9.036944444444448,0.2125,1.5200000000000002,3.330000000000003,7,0.7,0.0,623,35,6,2781382,"{""1"":0.2125,""2"":0.225,""3"":1.4627777777777777,""4"":4.315555555555557,""5"":7.054166666666668,""6"":8.81388888888889}",1
holdout/caps-only/cheapest-fast,2653920563,VICTORY,13.044722222222225,5.488333333333334,7.556388888888891,0.2125,0.962499999999999,3.1711111111111125,10,1.0,0.0,504,35,6,2832394,"{""1"":0.2125,""2"":0.225,""3"":0.8594444444444443,""4"":3.904722222222222,""5"":5.9125000000000005,""6"":7.7316666666666665}",1
holdout/caps-only/cheapest-fast,223457752,VICTORY,20.334444444444436,11.454166666666664,8.880277777777772,0.2125,2.8627777777777768,3.6880555555555476,10,1.0,0.0,711,35,6,3238271,"{""1"":0.2125,""2"":0.225,""3"":2.192222222222222,""4"":8.728611111111112,""5"":11.764444444444443,""6"":13.862222222222218}",2
holdout/caps-only/cheapest-fast,1700281391,VICTORY,20.393888888888878,11.748055555555547,8.64583333333333,0.2125,3.109444444444443,3.789999999999998,8,0.7833333333333333,0.0,684,35,6,728938,"{""1"":0.2125,""2"":0.225,""3"":2.0375,""4"":10.908611111111105,""5"":12.786111111111103,""6"":14.292222222222215}",1
holdout/caps-only/cheapest-fast,1893754700,VICTORY,16.40361111111111,9.456666666666665,6.946944444444446,0.2125,1.9836111111111108,2.8655555555555567,9,0.9333333333333333,0.0,526,35,6,998153,"{""1"":0.2125,""2"":0.225,""3"":2.845555555555556,""4"":7.968611111111108,""5"":10.525555555555552,""6"":11.826944444444441}",1
holdout/caps-only/cheapest-fast,2968091073,VICTORY,26.920833333333327,17.50166666666666,9.419166666666666,0.4625,3.3747222222222226,3.6799999999999953,14,1.3833333333333333,0.0,816,35,6,2116074,"{""1"":1.6608333333333334,""2"":1.6691666666666667,""3"":5.110277777777778,""4"":15.475833333333329,""5"":18.20166666666666,""6"":20.78194444444444}",1
holdout/caps-only/cheapest-fast,4113983164,VICTORY,19.000277777777775,10.027500000000002,8.972777777777774,0.2125,1.9616666666666664,3.933333333333333,12,1.2333333333333334,0.0,682,35,6,875997,"{""1"":0.2125,""2"":0.31,""3"":1.8019444444444446,""4"":7.980000000000001,""5"":10.899166666666666,""6"":12.523055555555553}",1
holdout/caps-only/cheapest-fast,1979681349,VICTORY,19.527499999999996,11.058333333333334,8.469166666666663,0.2125,2.6138888888888894,3.3797222222222216,11,1.1166666666666667,0.0,673,35,6,964865,"{""1"":0.2125,""2"":0.6661111111111111,""3"":3.938333333333333,""4"":9.342222222222222,""5"":12.011666666666665,""6"":13.446666666666665}",1
holdout/caps-only/cheapest-fast,1781900347,HP_DEATH,5.931666666666667,,,0.2125,1.4855555555555555,0.5577777777777774,12,1.25,0.0,66,16,3,106,"{""1"":0.2125,""2"":1.465277777777778,""3"":2.8913888888888892}",1
holdout/caps-only/cheapest-fast,1435292250,VICTORY,16.007499999999997,7.978888888888888,8.028611111111108,0.55,1.2494444444444441,3.077777777777777,11,1.0666666666666667,0.0,580,35,6,2818300,"{""1"":0.55,""2"":0.5625,""3"":2.506944444444444,""4"":6.37,""5"":9.009444444444444,""6"":11.205277777777777}",1
holdout/caps-only/cheapest-fast,1641014014,VICTORY,20.63166666666666,11.669722222222225,8.961944444444436,0.2125,2.4238888888888908,3.1622222222222187,8,0.8166666666666667,0.0,690,35,6,2947318,"{""1"":0.2125,""2"":1.1630555555555555,""3"":3.9222222222222225,""4"":11.078333333333337,""5"":13.207222222222223,""6"":14.878055555555557}",1
holdout/caps-only/cheapest-fast,4050462610,VICTORY,22.231944444444455,12.318333333333333,9.913611111111122,0.2125,3.26611111111111,3.8883333333333403,9,0.8833333333333333,0.0,688,35,6,540680,"{""1"":0.2125,""2"":0.225,""3"":5.1422222222222205,""4"":11.247777777777777,""5"":14.274444444444445,""6"":15.845555555555556}",1
holdout/caps-only/cheapest-fast,3967680554,VICTORY,17.108333333333334,7.682500000000001,9.425833333333333,0.2125,1.7080555555555554,3.999166666666669,9,0.9333333333333333,0.0,652,35,6,182880,"{""1"":0.2125,""2"":0.225,""3"":3.3033333333333337,""4"":6.757777777777778,""5"":8.994722222222224,""6"":10.757777777777777}",1
holdout/caps-only/cheapest-fast,3582280609,VICTORY,16.781666666666663,7.772777777777777,9.008888888888887,0.2125,1.086944444444444,3.794444444444444,9,0.8333333333333334,0.0,639,35,6,1771157,"{""1"":0.2125,""2"":0.225,""3"":1.5536111111111108,""4"":6.2675,""5"":9.39361111111111,""6"":11.101666666666665}",1
holdout/caps-only/cheapest-fast,3588995994,VICTORY,13.7475,4.880833333333333,8.866666666666667,0.2125,1.2705555555555559,3.181388888888889,9,0.9,0.0,546,35,6,946507,"{""1"":0.2125,""2"":0.225,""3"":0.8486111111111111,""4"":3.2625,""5"":6.521944444444444,""6"":7.887222222222222}",1
holdout/caps-only/cheapest-fast,3965359693,VICTORY,19.595833333333335,9.826944444444447,9.768888888888888,0.2125,1.9986111111111113,4.440833333333332,9,0.9666666666666667,0.0,734,35,6,2582465,"{""1"":0.2125,""2"":0.225,""3"":2.8211111111111107,""4"":8.656111111111112,""5"":11.318611111111114,""6"":12.809444444444447}",1
holdout/caps-only/cheapest-fast,3795419900,VICTORY,17.269444444444446,7.733611111111113,9.535833333333333,0.2125,1.5244444444444445,3.1633333333333344,7,0.7166666666666667,0.0,645,35,6,2257778,"{""1"":0.2125,""2"":0.225,""3"":3.508611111111111,""4"":7.081388888888891,""5"":9.699166666666667,""6"":11.951944444444443}",1
holdout/caps-only/cheapest-fast,4249763570,VICTORY,14.728055555555551,7.844166666666666,6.883888888888885,0.2125,1.6630555555555553,3.0266666666666633,7,0.7,0.0,518,35,6,2258136,"{""1"":0.2125,""2"":0.225,""3"":2.559722222222222,""4"":6.06,""5"":8.55111111111111,""6"":9.781666666666666}",1
holdout/caps-only/cheapest-fast,746176202,VICTORY,18.39888888888889,9.688333333333333,8.710555555555558,0.2125,2.059722222222221,3.2941666666666642,7,0.7166666666666667,0.0,667,35,6,683427,"{""1"":0.2125,""2"":0.225,""3"":1.1627777777777777,""4"":8.336944444444445,""5"":10.731666666666666,""6"":13.084722222222222}",1
holdout/caps-only/cheapest-fast,460316679,VICTORY,17.717222222222222,9.489444444444445,8.227777777777778,0.2125,1.665277777777778,3.0549999999999993,10,1.05,0.0,619,35,6,2636207,"{""1"":0.2125,""2"":1.0072222222222222,""3"":3.4708333333333328,""4"":8.183055555555557,""5"":10.764444444444445,""6"":12.794166666666667}",1
holdout/caps-only/cheapest-fast,1261976600,VICTORY,16.555555555555554,7.230277777777777,9.325277777777776,0.2125,2.014722222222223,4.091944444444442,10,1.0166666666666666,0.0,612,35,6,1238769,"{""1"":0.2125,""2"":0.225,""3"":2.5425,""4"":6.351388888888889,""5"":8.592222222222222,""6"":10.234722222222222}",1
holdout/caps-only/income-path-fast,3650322235,VICTORY,20.649722222222227,13.305000000000003,7.344722222222224,0.2125,3.6975000000000002,4.509722222222223,9,0.9,0.0,661,31,6,372640,"{""1"":6.361666666666666,""2"":6.365833333333333,""3"":6.37,""4"":11.579722222222225,""5"":14.171666666666672,""6"":15.551944444444448}",1
holdout/caps-only/income-path-fast,1314072570,VICTORY,23.308333333333344,17.182777777777787,6.125555555555557,0.2125,6.341666666666669,3.4363888888888936,11,1.05,0.0,677,32,6,800133,"{""1"":9.89805555555556,""2"":10.246111111111114,""3"":11.574444444444447,""4"":15.427500000000004,""5"":17.186944444444453,""6"":19.059722222222227}",1
holdout/caps-only/income-path-fast,3141694928,VICTORY,21.341666666666658,12.279166666666661,9.062499999999996,0.2125,2.855555555555555,5.1408333333333305,9,0.9666666666666667,0.0,700,31,6,421191,"{""1"":4.1899999999999995,""2"":4.506111111111111,""3"":7.168611111111108,""4"":10.13194444444444,""5"":14.669999999999995,""6"":16.20083333333333}",1
holdout/caps-only/income-path-fast,2663828750,VICTORY,16.86888888888889,10.429444444444442,6.439444444444447,0.2125,1.1277777777777775,3.1530555555555586,9,0.9333333333333333,0.0,561,32,6,2970282,"{""1"":2.1255555555555556,""2"":3.1130555555555555,""3"":3.1172222222222223,""4"":8.157777777777778,""5"":10.856944444444443,""6"":12.966388888888885}",1
holdout/caps-only/income-path-fast,2653920563,VICTORY,21.38944444444445,14.891388888888892,6.498055555555558,0.2125,3.276388888888888,4.0547222222222254,7,0.65,0.0,656,32,6,279425,"{""1"":5.080555555555555,""2"":5.178055555555556,""3"":5.789722222222223,""4"":13.468888888888895,""5"":15.390833333333338,""6"":16.441666666666674}",1
holdout/caps-only/income-path-fast,223457752,VICTORY,22.605277777777783,13.965555555555559,8.639722222222224,0.2125,4.464722222222222,4.53638888888889,9,0.8333333333333334,0.0,719,31,6,1017088,"{""1"":6.519166666666666,""2"":6.969722222222221,""3"":7.065555555555554,""4"":12.976944444444445,""5"":16.84416666666667,""6"":18.068888888888896}",1
holdout/caps-only/income-path-fast,1700281391,VICTORY,14.387222222222222,9.3675,5.019722222222223,0.2125,1.9541666666666666,3.709722222222223,10,1.05,0.0,478,31,6,1505447,"{""1"":1.811388888888889,""2"":2.1005555555555557,""3"":2.1047222222222226,""4"":8.098333333333333,""5"":9.853055555555557,""6"":10.6775}",1
holdout/caps-only/income-path-fast,1893754700,VICTORY,20.204444444444437,13.371944444444438,6.8325,0.2125,1.690277777777777,3.9258333333333324,4,0.38333333333333336,0.0,645,32,6,37052,"{""1"":5.8841666666666645,""2"":5.888333333333332,""3"":7.160277777777777,""4"":11.85805555555555,""5"":14.113888888888882,""6"":15.76166666666666}",1
holdout/caps-only/income-path-fast,2968091073,VICTORY,25.929722222222217,16.744722222222215,9.185000000000002,0.4625,2.5222222222222217,4.53138888888889,15,1.5333333333333334,0.0,758,32,6,1464283,"{""1"":4.650833333333333,""2"":6.279444444444445,""3"":6.490277777777777,""4"":16.316388888888884,""5"":18.726944444444438,""6"":20.239999999999995}",1
holdout/caps-only/income-path-fast,4113983164,VICTORY,20.138333333333335,11.748888888888889,8.389444444444447,0.2125,2.4655555555555555,5.199722222222224,8,0.8333333333333334,0.0,654,31,6,1275859,"{""1"":0.94,""2"":0.9441666666666666,""3"":2.0947222222222224,""4"":10.331111111111111,""5"":13.950555555555555,""6"":14.938611111111111}",1
holdout/caps-only/income-path-fast,1979681349,VICTORY,22.960277777777776,16.463055555555556,6.49722222222222,0.2125,5.328611111111112,3.3927777777777766,8,0.7666666666666667,0.0,646,32,6,2285361,"{""1"":7.244444444444445,""2"":7.716666666666668,""3"":9.840555555555556,""4"":15.0975,""5"":17.391666666666666,""6"":18.63277777777778}",1
holdout/caps-only/income-path-fast,1781900347,VICTORY,26.62388888888889,20.895000000000003,5.728888888888886,0.2125,4.541111111111113,3.4583333333333295,7,0.6833333333333333,0.0,729,32,6,1849411,"{""1"":9.648611111111112,""2"":9.652777777777779,""3"":11.269722222222226,""4"":18.30944444444445,""5"":21.38777777777778,""6"":22.728611111111114}",1
holdout/caps-only/income-path-fast,1435292250,VICTORY,14.897222222222222,7.999444444444445,6.897777777777777,0.55,0.8977777777777779,4.549999999999998,12,1.1833333333333333,0.0,555,31,6,2705601,"{""1"":2.6233333333333335,""2"":2.767777777777778,""3"":2.8719444444444444,""4"":6.384444444444444,""5"":8.974166666666667,""6"":10.347222222222225}",1
holdout/caps-only/income-path-fast,1641014014,VICTORY,21.08027777777778,13.611111111111114,7.469166666666666,0.2125,4.734722222222226,4.816388888888893,5,0.5166666666666667,0.0,681,31,6,1606202,"{""1"":4.417222222222222,""2"":4.749999999999999,""3"":4.824444444444443,""4"":12.331944444444447,""5"":14.254166666666668,""6"":16.26388888888889}",1
holdout/caps-only/income-path-fast,4050462610,VICTORY,20.839999999999996,10.481666666666664,10.358333333333333,0.2125,2.710555555555555,5.340555555555558,8,0.8,0.0,700,32,6,506794,"{""1"":3.2563888888888886,""2"":3.549722222222222,""3"":3.553888888888889,""4"":9.831666666666665,""5"":12.628055555555553,""6"":14.74305555555555}",1
holdout/caps-only/income-path-fast,3967680554,VICTORY,14.912222222222223,6.645277777777777,8.266944444444444,0.2125,1.4811111111111104,4.563055555555555,10,1.0333333333333334,0.0,543,31,6,2675816,"{""1"":1.8550000000000002,""2"":2.1322222222222225,""3"":2.136388888888889,""4"":5.8005555555555555,""5"":8.249722222222223,""6"":10.349166666666667}",1
holdout/caps-only/income-path-fast,3582280609,VICTORY,24.139722222222222,18.606944444444444,5.532777777777778,0.2125,3.6986111111111084,3.7724999999999986,10,0.9333333333333333,0.0,669,32,6,2790992,"{""1"":11.413611111111106,""2"":11.417777777777774,""3"":12.948888888888886,""4"":17.19527777777778,""5"":19.076388888888893,""6"":19.762777777777778}",1
holdout/caps-only/income-path-fast,3588995994,VICTORY,13.619999999999997,6.715277777777777,6.904722222222221,0.2125,1.9213888888888888,4.126944444444443,8,0.8333333333333334,0.0,508,32,6,658562,"{""1"":2.1463888888888887,""2"":2.238611111111111,""3"":2.351111111111111,""4"":5.188055555555556,""5"":7.754722222222221,""6"":8.8675}",1
holdout/caps-only/income-path-fast,3965359693,VICTORY,30.438333333333343,22.66194444444445,7.776388888888892,0.2125,10.665,5.474722222222223,9,0.9,9.0,664,31,6,789800,"{""1"":13.208333333333334,""2"":13.992777777777778,""3"":14.460000000000003,""4"":22.00027777777779,""5"":23.903055555555564,""6"":24.96361111111112}",1
holdout/caps-only/income-path-fast,3795419900,VICTORY,21.76388888888888,13.233333333333329,8.53055555555555,0.2125,5.630277777777778,4.05333333333333,8,0.85,0.0,713,32,6,580129,"{""1"":5.855277777777777,""2"":6.205833333333333,""3"":7.186944444444442,""4"":12.524166666666664,""5"":15.215277777777771,""6"":16.418055555555547}",1
holdout/caps-only/income-path-fast,4249763570,VICTORY,25.44749999999999,17.471111111111107,7.976388888888884,0.2125,5.435,5.388055555555555,6,0.5833333333333334,0.0,794,32,6,1729301,"{""1"":10.586944444444443,""2"":10.59111111111111,""3"":11.205277777777777,""4"":16.782499999999995,""5"":17.973611111111104,""6"":19.216388888888883}",1
holdout/caps-only/income-path-fast,746176202,VICTORY,25.354166666666664,19.648888888888887,5.705277777777777,0.2125,7.6547222222222215,3.8174999999999994,10,1.0166666666666666,0.0,674,32,6,1660592,"{""1"":10.799444444444443,""2"":11.176944444444443,""3"":12.715277777777775,""4"":18.230277777777776,""5"":20.46111111111111,""6"":21.09694444444444}",1
holdout/caps-only/income-path-fast,460316679,VICTORY,26.644166666666667,19.791111111111114,6.853055555555553,0.2125,4.674722222222224,4.048333333333331,11,1.0833333333333333,0.0,737,32,6,527636,"{""1"":10.765277777777778,""2"":11.31777777777778,""3"":12.210555555555553,""4"":17.91861111111111,""5"":20.461944444444445,""6"":22.022222222222226}",1
holdout/caps-only/income-path-fast,1261976600,VICTORY,17.88361111111111,11.110000000000003,6.773611111111109,0.2125,1.9508333333333334,3.5161111111111096,7,0.7166666666666667,0.0,625,32,6,524178,"{""1"":2.1758333333333337,""2"":3.1544444444444446,""3"":3.1586111111111115,""4"":9.102222222222224,""5"":11.915277777777781,""6"":13.02138888888889}",1
holdout/caps-only/income-path-insurance-fast,3650322235,VICTORY,20.194444444444443,12.726944444444445,7.467499999999998,0.2125,4.299999999999998,4.909722222222217,10,0.9666666666666667,0.0,605,34,6,1441234,"{""1"":5.548333333333332,""2"":5.552499999999998,""3"":5.556666666666666,""4"":11.226111111111111,""5"":14.368611111111111,""6"":15.284722222222225}",1
holdout/caps-only/income-path-insurance-fast,1314072570,VICTORY,24.354722222222236,17.731666666666683,6.623055555555553,0.2125,5.7997222222222256,3.6044444444444443,7,0.6666666666666666,0.0,683,35,6,4010426,"{""1"":9.568611111111114,""2"":10.202500000000006,""3"":11.971388888888894,""4"":16.273611111111123,""5"":18.346388888888903,""6"":19.889722222222236}",1
holdout/caps-only/income-path-insurance-fast,3141694928,VICTORY,22.463611111111113,13.900555555555558,8.563055555555556,0.2125,3.1597222222222228,3.913055555555559,9,0.9,0.0,704,35,6,1634607,"{""1"":6.5875,""2"":6.943611111111111,""3"":6.947777777777778,""4"":12.305833333333334,""5"":15.598055555555558,""6"":17.808333333333334}",1
holdout/caps-only/income-path-insurance-fast,2663828750,VICTORY,21.91083333333334,16.2913888888889,5.61944444444444,0.2125,2.1725000000000003,3.352499999999998,8,0.7666666666666667,0.0,621,34,6,3091315,"{""1"":4.262777777777778,""2"":4.5600000000000005,""3"":8.448611111111115,""4"":15.12000000000001,""5"":16.901666666666678,""6"":18.55833333333334}",1
holdout/caps-only/income-path-insurance-fast,2653920563,VICTORY,27.310555555555553,19.44222222222222,7.868333333333332,0.2125,3.8111111111111113,4.12833333333333,7,0.6833333333333333,0.0,775,34,6,4623326,"{""1"":11.961944444444446,""2"":11.966111111111113,""3"":13.581666666666667,""4"":19.22694444444444,""5"":20.658333333333335,""6"":22.653333333333332}",1
holdout/caps-only/income-path-insurance-fast,223457752,VICTORY,26.310277777777756,19.545277777777766,6.76499999999999,0.2125,4.262777777777777,3.7263888888888874,14,1.3333333333333333,0.0,776,35,6,459812,"{""1"":8.471944444444443,""2"":9.16472222222222,""3"":9.590277777777775,""4"":16.219722222222213,""5"":20.1111111111111,""6"":21.226666666666652}",1
holdout/caps-only/income-path-insurance-fast,1700281391,VICTORY,19.223611111111108,14.152777777777775,5.070833333333333,0.2125,4.068333333333332,3.008611111111113,11,1.0666666666666667,0.0,543,34,6,1264267,"{""1"":5.90972222222222,""2"":6.894444444444442,""3"":6.898611111111109,""4"":12.253888888888888,""5"":14.629166666666665,""6"":15.598055555555552}",1
holdout/caps-only/income-path-insurance-fast,1893754700,VICTORY,17.00083333333333,10.955555555555552,6.045277777777777,0.2125,1.5000000000000009,3.6375,7,0.7166666666666667,0.0,527,34,6,972984,"{""1"":2.349722222222222,""2"":2.5174999999999996,""3"":3.401944444444444,""4"":9.020555555555553,""5"":12.091111111111108,""6"":12.850555555555552}",1
holdout/caps-only/income-path-insurance-fast,2968091073,VICTORY,25.9975,15.727777777777776,10.269722222222223,0.4625,5.994722222222224,5.223611111111105,13,1.2833333333333334,0.0,775,35,6,1211345,"{""1"":5.222777777777778,""2"":5.226944444444444,""3"":5.301666666666666,""4"":14.632777777777777,""5"":17.248888888888885,""6"":19.68916666666667}",1
holdout/caps-only/income-path-insurance-fast,4113983164,VICTORY,21.574444444444442,14.178055555555558,7.396388888888884,0.2125,2.5638888888888913,4.96305555555555,12,1.2833333333333334,0.0,662,34,6,1200770,"{""1"":3.3730555555555553,""2"":3.600833333333333,""3"":4.8575,""4"":12.92194444444445,""5"":15.216111111111115,""6"":16.611388888888893}",1
holdout/caps-only/income-path-insurance-fast,1979681349,VICTORY,18.745833333333337,11.903333333333338,6.842499999999999,0.2125,3.235833333333333,4.170000000000001,11,1.15,0.0,594,35,6,548373,"{""1"":4.457499999999999,""2"":4.461666666666665,""3"":5.288333333333332,""4"":10.528611111111113,""5"":12.366111111111115,""6"":14.093611111111112}",1
holdout/caps-only/income-path-insurance-fast,1781900347,VICTORY,15.164166666666663,9.336666666666668,5.827499999999995,0.2125,1.4441666666666668,4.207499999999999,9,0.9166666666666666,0.0,496,34,6,2538988,"{""1"":2.4280555555555554,""2"":2.64,""3"":2.6441666666666666,""4"":7.495277777777777,""5"":9.919444444444444,""6"":10.956666666666665}",1
holdout/caps-only/income-path-insurance-fast,1435292250,VICTORY,19.717222222222226,12.488055555555555,7.229166666666671,0.55,2.4433333333333334,4.278055555555556,11,1.1666666666666667,0.0,604,35,6,1279364,"{""1"":3.9755555555555557,""2"":4.3358333333333325,""3"":6.811666666666666,""4"":11.154999999999998,""5"":13.495000000000003,""6"":14.995555555555558}",1
holdout/caps-only/income-path-insurance-fast,1641014014,VICTORY,23.976388888888888,17.657222222222227,6.319166666666661,0.2125,3.075833333333333,4.533055555555552,8,0.8166666666666667,0.0,678,34,6,432529,"{""1"":5.688611111111111,""2"":6.406944444444445,""3"":12.490000000000006,""4"":15.600277777777785,""5"":18.150833333333335,""6"":19.443333333333335}",1
holdout/caps-only/income-path-insurance-fast,4050462610,VICTORY,26.22222222222222,17.50444444444445,8.717777777777773,0.2125,5.1611111111111105,4.4563888888888865,10,1.0166666666666666,0.0,809,35,6,1307486,"{""1"":8.118888888888886,""2"":8.65833333333333,""3"":8.856944444444443,""4"":16.295,""5"":18.42305555555556,""6"":20.768888888888892}",1
holdout/caps-only/income-path-insurance-fast,3967680554,VICTORY,23.17222222222222,16.663055555555555,6.509166666666665,0.2125,3.8974999999999995,3.9172222222222177,7,0.6833333333333333,0.0,673,34,6,1115104,"{""1"":9.465833333333334,""2"":9.554444444444446,""3"":9.753055555555557,""4"":13.601111111111116,""5"":17.11722222222222,""6"":18.663333333333338}",1
holdout/caps-only/income-path-insurance-fast,3582280609,VICTORY,23.001944444444447,16.626944444444447,6.375,0.2125,2.707500000000001,4.0694444444444455,12,1.25,0.0,666,35,6,1830004,"{""1"":7.678333333333334,""2"":8.055000000000001,""3"":9.214722222222223,""4"":14.674444444444447,""5"":17.81138888888889,""6"":18.375}",1
holdout/caps-only/income-path-insurance-fast,3588995994,VICTORY,13.948333333333332,7.208888888888889,6.739444444444444,0.2125,1.055,4.318611111111111,8,0.8666666666666667,0.0,486,35,6,266237,"{""1"":2.5902777777777777,""2"":3.186111111111111,""3"":3.2802777777777776,""4"":5.558333333333334,""5"":7.638333333333333,""6"":8.99638888888889}",1
holdout/caps-only/income-path-insurance-fast,3965359693,VICTORY,21.65583333333334,13.096944444444448,8.558888888888893,0.2125,3.001111111111113,4.958888888888894,9,0.8333333333333334,0.0,688,35,6,1530201,"{""1"":3.783611111111111,""2"":4.149166666666667,""3"":4.5377777777777775,""4"":12.468333333333337,""5"":14.695833333333335,""6"":15.790833333333335}",1
holdout/caps-only/income-path-insurance-fast,3795419900,VICTORY,24.423055555555553,16.72861111111111,7.694444444444443,0.2125,4.666666666666667,4.605833333333332,13,1.4,3.0,667,35,6,2146038,"{""1"":10.884722222222225,""2"":11.08388888888889,""3"":11.336944444444445,""4"":15.633888888888889,""5"":16.890555555555554,""6"":19.270555555555553}",1
holdout/caps-only/income-path-insurance-fast,4249763570,VICTORY,21.251944444444447,13.999444444444444,7.252500000000003,0.2125,3.022777777777778,5.089444444444447,8,0.7833333333333333,0.0,662,34,6,67756,"{""1"":7.755555555555554,""2"":7.75972222222222,""3"":8.336388888888886,""4"":12.382777777777777,""5"":14.738888888888889,""6"":16.1625}",1
holdout/caps-only/income-path-insurance-fast,746176202,VICTORY,26.333055555555543,19.679166666666667,6.653888888888876,0.2125,6.503611111111112,3.7702777777777743,13,1.25,0.0,700,35,6,334365,"{""1"":13.59611111111111,""2"":13.873055555555556,""3"":14.353055555555555,""4"":17.563333333333336,""5"":20.993333333333325,""6"":21.821111111111104}",1
holdout/caps-only/income-path-insurance-fast,460316679,VICTORY,23.306944444444444,14.875555555555556,8.431388888888888,0.2125,2.1541666666666677,3.982777777777778,10,1.0,0.0,677,35,6,625896,"{""1"":5.606944444444446,""2"":5.812500000000001,""3"":5.816666666666667,""4"":13.809444444444441,""5"":16.34388888888889,""6"":18.660555555555554}",1
holdout/caps-only/income-path-insurance-fast,1261976600,VICTORY,24.10444444444444,16.48472222222222,7.619722222222219,0.2125,4.534999999999999,4.754444444444441,8,0.8333333333333334,0.0,718,33,6,777239,"{""1"":7.4172222222222235,""2"":7.42138888888889,""3"":7.425555555555557,""4"":14.766944444444444,""5"":17.29222222222222,""6"":19.35}",1
holdout/caps-only/insurance-first-fast,3650322235,VICTORY,20.741944444444435,12.818611111111107,7.9233333333333285,0.2125,4.157499999999998,3.8299999999999974,8,0.85,0.0,652,38,6,254799,"{""1"":0.22083333333333333,""2"":0.8966666666666666,""3"":4.261388888888888,""4"":10.965277777777773,""5"":13.618888888888883,""6"":14.759444444444439}",1
holdout/caps-only/insurance-first-fast,1314072570,VICTORY,17.855277777777776,9.545555555555556,8.30972222222222,0.2125,1.8713888888888888,3.6722222222222247,9,0.9333333333333333,0.0,674,38,6,1931045,"{""1"":0.22083333333333333,""2"":0.5241666666666667,""3"":1.9019444444444447,""4"":7.133611111111111,""5"":10.050555555555555,""6"":12.048888888888886}",1
holdout/caps-only/insurance-first-fast,3141694928,VICTORY,22.620277777777783,12.362500000000004,10.257777777777779,0.2125,2.5847222222222217,3.8258333333333328,8,0.8166666666666667,0.0,789,38,6,1167634,"{""1"":0.22083333333333333,""2"":0.5127777777777778,""3"":3.5066666666666664,""4"":10.278611111111111,""5"":14.303333333333338,""6"":16.15944444444445}",1
holdout/caps-only/insurance-first-fast,2663828750,VICTORY,16.668333333333337,7.192777777777778,9.475555555555559,0.2125,1.4391666666666671,3.5883333333333365,13,1.3,0.0,639,38,6,917653,"{""1"":0.22083333333333333,""2"":0.7469444444444444,""3"":1.938611111111111,""4"":5.725277777777777,""5"":8.188888888888888,""6"":10.28972222222222}",1
holdout/caps-only/insurance-first-fast,2653920563,VICTORY,17.329722222222223,9.29722222222222,8.032500000000002,0.2125,2.503333333333333,3.253888888888889,9,0.9666666666666667,0.0,599,38,6,3378460,"{""1"":0.22083333333333333,""2"":0.5063888888888889,""3"":4.519722222222222,""4"":7.66722222222222,""5"":10.308055555555553,""6"":11.933055555555551}",1
holdout/caps-only/insurance-first-fast,223457752,VICTORY,31.375000000000004,22.451111111111118,8.923888888888886,0.2125,3.6236111111111104,3.8961111111111033,11,1.0833333333333333,0.0,871,38,6,2270055,"{""1"":0.22083333333333333,""2"":0.5272222222222223,""3"":9.351666666666665,""4"":20.243611111111115,""5"":22.91194444444445,""6"":24.56500000000001}",1
holdout/caps-only/insurance-first-fast,1700281391,VICTORY,24.47027777777778,16.14861111111111,8.321666666666673,0.2125,3.664722222222224,3.736388888888894,10,1.0,0.0,689,38,6,2145265,"{""1"":0.22083333333333333,""2"":0.5211111111111111,""3"":5.339722222222224,""4"":14.56166666666667,""5"":17.525833333333328,""6"":18.97861111111111}",1
holdout/caps-only/insurance-first-fast,1893754700,VICTORY,19.6675,11.724722222222221,7.9427777777777795,0.2125,2.036388888888888,3.119166666666666,11,1.1166666666666667,0.0,659,38,6,636343,"{""1"":0.22083333333333333,""2"":1.0322222222222224,""3"":2.5927777777777776,""4"":9.652777777777775,""5"":12.551111111111108,""6"":14.279722222222222}",1
holdout/caps-only/insurance-first-fast,2968091073,VICTORY,27.355277777777772,18.25,9.105277777777772,0.4625,3.7075,3.8088888888888883,14,1.4,0.0,840,38,6,1419505,"{""1"":1.0927777777777776,""2"":2.0052777777777773,""3"":4.7325,""4"":15.311111111111108,""5"":19.045277777777773,""6"":21.692222222222217}",1
holdout/caps-only/insurance-first-fast,4113983164,HP_DEATH,6.892499999999999,,,0.2125,0.8744444444444445,2.0316666666666654,11,1.1166666666666667,0.0,84,19,3,146,"{""1"":0.22083333333333333,""2"":1.3158333333333332,""3"":3.103333333333333}",1
holdout/caps-only/insurance-first-fast,1979681349,VICTORY,20.481944444444448,11.856666666666671,8.625277777777777,0.2125,2.3288888888888892,3.256666666666672,10,1.0,0.0,675,38,6,2586655,"{""1"":0.22083333333333333,""2"":0.5975,""3"":2.2297222222222217,""4"":10.184444444444445,""5"":13.14166666666667,""6"":14.589722222222225}",1
holdout/caps-only/insurance-first-fast,1781900347,VICTORY,17.61166666666667,9.92472222222222,7.6869444444444515,0.2125,1.2919444444444441,3.3122222222222244,7,0.7166666666666667,0.0,598,38,6,1859226,"{""1"":0.22083333333333333,""2"":0.5152777777777777,""3"":3.100833333333333,""4"":8.62111111111111,""5"":10.98,""6"":11.866944444444446}",1
holdout/caps-only/insurance-first-fast,1435292250,VICTORY,16.79083333333333,8.962499999999999,7.828333333333333,0.55,1.6247222222222215,3.180277777777779,12,1.2166666666666666,0.0,571,38,6,1640309,"{""1"":0.5583333333333333,""2"":1.8633333333333333,""3"":3.227222222222222,""4"":7.375277777777777,""5"":10.039166666666665,""6"":12.032499999999997}",1
holdout/caps-only/insurance-first-fast,1641014014,VICTORY,18.431111111111115,10.513055555555557,7.918055555555558,0.2125,1.9422222222222216,3.544722222222221,10,1.0166666666666666,0.0,643,38,6,1494867,"{""1"":0.22083333333333333,""2"":0.5130555555555555,""3"":4.523055555555556,""4"":8.474166666666667,""5"":11.077777777777781,""6"":12.886944444444449}",1
holdout/caps-only/insurance-first-fast,4050462610,VICTORY,22.638888888888896,12.609722222222224,10.029166666666672,0.2125,1.791388888888889,3.957222222222227,9,0.9166666666666666,0.0,696,38,6,1545540,"{""1"":0.22083333333333333,""2"":2.2,""3"":5.842499999999999,""4"":11.717500000000001,""5"":14.567222222222226,""6"":16.208888888888893}",1
holdout/caps-only/insurance-first-fast,3967680554,VICTORY,16.474722222222226,7.351944444444443,9.122777777777785,0.2125,1.6922222222222223,3.927777777777781,12,1.25,0.0,571,38,6,1621199,"{""1"":0.22083333333333333,""2"":0.8886111111111111,""3"":3.058888888888889,""4"":6.365555555555554,""5"":8.533333333333333,""6"":10.414166666666667}",1
holdout/caps-only/insurance-first-fast,3582280609,VICTORY,20.47166666666667,12.133055555555558,8.338611111111113,0.2125,2.6183333333333345,4.013333333333333,8,0.8,0.0,671,38,6,1870816,"{""1"":0.22083333333333333,""2"":0.5069444444444444,""3"":2.230555555555555,""4"":10.710833333333333,""5"":12.719444444444447,""6"":14.589722222222226}",1
holdout/caps-only/insurance-first-fast,3588995994,VICTORY,14.42083333333333,6.7569444444444455,7.663888888888885,0.2125,1.2099999999999984,3.053333333333334,9,0.9666666666666667,0.0,529,38,6,4744619,"{""1"":0.22083333333333333,""2"":0.5005555555555555,""3"":3.5666666666666673,""4"":5.329722222222224,""5"":7.6705555555555565,""6"":8.991388888888888}",1
holdout/caps-only/insurance-first-fast,3965359693,VICTORY,19.529722222222226,10.307777777777778,9.221944444444448,0.2125,1.559722222222223,4.508611111111109,7,0.7166666666666667,0.0,715,38,6,1881999,"{""1"":0.22083333333333333,""2"":0.5836111111111111,""3"":2.7408333333333332,""4"":8.812222222222223,""5"":10.625277777777779,""6"":12.71527777777778}",1
holdout/caps-only/insurance-first-fast,3795419900,VICTORY,19.957500000000003,9.579444444444444,10.378055555555559,0.2125,1.3547222222222217,3.2863888888888897,9,0.9166666666666666,0.0,677,38,6,606622,"{""1"":0.22083333333333333,""2"":0.6116666666666667,""3"":4.397777777777778,""4"":9.105277777777777,""5"":11.672777777777778,""6"":14.451944444444445}",1
holdout/caps-only/insurance-first-fast,4249763570,VICTORY,17.624722222222214,10.67333333333333,6.951388888888884,0.2125,1.8138888888888887,3.2202777777777762,14,1.4666666666666666,0.0,558,38,6,2279844,"{""1"":0.22083333333333333,""2"":2.1341666666666663,""3"":4.664722222222222,""4"":9.17611111111111,""5"":11.421388888888888,""6"":12.700555555555551}",1
holdout/caps-only/insurance-first-fast,746176202,VICTORY,17.5125,8.42361111111111,9.088888888888889,0.2125,2.438888888888889,3.378888888888889,8,0.8166666666666667,0.0,630,38,6,849145,"{""1"":0.22083333333333333,""2"":0.5955555555555556,""3"":2.475277777777778,""4"":7.698888888888889,""5"":9.900277777777777,""6"":12.249999999999998}",1
holdout/caps-only/insurance-first-fast,460316679,VICTORY,21.14694444444444,12.031111111111109,9.115833333333331,0.2125,2.365833333333334,3.7677777777777806,9,0.9,0.0,709,38,6,900445,"{""1"":0.22083333333333333,""2"":0.4152777777777778,""3"":5.808888888888887,""4"":9.606666666666664,""5"":13.431666666666665,""6"":15.16444444444444}",1
holdout/caps-only/insurance-first-fast,1261976600,VICTORY,17.02722222222223,8.278055555555556,8.749166666666673,0.2125,1.6113888888888899,4.125000000000002,10,1.0166666666666666,0.0,611,38,6,245154,"{""1"":0.22083333333333333,""2"":0.49472222222222223,""3"":2.281944444444444,""4"":6.9175,""5"":9.305555555555554,""6"":10.85138888888889}",1
holdout/caps-only/stake-first-fast,3650322235,VICTORY,17.28138888888889,9.193333333333335,8.088055555555556,0.2125,2.0463888888888895,3.9677777777777785,9,0.9166666666666666,0.0,635,35,6,1681505,"{""1"":0.2125,""2"":0.21666666666666667,""3"":1.008888888888889,""4"":7.2375,""5"":9.675555555555555,""6"":11.229444444444445}",1
holdout/caps-only/stake-first-fast,1314072570,VICTORY,16.61722222222222,8.582500000000001,8.03472222222222,0.2125,2.0463888888888886,3.4063888888888867,7,0.7333333333333333,0.0,639,35,6,3109847,"{""1"":0.2125,""2"":0.21666666666666667,""3"":0.6377777777777778,""4"":5.671388888888889,""5"":9.061111111111112,""6"":10.980555555555554}",1
holdout/caps-only/stake-first-fast,3141694928,VICTORY,21.402777777777775,11.226111111111111,10.176666666666664,0.2125,2.8077777777777784,3.877777777777775,12,1.1833333333333333,0.0,773,35,6,453586,"{""1"":0.2125,""2"":0.21666666666666667,""3"":0.6425,""4"":8.366388888888888,""5"":12.071388888888887,""6"":15.050833333333332}",1
holdout/caps-only/stake-first-fast,2663828750,VICTORY,16.20916666666667,7.552222222222223,8.656944444444445,0.2125,1.5658333333333334,3.2730555555555556,8,0.7833333333333333,0.0,632,35,6,1469581,"{""1"":0.2125,""2"":0.21666666666666667,""3"":0.6391666666666667,""4"":3.9761111111111114,""5"":8.028055555555557,""6"":10.087222222222225}",1
holdout/caps-only/stake-first-fast,2653920563,VICTORY,15.19861111111111,7.500555555555555,7.6980555555555545,0.2125,1.2108333333333334,3.0161111111111096,7,0.6833333333333333,0.0,544,35,6,1055635,"{""1"":0.2125,""2"":0.21666666666666667,""3"":0.6261111111111111,""4"":5.453333333333333,""5"":7.500555555555555,""6"":10.23861111111111}",1
holdout/caps-only/stake-first-fast,223457752,VICTORY,18.89749999999999,10.193055555555555,8.704444444444436,0.2125,1.4858333333333333,3.7183333333333297,14,1.3833333333333333,0.0,711,35,6,486370,"{""1"":0.2125,""2"":0.21666666666666667,""3"":1.1811111111111112,""4"":6.89,""5"":10.904166666666665,""6"":12.716111111111108}",2
holdout/caps-only/stake-first-fast,1700281391,VICTORY,23.195833333333333,13.728333333333328,9.467500000000005,0.2125,4.216111111111109,4.046944444444447,9,0.9166666666666666,0.0,707,35,6,4658767,"{""1"":0.2125,""2"":0.21666666666666667,""3"":0.9438888888888889,""4"":9.821944444444444,""5"":14.460277777777772,""6"":17.127222222222215}",1
holdout/caps-only/stake-first-fast,1893754700,VICTORY,14.242777777777777,7.113888888888888,7.128888888888889,0.2125,1.0361111111111105,3.142499999999999,9,0.9666666666666667,0.0,511,35,6,1229701,"{""1"":0.2125,""2"":0.21666666666666667,""3"":1.4516666666666669,""4"":5.845833333333332,""5"":8.053888888888887,""6"":9.426666666666666}",1
holdout/caps-only/stake-first-fast,2968091073,VICTORY,27.363333333333337,18.611388888888886,8.751944444444451,0.4625,3.3747222222222226,3.912499999999996,14,1.3833333333333333,0.0,810,35,6,2529502,"{""1"":1.6608333333333334,""2"":1.665,""3"":5.110277777777778,""4"":15.36194444444444,""5"":18.615555555555552,""6"":20.86916666666667}",1
holdout/caps-only/stake-first-fast,4113983164,VICTORY,18.588055555555556,10.417777777777781,8.170277777777775,0.2125,1.6866666666666674,3.9366666666666674,12,1.2666666666666666,0.0,671,35,6,3102483,"{""1"":0.2125,""2"":0.21666666666666667,""3"":1.6302777777777777,""4"":8.042500000000002,""5"":10.417777777777781,""6"":12.538333333333332}",1
holdout/caps-only/stake-first-fast,1979681349,VICTORY,18.467777777777773,10.29222222222222,8.175555555555553,0.2125,1.810277777777776,3.160277777777776,13,1.25,0.0,644,35,6,925708,"{""1"":0.2125,""2"":0.21666666666666667,""3"":2.105,""4"":7.43361111111111,""5"":11.259444444444442,""6"":12.705277777777773}",1
holdout/caps-only/stake-first-fast,1781900347,VICTORY,15.674722222222218,8.052499999999998,7.62222222222222,0.2125,1.825833333333334,3.827777777777777,7,0.7,0.0,556,35,6,2813739,"{""1"":0.2125,""2"":0.21666666666666667,""3"":0.6319444444444444,""4"":6.388055555555555,""5"":8.463333333333331,""6"":10.338055555555552}",1
holdout/caps-only/stake-first-fast,1435292250,VICTORY,16.72527777777777,8.85388888888889,7.87138888888888,0.55,1.3586111111111108,3.194999999999997,14,1.3333333333333333,0.0,576,35,6,2264852,"{""1"":0.55,""2"":0.5541666666666667,""3"":1.0658333333333334,""4"":5.2252777777777775,""5"":8.85388888888889,""6"":11.221388888888887}",1
holdout/caps-only/stake-first-fast,1641014014,VICTORY,15.764444444444448,8.15888888888889,7.605555555555558,0.2125,2.0675,3.4027777777777772,7,0.7,0.0,577,35,6,63317,"{""1"":0.2125,""2"":0.21666666666666667,""3"":0.538611111111111,""4"":5.28,""5"":8.433055555555558,""6"":10.093055555555559}",1
holdout/caps-only/stake-first-fast,4050462610,VICTORY,20.971388888888892,11.398055555555556,9.573333333333336,0.2125,3.161388888888891,4.021666666666667,7,0.7333333333333333,0.0,682,35,6,3237647,"{""1"":0.2125,""2"":0.21666666666666667,""3"":1.4902777777777776,""4"":9.369166666666668,""5"":13.022500000000003,""6"":14.77166666666667}",1
holdout/caps-only/stake-first-fast,3967680554,VICTORY,16.046111111111113,6.5552777777777775,9.490833333333335,0.2125,1.4530555555555567,3.6711111111111108,14,1.4,0.0,596,35,6,676164,"{""1"":0.2125,""2"":0.21666666666666667,""3"":1.883888888888889,""4"":5.288888888888889,""5"":7.789722222222222,""6"":9.973333333333334}",1
holdout/caps-only/stake-first-fast,3582280609,VICTORY,17.879444444444452,8.289444444444445,9.590000000000007,0.2125,3.2947222222222217,4.0130555555555585,7,0.7,0.0,670,35,6,2029169,"{""1"":0.2125,""2"":0.21666666666666667,""3"":0.5377777777777778,""4"":5.906388888888889,""5"":9.555555555555559,""6"":11.780833333333335}",1
holdout/caps-only/stake-first-fast,3588995994,VICTORY,14.066388888888884,5.170000000000001,8.896388888888882,0.2125,1.2030555555555555,3.0933333333333297,6,0.6,0.0,546,35,6,2453921,"{""1"":0.2125,""2"":0.21666666666666667,""3"":0.6152777777777777,""4"":4.100555555555556,""5"":6.405833333333334,""6"":8.51388888888889}",1
holdout/caps-only/stake-first-fast,3965359693,VICTORY,17.92583333333334,10.139999999999999,7.785833333333342,0.2125,2.0658333333333343,3.729444444444446,10,1.0333333333333334,0.0,631,35,6,390829,"{""1"":0.2125,""2"":0.21666666666666667,""3"":0.9316666666666666,""4"":8.298333333333334,""5"":10.139999999999999,""6"":12.021944444444445}",1
holdout/caps-only/stake-first-fast,3795419900,VICTORY,19.64166666666667,10.610277777777782,9.031388888888888,0.2125,2.171388888888889,3.4563888888888887,9,0.9333333333333333,0.0,687,35,6,1945259,"{""1"":0.2125,""2"":0.21666666666666667,""3"":1.1430555555555555,""4"":8.465000000000002,""5"":11.369444444444447,""6"":13.99194444444445}",1
holdout/caps-only/stake-first-fast,4249763570,VICTORY,15.68722222222222,8.70111111111111,6.986111111111109,0.2125,1.6630555555555553,3.2491666666666634,9,0.9166666666666666,0.0,504,35,6,4043983,"{""1"":0.2125,""2"":0.21666666666666667,""3"":1.992222222222222,""4"":5.928055555555556,""5"":8.70111111111111,""6"":9.688333333333333}",1
holdout/caps-only/stake-first-fast,746176202,VICTORY,19.007777777777783,9.873055555555558,9.134722222222225,0.2125,2.8758333333333335,3.5355555555555536,8,0.8333333333333334,0.0,681,35,6,3284665,"{""1"":0.2125,""2"":0.21666666666666667,""3"":0.9580555555555555,""4"":8.167222222222223,""5"":10.36638888888889,""6"":13.742500000000003}",1
holdout/caps-only/stake-first-fast,460316679,VICTORY,20.78749999999999,12.464444444444444,8.323055555555547,0.2125,1.9183333333333328,3.2422222222222143,11,1.0666666666666667,0.0,669,35,6,799561,"{""1"":0.2125,""2"":0.21666666666666667,""3"":0.8447222222222223,""4"":8.590555555555557,""5"":12.583333333333334,""6"":15.369444444444444}",1
holdout/caps-only/stake-first-fast,1261976600,VICTORY,19.372222222222216,9.630277777777776,9.74194444444444,0.2125,2.2933333333333334,4.1005555555555535,10,1.0166666666666666,0.0,693,35,6,1199984,"{""1"":0.2125,""2"":0.21666666666666667,""3"":1.9288888888888889,""4"":7.609999999999999,""5"":9.634444444444444,""6"":12.489722222222222}",1
holdout/control/cheapest-fast,3650322235,VICTORY,9.636388888888886,6.044444444444443,3.591944444444443,0.2125,1.4752777777777775,1.3258333333333325,10,1.0333333333333334,0.0,239,35,6,4595371,"{""1"":0.2125,""2"":0.9966666666666666,""3"":1.7302777777777778,""4"":5.09,""5"":6.749444444444444,""6"":7.590277777777777}",1
holdout/control/cheapest-fast,1314072570,VICTORY,10.774722222222225,6.579444444444445,4.19527777777778,0.2125,1.110833333333334,1.0927777777777787,10,1.0666666666666667,0.0,292,35,6,14990678,"{""1"":0.2125,""2"":0.6016666666666666,""3"":2.2902777777777774,""4"":5.4463888888888885,""5"":7.919166666666668,""6"":8.589444444444446}",1
holdout/control/cheapest-fast,3141694928,VICTORY,16.107499999999995,11.906666666666661,4.200833333333334,0.2125,3.3891666666666667,1.327777777777779,10,0.9666666666666667,0.0,346,35,6,6709475,"{""1"":0.2125,""2"":3.61,""3"":4.241666666666666,""4"":11.686111111111105,""5"":12.64777777777777,""6"":14.06916666666666}",1
holdout/control/cheapest-fast,2663828750,VICTORY,9.618333333333332,5.415833333333333,4.2025,0.2125,1.5386111111111107,1.3911111111111107,11,1.1333333333333333,0.0,253,35,6,6744221,"{""1"":0.2125,""2"":0.4897222222222222,""3"":1.6855555555555557,""4"":5.415833333333333,""5"":6.586666666666665,""6"":7.295}",1
holdout/control/cheapest-fast,2653920563,VICTORY,13.771666666666665,10.090277777777775,3.6813888888888897,0.2125,3.401388888888888,0.8786111111111116,6,0.5666666666666667,0.0,304,35,6,2708409,"{""1"":0.2125,""2"":3.9711111111111106,""3"":4.94861111111111,""4"":9.705277777777775,""5"":11.126388888888886,""6"":11.971944444444443}",1
holdout/control/cheapest-fast,223457752,VICTORY,14.090000000000002,10.073611111111113,4.016388888888889,0.2125,1.638055555555556,0.8644444444444446,10,1.0666666666666667,0.0,303,35,6,8621557,"{""1"":0.2125,""2"":0.5836111111111111,""3"":2.839722222222222,""4"":9.573333333333334,""5"":11.466944444444447,""6"":12.254444444444449}",1
holdout/control/cheapest-fast,1700281391,VICTORY,12.91638888888889,9.948055555555557,2.968333333333332,0.2125,3.830833333333333,1.0058333333333338,11,1.1666666666666667,0.0,288,35,6,4246355,"{""1"":0.2125,""2"":1.1208333333333333,""3"":2.0855555555555556,""4"":9.48,""5"":10.443055555555556,""6"":11.126944444444444}",1
holdout/control/cheapest-fast,1893754700,VICTORY,9.84472222222222,6.225555555555554,3.6191666666666658,0.2125,2.0799999999999987,1.1941666666666664,9,0.9333333333333333,0.0,253,35,6,15670391,"{""1"":0.2125,""2"":1.3858333333333335,""3"":2.3755555555555556,""4"":6.225555555555554,""5"":6.785833333333331,""6"":7.753055555555553}",1
holdout/control/cheapest-fast,2968091073,VICTORY,13.614166666666668,9.406666666666665,4.207500000000003,0.4625,1.8394444444444435,1.4655555555555566,15,1.45,0.0,331,35,6,1345099,"{""1"":1.6608333333333334,""2"":2.474722222222222,""3"":2.9822222222222217,""4"":9.218611111111109,""5"":10.798055555555553,""6"":11.385555555555554}",1
holdout/control/cheapest-fast,4113983164,VICTORY,8.556111111111111,5.111388888888888,3.4447222222222234,0.2125,1.7625,0.7713888888888893,11,1.1,0.0,217,35,6,2006976,"{""1"":0.2125,""2"":0.5025,""3"":1.7791666666666666,""4"":4.812222222222222,""5"":5.766666666666667,""6"":6.470277777777778}",2
holdout/control/cheapest-fast,1979681349,VICTORY,10.097222222222221,7.099722222222222,2.9974999999999996,0.2125,1.2797222222222226,0.9694444444444457,11,1.1166666666666667,0.0,256,35,6,18123151,"{""1"":0.2125,""2"":1.3427777777777776,""3"":3.253888888888889,""4"":6.788888888888889,""5"":7.870277777777776,""6"":8.49361111111111}",2
holdout/control/cheapest-fast,1781900347,VICTORY,11.202499999999999,7.922777777777777,3.2797222222222215,0.2125,1.7783333333333335,0.8861111111111124,12,1.2666666666666666,0.0,247,35,6,1445218,"{""1"":0.2125,""2"":1.465277777777778,""3"":2.8188888888888894,""4"":7.922777777777777,""5"":8.780277777777776,""6"":9.802499999999998}",1
holdout/control/cheapest-fast,1435292250,VICTORY,10.410277777777775,7.653055555555554,2.7572222222222216,0.55,1.1161111111111117,1.2138888888888895,12,1.15,0.0,259,35,6,8230396,"{""1"":0.55,""2"":1.8941666666666666,""3"":3.623333333333333,""4"":6.286666666666665,""5"":8.046666666666665,""6"":8.387777777777776}",1
holdout/control/cheapest-fast,1641014014,VICTORY,9.752777777777776,5.814722222222222,3.9380555555555548,0.2125,1.183611111111111,0.9002777777777775,9,0.95,0.0,227,35,6,6037234,"{""1"":0.2125,""2"":1.8419444444444442,""3"":2.9375,""4"":5.818888888888889,""5"":6.984166666666666,""6"":7.821944444444443}",1
holdout/control/cheapest-fast,4050462610,VICTORY,13.543333333333335,9.95861111111111,3.584722222222224,0.2125,1.4786111111111115,1.2230555555555573,9,0.9833333333333333,0.0,304,35,6,10596752,"{""1"":0.2125,""2"":0.40444444444444444,""3"":3.8266666666666658,""4"":8.980833333333333,""5"":10.555833333333334,""6"":11.444444444444446}",1
holdout/control/cheapest-fast,3967680554,VICTORY,9.487777777777778,6.655833333333334,2.831944444444444,0.2125,1.5147222222222216,0.8019444444444427,10,1.0166666666666666,0.0,230,35,6,1462067,"{""1"":0.2125,""2"":1.1419444444444444,""3"":3.0450000000000004,""4"":6.335,""5"":7.175,""6"":7.8516666666666675}",1
holdout/control/cheapest-fast,3582280609,VICTORY,11.314166666666669,7.633333333333334,3.680833333333335,0.2125,2.5199999999999982,1.0525000000000015,8,0.8,0.0,263,35,6,9428162,"{""1"":0.2125,""2"":1.4458333333333333,""3"":1.6113888888888888,""4"":7.519166666666666,""5"":8.461666666666666,""6"":9.45277777777778}",1
holdout/control/cheapest-fast,3588995994,VICTORY,7.102222222222223,4.2027777777777775,2.8994444444444456,0.2125,0.9655555555555554,1.0700000000000007,9,0.9666666666666667,0.0,173,35,6,3030364,"{""1"":0.2125,""2"":0.5505555555555556,""3"":2.833611111111111,""4"":4.2027777777777775,""5"":5.051944444444445,""6"":5.490833333333333}",1
holdout/control/cheapest-fast,3965359693,VICTORY,11.384166666666665,8.399444444444446,2.984722222222219,0.2125,1.6061111111111113,0.9405555555555547,8,0.8333333333333334,0.0,269,35,6,4737730,"{""1"":0.2125,""2"":0.8875,""3"":1.8133333333333335,""4"":7.512222222222222,""5"":8.988055555555556,""6"":9.414722222222224}",1
holdout/control/cheapest-fast,3795419900,VICTORY,10.653333333333332,7.741944444444445,2.9113888888888875,0.2125,0.8780555555555547,0.5999999999999981,10,1.0333333333333334,0.0,246,35,6,6636888,"{""1"":0.2125,""2"":0.9011111111111112,""3"":2.376111111111111,""4"":6.932777777777778,""5"":8.323055555555557,""6"":9.045277777777779}",1
holdout/control/cheapest-fast,4249763570,VICTORY,7.914722222222223,4.9399999999999995,2.9747222222222236,0.2125,1.6341666666666668,1.0719444444444453,11,1.1166666666666667,0.0,192,35,6,14983467,"{""1"":0.2125,""2"":0.74,""3"":1.6638888888888888,""4"":4.735,""5"":5.369722222222222,""6"":5.974166666666667}",1
holdout/control/cheapest-fast,746176202,VICTORY,10.82722222222222,7.795,3.03222222222222,0.2125,1.7169444444444442,1.175555555555555,12,1.2,0.0,232,35,6,5894884,"{""1"":0.2125,""2"":0.8152777777777779,""3"":2.7333333333333334,""4"":7.287222222222223,""5"":8.586944444444445,""6"":9.148888888888889}",1
holdout/control/cheapest-fast,460316679,VICTORY,12.653333333333336,8.41777777777778,4.235555555555557,0.2125,1.6463888888888893,0.9913888888888891,10,1.0833333333333333,0.0,326,35,6,1992803,"{""1"":0.2125,""2"":1.0072222222222222,""3"":6.4497222222222215,""4"":7.830277777777778,""5"":9.819722222222223,""6"":11.074166666666668}",1
holdout/control/cheapest-fast,1261976600,VICTORY,10.902500000000002,7.604166666666667,3.2983333333333347,0.2125,2.272222222222221,1.1783333333333341,11,1.1333333333333333,0.0,257,35,6,5857306,"{""1"":0.2125,""2"":2.064166666666667,""3"":2.753888888888889,""4"":7.205555555555557,""5"":7.95,""6"":8.883055555555556}",1
holdout/control/income-path-fast,3650322235,VICTORY,13.48083333333333,10.74638888888889,2.7344444444444402,0.2125,3.6975000000000002,1.121666666666666,12,1.2,0.0,288,31,6,13747903,"{""1"":6.361666666666666,""2"":6.365833333333333,""3"":8.395277777777777,""4"":10.639444444444445,""5"":11.550555555555555,""6"":12.359166666666663}",1
holdout/control/income-path-fast,1314072570,VICTORY,17.56611111111112,14.503055555555564,3.0630555555555556,0.2125,6.341666666666669,1.5780555555555529,12,1.1333333333333333,0.0,380,32,6,1589085,"{""1"":9.89805555555556,""2"":10.246111111111114,""3"":11.845000000000002,""4"":13.891388888888894,""5"":15.047500000000008,""6"":15.599444444444455}",1
holdout/control/income-path-fast,3141694928,VICTORY,15.866666666666667,11.792777777777774,4.073888888888893,0.2125,2.855555555555555,1.850555555555555,11,1.1333333333333333,0.0,363,31,6,6706244,"{""1"":4.1899999999999995,""2"":6.213611111111109,""3"":8.59083333333333,""4"":11.549999999999994,""5"":12.193888888888885,""6"":14.016111111111112}",1
holdout/control/income-path-fast,2663828750,VICTORY,12.404999999999996,8.701388888888888,3.7036111111111083,0.2125,1.5433333333333328,1.9947222222222214,10,1.0333333333333334,0.0,296,30,6,7741469,"{""1"":2.1255555555555556,""2"":3.1130555555555555,""3"":3.590555555555555,""4"":8.701388888888888,""5"":9.709166666666665,""6"":10.410277777777774}",1
holdout/control/income-path-fast,2653920563,VICTORY,13.530555555555555,11.004444444444447,2.526111111111108,0.2125,3.276388888888888,1.3549999999999993,6,0.5666666666666667,0.0,294,32,6,6365021,"{""1"":5.080555555555555,""2"":5.366388888888889,""3"":6.446388888888889,""4"":11.01277777777778,""5"":11.22138888888889,""6"":12.00388888888889}",1
holdout/control/income-path-fast,223457752,VICTORY,18.082222222222224,14.045833333333333,4.036388888888892,0.2125,4.464722222222222,1.7333333333333352,14,1.2666666666666666,0.0,370,31,6,6439066,"{""1"":6.519166666666666,""2"":6.969722222222221,""3"":8.222777777777777,""4"":14.045833333333333,""5"":15.7275,""6"":16.348888888888887}",1
holdout/control/income-path-fast,1700281391,VICTORY,12.424722222222222,10.246944444444443,2.177777777777779,0.2125,2.3561111111111095,1.2575000000000007,10,1.0666666666666667,0.0,255,29,6,15043534,"{""1"":1.811388888888889,""2"":2.1005555555555557,""3"":2.8575000000000004,""4"":10.128888888888888,""5"":10.373055555555556,""6"":11.167222222222222}",1
holdout/control/income-path-fast,1893754700,VICTORY,13.432222222222224,12.06777777777778,1.3644444444444446,0.2125,1.690277777777777,0.7744444444444449,7,0.7166666666666667,0.0,298,30,6,5927739,"{""1"":5.8841666666666645,""2"":5.888333333333332,""3"":7.0522222222222215,""4"":10.161111111111113,""5"":12.278611111111111,""6"":12.657777777777778}",1
holdout/control/income-path-fast,2968091073,VICTORY,18.45472222222223,14.763888888888895,3.6908333333333356,0.4625,2.728333333333334,2.258055555555556,20,2.0,0.0,375,31,6,4009424,"{""1"":4.650833333333333,""2"":6.279444444444445,""3"":6.838333333333334,""4"":13.426111111111116,""5"":15.192500000000006,""6"":16.196666666666673}",1
holdout/control/income-path-fast,4113983164,VICTORY,13.79027777777778,12.045555555555556,1.744722222222224,0.2125,2.5258333333333325,1.4211111111111128,13,1.3,0.0,301,30,6,2060474,"{""1"":0.94,""2"":1.3299999999999998,""3"":1.738611111111111,""4"":9.815277777777776,""5"":12.049722222222222,""6"":12.369166666666667}",1
holdout/control/income-path-fast,1979681349,VICTORY,15.784444444444452,13.465555555555559,2.3188888888888926,0.2125,5.328611111111112,1.1572222222222233,8,0.7833333333333333,0.0,308,31,6,2787659,"{""1"":7.244444444444445,""2"":7.716666666666668,""3"":9.76361111111111,""4"":13.294166666666667,""5"":14.199444444444449,""6"":14.627222222222228}",1
holdout/control/income-path-fast,1781900347,VICTORY,20.541388888888893,17.98861111111112,2.5527777777777736,0.2125,4.541111111111113,1.2147222222222203,9,0.9166666666666666,0.0,416,31,6,2877492,"{""1"":9.648611111111112,""2"":9.652777777777779,""3"":11.431388888888893,""4"":17.07805555555556,""5"":18.606388888888894,""6"":19.32666666666667}",1
holdout/control/income-path-fast,1435292250,VICTORY,10.709444444444443,7.110555555555554,3.5988888888888892,0.55,1.9013888888888877,2.0036111111111117,15,1.4666666666666666,0.0,270,31,6,4362126,"{""1"":2.6233333333333335,""2"":2.767777777777778,""3"":3.2452777777777775,""4"":7.110555555555554,""5"":7.92472222222222,""6"":8.705833333333333}",1
holdout/control/income-path-fast,1641014014,VICTORY,16.93638888888889,14.53138888888889,2.4049999999999994,0.2125,3.693888888888888,1.5758333333333345,7,0.7,0.0,355,31,6,1115241,"{""1"":4.417222222222222,""2"":4.749999999999999,""3"":4.824444444444443,""4"":13.198333333333334,""5"":14.649444444444445,""6"":15.360555555555555}",1
holdout/control/income-path-fast,4050462610,VICTORY,12.193055555555558,9.40222222222222,2.790833333333339,0.2125,1.9411111111111117,1.9677777777777805,11,1.1166666666666667,0.0,279,30,6,13488960,"{""1"":3.2563888888888886,""2"":3.549722222222222,""3"":3.6480555555555556,""4"":8.360555555555555,""5"":9.406388888888888,""6"":10.225277777777778}",1
holdout/control/income-path-fast,3967680554,VICTORY,9.363611111111114,6.706388888888891,2.657222222222223,0.2125,1.8725000000000003,1.4366666666666674,10,1.0333333333333334,0.0,225,31,6,8668395,"{""1"":1.8550000000000002,""2"":2.1322222222222225,""3"":2.548888888888889,""4"":6.0550000000000015,""5"":7.211666666666669,""6"":7.926944444444446}",1
holdout/control/income-path-fast,3582280609,VICTORY,16.918888888888887,14.596944444444444,2.3219444444444424,0.2125,3.6986111111111084,1.1944444444444438,9,0.85,0.0,368,30,6,6089619,"{""1"":11.413611111111106,""2"":12.064166666666663,""3"":12.57333333333333,""4"":13.945555555555556,""5"":14.736944444444445,""6"":15.724444444444442}",1
holdout/control/income-path-fast,3588995994,VICTORY,7.0505555555555555,4.643055555555557,2.407499999999999,0.2125,1.9213888888888888,1.4530555555555547,9,0.9666666666666667,0.0,190,31,6,5853411,"{""1"":2.1463888888888887,""2"":2.238611111111111,""3"":2.547222222222222,""4"":4.446666666666667,""5"":5.235833333333333,""6"":5.5975}",1
holdout/control/income-path-fast,3965359693,VICTORY,26.015277777777783,23.87138888888889,2.143888888888892,0.2125,10.665,1.5111111111111124,11,1.1,9.0,310,29,6,1588340,"{""1"":13.208333333333334,""2"":14.0875,""3"":16.844166666666666,""4"":23.220000000000006,""5"":24.179722222222225,""6"":24.50416666666667}",1
holdout/control/income-path-fast,3795419900,VICTORY,16.170555555555552,12.61222222222222,3.558333333333332,0.2125,5.630277777777778,2.360833333333333,11,1.1333333333333333,0.0,373,31,6,1007498,"{""1"":5.855277777777777,""2"":6.205833333333333,""3"":7.212777777777776,""4"":12.336111111111109,""5"":13.32722222222222,""6"":13.809722222222218}",1
holdout/control/income-path-fast,4249763570,VICTORY,19.515,16.591944444444447,2.9230555555555533,0.2125,5.435,1.6950000000000007,13,1.3166666666666667,0.0,413,31,6,2729356,"{""1"":10.586944444444443,""2"":10.59111111111111,""3"":11.282222222222222,""4"":16.591944444444447,""5"":17.417500000000004,""6"":17.82}",1
holdout/control/income-path-fast,746176202,BARRY_LOSS,16.730833333333333,,,0.2125,7.6547222222222215,0.55,15,1.5166666666666666,0.0,231,16,3,3406,"{""1"":10.799444444444443,""2"":11.176944444444443,""3"":12.756111111111109}",1
holdout/control/income-path-fast,460316679,VICTORY,20.14305555555556,16.780000000000005,3.3630555555555546,0.2125,4.674722222222224,1.7144444444444427,10,1.0,0.0,424,30,6,9134426,"{""1"":10.765277777777778,""2"":11.779166666666667,""3"":12.383055555555554,""4"":16.780000000000005,""5"":17.848888888888894,""6"":18.428611111111117}",1
holdout/control/income-path-fast,1261976600,VICTORY,11.938055555555552,9.571944444444444,2.366111111111108,0.2125,2.90361111111111,1.526666666666667,6,0.6166666666666667,0.0,244,32,6,744842,"{""1"":2.1758333333333337,""2"":3.1544444444444446,""3"":4.9375,""4"":8.401944444444444,""5"":9.961666666666664,""6"":10.206111111111108}",1
holdout/control/income-path-insurance-fast,3650322235,VICTORY,14.506388888888882,11.915833333333328,2.5905555555555537,0.2125,4.299999999999998,1.2924999999999993,12,1.1166666666666667,0.0,289,34,6,18269899,"{""1"":5.548333333333332,""2"":5.552499999999998,""3"":6.194166666666665,""4"":11.51444444444444,""5"":12.507777777777772,""6"":13.213888888888881}",1
holdout/control/income-path-insurance-fast,1314072570,VICTORY,19.201944444444454,16.549722222222233,2.652222222222221,0.2125,5.7997222222222256,1.8125,14,1.35,0.0,385,33,6,2762000,"{""1"":9.568611111111114,""2"":10.202500000000006,""3"":10.411388888888894,""4"":16.15861111111112,""5"":16.959444444444454,""6"":17.389444444444454}",1
holdout/control/income-path-insurance-fast,3141694928,VICTORY,16.104444444444447,12.618055555555555,3.486388888888891,0.2125,3.1597222222222228,1.8591666666666677,9,0.8833333333333333,0.0,366,33,6,8223524,"{""1"":6.5875,""2"":6.943611111111111,""3"":9.791666666666664,""4"":11.853055555555555,""5"":13.91138888888889,""6"":14.131944444444446}",1
holdout/control/income-path-insurance-fast,2663828750,VICTORY,16.456388888888895,14.066111111111118,2.3902777777777775,0.2125,3.3025000000000033,1.1094444444444453,7,0.65,0.0,328,34,6,188811,"{""1"":4.262777777777778,""2"":4.5600000000000005,""3"":6.692222222222224,""4"":12.517500000000005,""5"":14.190000000000005,""6"":15.238611111111116}",1
holdout/control/income-path-insurance-fast,2653920563,VICTORY,23.589722222222218,20.594444444444438,2.9952777777777797,0.2125,3.8111111111111113,1.6233333333333348,11,1.1166666666666667,0.0,500,35,6,8627526,"{""1"":11.961944444444446,""2"":11.966111111111113,""3"":14.244722222222226,""4"":19.838055555555552,""5"":20.81944444444444,""6"":21.678611111111103}",1
holdout/control/income-path-insurance-fast,223457752,VICTORY,21.852222222222217,19.060555555555553,2.7916666666666643,0.2125,4.262777777777777,1.3916666666666628,14,1.3333333333333333,0.0,449,34,6,9801724,"{""1"":8.471944444444443,""2"":9.570555555555554,""3"":11.317499999999999,""4"":17.403055555555557,""5"":19.70388888888889,""6"":20.355833333333333}",1
holdout/control/income-path-insurance-fast,1700281391,VICTORY,15.129999999999995,13.280277777777773,1.8497222222222227,0.2125,4.068333333333332,1.0774999999999997,11,1.0833333333333333,0.0,297,34,6,4978073,"{""1"":5.90972222222222,""2"":6.894444444444442,""3"":8.417777777777776,""4"":12.603888888888886,""5"":13.492222222222216,""6"":14.052499999999997}",1
holdout/control/income-path-insurance-fast,1893754700,VICTORY,9.493055555555552,6.000833333333333,3.4922222222222192,0.2125,1.4194444444444434,1.5180555555555553,12,1.2666666666666666,0.0,257,34,6,16437135,"{""1"":2.349722222222222,""2"":2.5174999999999996,""3"":3.804444444444444,""4"":6.000833333333333,""5"":6.268888888888887,""6"":7.688055555555553}",1
holdout/control/income-path-insurance-fast,2968091073,VICTORY,18.105833333333326,15.123611111111106,2.9822222222222194,0.4625,3.442222222222222,1.9080555555555558,20,1.9666666666666666,0.0,350,33,6,6704780,"{""1"":5.222777777777778,""2"":5.321111111111111,""3"":7.413333333333333,""4"":14.91944444444444,""5"":15.230833333333328,""6"":16.193611111111103}",1
holdout/control/income-path-insurance-fast,4113983164,VICTORY,14.683888888888884,11.879722222222219,2.8041666666666654,0.2125,1.885277777777776,1.1891666666666652,14,1.5,0.0,264,33,6,987875,"{""1"":3.3730555555555553,""2"":3.600833333333333,""3"":4.958611111111111,""4"":11.691111111111105,""5"":12.39583333333333,""6"":13.494722222222219}",1
holdout/control/income-path-insurance-fast,1979681349,VICTORY,12.36972222222222,9.949444444444445,2.420277777777775,0.2125,3.235833333333333,1.3355555555555554,14,1.4833333333333334,0.0,240,33,6,9150766,"{""1"":4.457499999999999,""2"":4.461666666666665,""3"":5.524166666666665,""4"":9.830277777777777,""5"":10.498888888888889,""6"":11.03}",1
holdout/control/income-path-insurance-fast,1781900347,VICTORY,11.128055555555553,7.978888888888888,3.149166666666665,0.2125,1.4441666666666668,1.332499999999999,11,1.15,0.0,241,34,6,1308557,"{""1"":2.4280555555555554,""2"":2.64,""3"":4.405555555555556,""4"":7.866666666666665,""5"":8.823055555555554,""6"":9.795555555555554}",1
holdout/control/income-path-insurance-fast,1435292250,VICTORY,12.865,10.3875,2.477500000000001,0.55,2.4433333333333334,1.9458333333333333,14,1.45,0.0,289,34,6,4381660,"{""1"":3.9755555555555557,""2"":4.3358333333333325,""3"":5.2588888888888885,""4"":9.730555555555556,""5"":10.500833333333333,""6"":10.919166666666666}",1
holdout/control/income-path-insurance-fast,1641014014,VICTORY,17.37611111111112,14.943611111111116,2.4325000000000028,0.2125,3.075833333333333,1.8758333333333364,13,1.3166666666666667,0.0,341,33,6,4237345,"{""1"":5.688611111111111,""2"":6.498055555555555,""3"":9.231666666666667,""4"":13.747500000000004,""5"":15.061944444444448,""6"":15.50027777777778}",1
holdout/control/income-path-insurance-fast,4050462610,VICTORY,19.854166666666675,16.47166666666667,3.382500000000004,0.2125,5.1611111111111105,1.979444444444448,13,1.3333333333333333,0.0,423,34,6,7351302,"{""1"":8.118888888888886,""2"":8.65833333333333,""3"":9.626111111111108,""4"":16.47166666666667,""5"":17.37555555555556,""6"":17.874722222222225}",1
holdout/control/income-path-insurance-fast,3967680554,VICTORY,18.534444444444446,15.24277777777778,3.291666666666666,0.2125,3.8974999999999995,1.7822222222222233,10,1.0166666666666666,0.0,412,34,6,7715426,"{""1"":9.465833333333334,""2"":10.001111111111113,""3"":10.731944444444448,""4"":14.689722222222226,""5"":16.083611111111114,""6"":16.752222222222223}",1
holdout/control/income-path-insurance-fast,3582280609,VICTORY,16.335555555555555,13.83861111111111,2.496944444444445,0.2125,2.707500000000001,1.3344444444444454,14,1.4166666666666667,0.0,326,34,6,6038910,"{""1"":7.678333333333334,""2"":8.15888888888889,""3"":9.133055555555556,""4"":12.863333333333332,""5"":13.977222222222222,""6"":14.889722222222222}",1
holdout/control/income-path-insurance-fast,3588995994,VICTORY,9.833333333333334,6.197222222222223,3.636111111111111,0.2125,1.438055555555555,1.3644444444444446,12,1.2666666666666666,0.0,218,35,6,9531979,"{""1"":2.5902777777777777,""2"":3.186111111111111,""3"":3.3472222222222223,""4"":6.197222222222223,""5"":6.888888888888889,""6"":8.334722222222222}",1
holdout/control/income-path-insurance-fast,3965359693,VICTORY,15.793055555555556,13.239444444444445,2.5536111111111115,0.2125,2.9361111111111113,1.2813888888888887,13,1.25,0.0,319,33,6,1243525,"{""1"":3.783611111111111,""2"":4.611944444444445,""3"":6.764166666666666,""4"":12.552222222222222,""5"":13.71,""6"":14.511666666666667}",1
holdout/control/income-path-insurance-fast,3795419900,VICTORY,17.90444444444444,14.59972222222222,3.304722222222221,0.2125,4.666666666666667,1.8838888888888903,11,1.2166666666666666,3.0,333,35,6,2654013,"{""1"":10.884722222222225,""2"":11.08388888888889,""3"":11.69638888888889,""4"":13.821944444444442,""5"":15.226388888888886,""6"":15.86805555555555}",1
holdout/control/income-path-insurance-fast,4249763570,VICTORY,15.73111111111111,13.828611111111108,1.9025000000000016,0.2125,3.022777777777778,1.0108333333333348,10,0.9333333333333333,0.0,313,33,6,5066480,"{""1"":7.755555555555554,""2"":8.429722222222221,""3"":10.353055555555553,""4"":13.116666666666665,""5"":13.987499999999995,""6"":14.720277777777774}",1
holdout/control/income-path-insurance-fast,746176202,VICTORY,19.619166666666672,16.4875,3.1316666666666713,0.2125,6.503611111111112,1.2505555555555588,11,1.05,0.0,406,33,6,6305075,"{""1"":13.59611111111111,""2"":13.873055555555556,""3"":14.702222222222222,""4"":16.4875,""5"":17.10805555555556,""6"":18.368611111111115}",1
holdout/control/income-path-insurance-fast,460316679,VICTORY,14.871666666666663,12.190833333333329,2.680833333333334,0.2125,2.1541666666666677,1.8616666666666675,11,1.0833333333333333,0.0,353,34,6,1792168,"{""1"":5.606944444444446,""2"":5.812500000000001,""3"":7.531666666666667,""4"":9.76861111111111,""5"":12.199166666666661,""6"":13.009999999999994}",1
holdout/control/income-path-insurance-fast,1261976600,VICTORY,14.915555555555564,12.182500000000005,2.733055555555559,0.2125,4.534999999999999,1.5255555555555569,8,0.8333333333333334,0.0,321,34,6,2619518,"{""1"":7.4172222222222235,""2"":7.42138888888889,""3"":7.886666666666668,""4"":11.82194444444445,""5"":12.452500000000006,""6"":13.159166666666673}",1
holdout/control/insurance-first-fast,3650322235,VICTORY,12.1375,8.386388888888886,3.751111111111113,0.2125,1.7788888888888883,1.352222222222224,17,1.7166666666666666,0.0,262,38,6,2822720,"{""1"":0.22083333333333333,""2"":1.5880555555555558,""3"":3.3280555555555558,""4"":7.756666666666665,""5"":9.525277777777777,""6"":10.081944444444444}",1
holdout/control/insurance-first-fast,1314072570,VICTORY,12.406666666666668,7.44861111111111,4.958055555555558,0.2125,1.2677777777777786,1.139166666666667,8,0.8333333333333334,0.0,325,38,6,10892151,"{""1"":0.22083333333333333,""2"":0.5241666666666667,""3"":3.051388888888889,""4"":7.44861111111111,""5"":9.616944444444444,""6"":10.518888888888888}",1
holdout/control/insurance-first-fast,3141694928,VICTORY,11.726111111111106,8.079166666666666,3.64694444444444,0.2125,1.4405555555555556,0.961388888888888,10,1.0166666666666666,0.0,290,38,6,5910108,"{""1"":0.22083333333333333,""2"":0.5127777777777778,""3"":2.482222222222222,""4"":8.079166666666666,""5"":8.960555555555553,""6"":9.634999999999998}",1
holdout/control/insurance-first-fast,2663828750,VICTORY,9.31972222222222,5.4097222222222205,3.9099999999999993,0.2125,1.139444444444444,1.2205555555555538,9,0.9166666666666666,0.0,240,38,6,177296,"{""1"":0.22083333333333333,""2"":0.7469444444444444,""3"":3.3474999999999993,""4"":5.4097222222222205,""5"":6.623611111111109,""6"":7.117222222222221}",1
holdout/control/insurance-first-fast,2653920563,VICTORY,8.53694444444444,5.318888888888889,3.2180555555555515,0.2125,0.8930555555555553,1.297222222222221,9,0.8666666666666667,0.0,212,38,6,2170677,"{""1"":0.22083333333333333,""2"":1.1880555555555554,""3"":3.289722222222222,""4"":4.9875,""5"":6.011666666666666,""6"":6.641666666666665}",1
holdout/control/insurance-first-fast,223457752,VICTORY,14.468333333333334,11.365555555555558,3.102777777777776,0.2125,2.6313888888888908,1.2711111111111109,11,1.0833333333333333,0.0,299,38,6,5254084,"{""1"":0.22083333333333333,""2"":2.148888888888889,""3"":4.433333333333334,""4"":9.770833333333336,""5"":11.851111111111114,""6"":12.566388888888891}",1
holdout/control/insurance-first-fast,1700281391,VICTORY,11.885833333333334,9.426388888888889,2.459444444444445,0.2125,1.6858333333333348,1.0808333333333338,11,1.1,0.0,266,38,6,10522507,"{""1"":0.22083333333333333,""2"":0.5211111111111111,""3"":1.862777777777778,""4"":7.289444444444447,""5"":9.548611111111112,""6"":10.114166666666668}",1
holdout/control/insurance-first-fast,1893754700,VICTORY,8.943333333333335,5.446666666666666,3.496666666666669,0.2125,0.9172222222222217,1.1530555555555566,13,1.3166666666666667,0.0,249,38,6,2452266,"{""1"":0.22083333333333333,""2"":1.618888888888889,""3"":2.482222222222222,""4"":4.674722222222223,""5"":5.772777777777778,""6"":6.847777777777779}",1
holdout/control/insurance-first-fast,2968091073,VICTORY,18.85444444444444,15.288611111111106,3.565833333333334,0.4625,2.0819444444444457,0.7375,14,1.4,0.0,360,38,6,5192949,"{""1"":1.0927777777777776,""2"":2.398333333333333,""3"":6.100833333333332,""4"":14.370555555555551,""5"":15.940555555555552,""6"":17.03444444444444}",1
holdout/control/insurance-first-fast,4113983164,VICTORY,9.789166666666665,6.0424999999999995,3.7466666666666653,0.2125,0.9219444444444453,0.9980555555555574,9,0.9333333333333333,0.0,234,38,6,12046440,"{""1"":0.22083333333333333,""2"":1.3158333333333332,""3"":3.458055555555555,""4"":6.0424999999999995,""5"":6.931388888888887,""6"":7.837499999999998}",1
holdout/control/insurance-first-fast,1979681349,VICTORY,8.745833333333334,5.9702777777777785,2.775555555555555,0.2125,1.0386111111111112,0.9688888888888888,11,1.1,0.0,206,38,6,12696176,"{""1"":0.22083333333333333,""2"":0.8497222222222223,""3"":2.248888888888889,""4"":5.868055555555556,""5"":6.614444444444445,""6"":7.141388888888889}",1
holdout/control/insurance-first-fast,1781900347,VICTORY,9.449166666666667,6.446944444444444,3.0022222222222226,0.2125,2.250555555555556,0.6477777777777779,9,0.9,0.0,219,38,6,3694020,"{""1"":0.22083333333333333,""2"":0.5152777777777777,""3"":1.781388888888889,""4"":6.240277777777778,""5"":7.321388888888889,""6"":7.9558333333333335}",1
holdout/control/insurance-first-fast,1435292250,VICTORY,11.66722222222222,7.206111111111111,4.461111111111109,0.55,1.3955555555555554,1.0758333333333325,18,1.8333333333333333,0.0,253,38,6,6190837,"{""1"":0.5583333333333333,""2"":1.8633333333333333,""3"":4.988611111111111,""4"":7.214444444444444,""5"":9.081666666666667,""6"":9.587777777777777}",1
holdout/control/insurance-first-fast,1641014014,VICTORY,11.140000000000002,8.049444444444447,3.0905555555555555,0.2125,1.4869444444444446,0.8152777777777771,8,0.8166666666666667,0.0,265,38,6,1519156,"{""1"":0.22083333333333333,""2"":1.1458333333333333,""3"":4.309444444444446,""4"":7.409722222222225,""5"":8.770833333333336,""6"":9.510555555555557}",1
holdout/control/insurance-first-fast,4050462610,VICTORY,13.456111111111113,9.856666666666667,3.599444444444446,0.2125,1.791388888888889,1.3652777777777771,10,1.05,0.0,305,38,6,7754210,"{""1"":0.22083333333333333,""2"":3.1430555555555553,""3"":4.550277777777778,""4"":9.665555555555557,""5"":10.150000000000002,""6"":11.261944444444447}",1
holdout/control/insurance-first-fast,3967680554,VICTORY,9.54,6.331666666666666,3.208333333333333,0.2125,1.506388888888888,0.7605555555555554,10,1.0666666666666667,0.0,229,38,6,1675843,"{""1"":0.22083333333333333,""2"":2.2144444444444447,""3"":3.6525000000000003,""4"":5.6433333333333335,""5"":7.134722222222222,""6"":7.911388888888888}",1
holdout/control/insurance-first-fast,3582280609,VICTORY,10.203611111111112,6.762777777777779,3.440833333333333,0.2125,1.4677777777777783,0.947222222222221,12,1.1833333333333333,0.0,256,38,6,11131640,"{""1"":0.22083333333333333,""2"":0.5069444444444444,""3"":2.2161111111111107,""4"":6.290555555555557,""5"":7.096944444444445,""6"":8.506388888888889}",1
holdout/control/insurance-first-fast,3588995994,VICTORY,8.795555555555556,5.480833333333334,3.3147222222222217,0.2125,0.9816666666666662,1.148333333333333,9,0.9166666666666666,0.0,223,38,6,15100265,"{""1"":0.22083333333333333,""2"":0.5005555555555555,""3"":1.9652777777777777,""4"":4.401944444444444,""5"":6.120277777777778,""6"":6.69388888888889}",1
holdout/control/insurance-first-fast,3965359693,VICTORY,10.2225,6.280555555555556,3.9419444444444443,0.2125,1.300000000000001,1.238055555555557,10,1.0166666666666666,0.0,254,38,6,941215,"{""1"":0.22083333333333333,""2"":0.5836111111111111,""3"":1.5361111111111112,""4"":6.280555555555556,""5"":7.723333333333334,""6"":8.19888888888889}",1
holdout/control/insurance-first-fast,3795419900,VICTORY,10.389722222222224,7.680833333333335,2.7088888888888887,0.2125,0.9002777777777775,1.003333333333334,11,1.1,0.0,234,38,6,6129320,"{""1"":0.22083333333333333,""2"":0.6116666666666667,""3"":2.3449999999999998,""4"":6.485833333333334,""5"":8.089444444444444,""6"":8.539722222222224}",1
holdout/control/insurance-first-fast,4249763570,VICTORY,12.49194444444444,10.204166666666662,2.2877777777777784,0.2125,1.8138888888888887,1.0461111111111108,13,1.3666666666666667,0.0,274,38,6,3336377,"{""1"":0.22083333333333333,""2"":3.019444444444444,""3"":5.220277777777778,""4"":9.317499999999997,""5"":10.578888888888885,""6"":10.959444444444442}",1
holdout/control/insurance-first-fast,746176202,VICTORY,11.811944444444446,8.950555555555555,2.861388888888891,0.2125,1.0780555555555555,0.9522222222222221,9,0.9333333333333333,0.0,256,38,6,11065155,"{""1"":0.22083333333333333,""2"":0.5955555555555556,""3"":3.529722222222223,""4"":8.4925,""5"":9.520277777777778,""6"":9.928333333333335}",1
holdout/control/insurance-first-fast,460316679,VICTORY,12.096111111111115,7.848888888888892,4.247222222222224,0.2125,1.2725000000000009,1.1991666666666674,13,1.2833333333333334,0.0,319,38,6,2126813,"{""1"":0.22083333333333333,""2"":1.0280555555555557,""3"":2.010555555555556,""4"":7.0325000000000015,""5"":8.371666666666668,""6"":9.898333333333335}",1
holdout/control/insurance-first-fast,1261976600,VICTORY,11.518055555555556,8.031388888888888,3.486666666666668,0.2125,1.486666666666667,1.054444444444446,10,1.0,0.0,267,38,6,12265574,"{""1"":0.22083333333333333,""2"":0.49472222222222223,""3"":2.2766666666666664,""4"":7.931388888888888,""5"":8.77361111111111,""6"":9.30861111111111}",1
holdout/control/stake-first-fast,3650322235,VICTORY,9.472222222222221,6.044444444444443,3.427777777777778,0.2125,1.4752777777777775,1.2430555555555551,10,1.0333333333333334,0.0,238,35,6,2314869,"{""1"":0.2125,""2"":0.9966666666666666,""3"":1.7302777777777778,""4"":5.081666666666666,""5"":6.5505555555555555,""6"":7.2222222222222205}",1
holdout/control/stake-first-fast,1314072570,VICTORY,10.990555555555554,6.520833333333333,4.469722222222221,0.2125,1.110833333333334,0.9483333333333329,10,1.0666666666666667,0.0,294,35,6,10654107,"{""1"":0.2125,""2"":0.6016666666666666,""3"":2.2902777777777774,""4"":5.060277777777778,""5"":6.520833333333333,""6"":8.862222222222222}",1
holdout/control/stake-first-fast,3141694928,VICTORY,15.976388888888883,11.906666666666661,4.069722222222222,0.2125,3.3891666666666667,1.3644444444444446,10,0.9666666666666667,0.0,341,35,6,2354797,"{""1"":0.2125,""2"":3.61,""3"":4.229166666666667,""4"":11.677777777777772,""5"":12.157499999999994,""6"":13.029722222222215}",1
holdout/control/stake-first-fast,2663828750,VICTORY,10.291666666666668,6.39861111111111,3.8930555555555575,0.2125,1.5386111111111107,1.5149999999999997,11,1.1333333333333333,0.0,254,35,6,2706581,"{""1"":0.2125,""2"":0.4897222222222222,""3"":1.6855555555555557,""4"":5.020833333333333,""5"":6.39861111111111,""6"":8.186944444444444}",1
holdout/control/stake-first-fast,2653920563,VICTORY,12.69722222222222,9.206944444444442,3.490277777777777,0.2125,3.401388888888888,1.0677777777777768,8,0.7666666666666667,0.0,269,35,6,3524599,"{""1"":0.2125,""2"":3.9711111111111106,""3"":4.661666666666666,""4"":8.641944444444443,""5"":9.538333333333332,""6"":10.55361111111111}",1
holdout/control/stake-first-fast,223457752,VICTORY,13.863055555555556,10.073611111111113,3.7894444444444435,0.2125,1.638055555555556,1.160833333333333,10,1.0666666666666667,0.0,295,35,6,8976415,"{""1"":0.2125,""2"":0.5836111111111111,""3"":2.839722222222222,""4"":9.569166666666668,""5"":10.930555555555559,""6"":11.557500000000003}",1
holdout/control/stake-first-fast,1700281391,VICTORY,13.737500000000002,10.642500000000002,3.0950000000000006,0.2125,3.830833333333333,1.0422222222222217,11,1.1666666666666667,0.0,309,35,6,4810429,"{""1"":0.2125,""2"":1.1208333333333333,""3"":2.0772222222222223,""4"":9.253333333333334,""5"":10.993055555555555,""6"":11.761944444444447}",1
holdout/control/stake-first-fast,1893754700,VICTORY,10.732777777777775,7.258333333333331,3.474444444444444,0.2125,2.0799999999999987,1.161388888888888,9,0.9333333333333333,0.0,250,35,6,7271883,"{""1"":0.2125,""2"":1.3858333333333335,""3"":2.3755555555555556,""4"":5.6694444444444425,""5"":7.77583333333333,""6"":8.57583333333333}",1
holdout/control/stake-first-fast,2968091073,VICTORY,9.943888888888893,6.155277777777779,3.7886111111111136,0.4625,1.1983333333333335,0.7719444444444453,13,1.3333333333333333,0.0,249,35,6,3959566,"{""1"":1.6608333333333334,""2"":1.665,""3"":2.9461111111111107,""4"":5.421944444444445,""5"":6.800000000000001,""6"":7.963333333333336}",1
holdout/control/stake-first-fast,4113983164,VICTORY,8.615833333333335,5.111388888888888,3.504444444444447,0.2125,1.7625,1.2166666666666677,11,1.1,0.0,211,35,6,9658382,"{""1"":0.2125,""2"":0.5025,""3"":1.7791666666666666,""4"":4.803888888888889,""5"":5.526944444444444,""6"":5.836666666666667}",2
holdout/control/stake-first-fast,1979681349,VICTORY,10.59111111111111,7.312222222222222,3.278888888888887,0.2125,1.2797222222222226,0.7063888888888887,11,1.1166666666666667,0.0,234,35,6,9613760,"{""1"":0.2125,""2"":1.3427777777777776,""3"":3.253888888888889,""4"":6.472222222222222,""5"":7.312222222222222,""6"":9.158333333333333}",2
holdout/control/stake-first-fast,1781900347,VICTORY,12.410555555555552,8.24472222222222,4.165833333333332,0.2125,1.7783333333333335,0.8411111111111097,12,1.2666666666666666,0.0,240,35,6,11190936,"{""1"":0.2125,""2"":1.465277777777778,""3"":2.8188888888888894,""4"":6.945833333333334,""5"":8.361111111111109,""6"":9.418333333333331}",1
holdout/control/stake-first-fast,1435292250,VICTORY,10.355555555555556,6.729166666666668,3.626388888888888,0.55,0.8633333333333333,0.9597222222222228,14,1.3833333333333333,0.0,242,35,6,13750001,"{""1"":0.55,""2"":1.8941666666666666,""3"":3.167777777777778,""4"":5.174444444444445,""5"":6.729166666666668,""6"":8.246388888888891}",1
holdout/control/stake-first-fast,1641014014,VICTORY,9.989166666666668,6.838055555555557,3.1511111111111108,0.2125,1.553888888888889,0.9741666666666674,10,1.05,0.0,229,35,6,11021063,"{""1"":0.2125,""2"":1.8419444444444442,""3"":2.4724999999999997,""4"":6.088611111111112,""5"":7.071111111111112,""6"":8.017777777777777}",1
holdout/control/stake-first-fast,4050462610,VICTORY,14.405555555555559,10.667777777777777,3.737777777777781,0.2125,1.4786111111111115,1.2230555555555573,9,0.9833333333333333,0.0,304,35,6,12731387,"{""1"":0.2125,""2"":0.40444444444444444,""3"":3.8266666666666658,""4"":8.379166666666666,""5"":10.667777777777777,""6"":12.145833333333334}",1
holdout/control/stake-first-fast,3967680554,VICTORY,9.467222222222224,6.517777777777779,2.9494444444444454,0.2125,1.514444444444444,0.8466666666666678,11,1.1,0.0,223,35,6,11597320,"{""1"":0.2125,""2"":1.1419444444444444,""3"":2.591666666666667,""4"":5.820277777777778,""5"":6.972500000000001,""6"":7.339722222222223}",1
holdout/control/stake-first-fast,3582280609,VICTORY,12.19138888888889,8.92222222222222,3.2691666666666688,0.2125,2.5199999999999982,0.9313888888888907,8,0.8,0.0,253,35,6,3629782,"{""1"":0.2125,""2"":1.4458333333333333,""3"":1.5905555555555553,""4"":7.010833333333333,""5"":8.92222222222222,""6"":9.898888888888887}",1
holdout/control/stake-first-fast,3588995994,VICTORY,6.763055555555555,4.270277777777778,2.4927777777777766,0.2125,0.9655555555555554,0.9486111111111114,9,0.9666666666666667,0.0,156,35,6,6035556,"{""1"":0.2125,""2"":0.5505555555555556,""3"":2.833611111111111,""4"":4.064722222222222,""5"":4.811388888888889,""6"":5.077222222222222}",1
holdout/control/stake-first-fast,3965359693,VICTORY,9.864722222222223,5.6875,4.177222222222223,0.2125,1.3791666666666667,1.1447222222222233,9,0.9166666666666666,0.0,250,35,6,2599339,"{""1"":0.2125,""2"":0.8875,""3"":1.711666666666667,""4"":4.5072222222222225,""5"":7.224722222222224,""6"":7.823611111111112}",1
holdout/control/stake-first-fast,3795419900,VICTORY,10.919722222222223,7.926666666666667,2.9930555555555562,0.2125,1.0036111111111106,0.715277777777779,10,1.0333333333333334,0.0,240,35,6,9210704,"{""1"":0.2125,""2"":0.9011111111111112,""3"":2.376111111111111,""4"":6.4225,""5"":8.175833333333333,""6"":8.973611111111113}",1
holdout/control/stake-first-fast,4249763570,VICTORY,8.217500000000001,4.9399999999999995,3.2775000000000016,0.2125,1.6341666666666668,1.2344444444444453,11,1.1166666666666667,0.0,191,35,6,19378811,"{""1"":0.2125,""2"":0.74,""3"":1.6638888888888888,""4"":4.7225,""5"":5.059722222222222,""6"":5.2908333333333335}",1
holdout/control/stake-first-fast,746176202,VICTORY,10.705,7.795,2.91,0.2125,1.7169444444444442,0.7450000000000008,12,1.2,0.0,211,35,6,4203853,"{""1"":0.2125,""2"":0.8152777777777779,""3"":2.7333333333333334,""4"":7.283055555555555,""5"":8.2525,""6"":8.72111111111111}",1
holdout/control/stake-first-fast,460316679,VICTORY,12.867500000000001,8.684722222222224,4.182777777777778,0.2125,1.6463888888888893,1.2416666666666667,10,1.0833333333333333,0.0,321,35,6,11476511,"{""1"":0.2125,""2"":1.0072222222222222,""3"":6.4497222222222215,""4"":7.479166666666667,""5"":9.246666666666666,""6"":11.00888888888889}",1
holdout/control/stake-first-fast,1261976600,VICTORY,11.712499999999999,8.3425,3.369999999999999,0.2125,2.272222222222221,1.1977777777777778,11,1.1333333333333333,0.0,256,35,6,5107166,"{""1"":0.2125,""2"":2.064166666666667,""3"":2.753888888888889,""4"":6.6161111111111115,""5"":8.3425,""6"":9.59861111111111}",1
holdout/coupled/cheapest-fast,3650322235,VICTORY,16.09444444444445,9.634722222222223,6.459722222222226,0.2125,1.9138888888888885,3.8633333333333346,6,0.65,0.0,531,35,6,1245690,"{""1"":0.2125,""2"":0.9966666666666666,""3"":4.608055555555556,""4"":8.528333333333334,""5"":10.270555555555555,""6"":11.061111111111112}",1
holdout/coupled/cheapest-fast,1314072570,VICTORY,15.0725,9.26138888888889,5.81111111111111,0.2125,2.1044444444444452,3.647222222222223,7,0.7666666666666667,0.0,490,35,6,1446879,"{""1"":0.2125,""2"":1.7963888888888888,""3"":6.423333333333334,""4"":7.329722222222222,""5"":9.269722222222223,""6"":10.695277777777777}",1
holdout/coupled/cheapest-fast,3141694928,VICTORY,20.40138888888888,12.81972222222222,7.581666666666662,0.2125,3.3891666666666667,4.98555555555555,6,0.5666666666666667,0.0,647,35,6,3167252,"{""1"":0.2125,""2"":3.7266666666666666,""3"":9.622777777777777,""4"":10.469444444444443,""5"":13.580833333333329,""6"":14.45472222222222}",1
holdout/coupled/cheapest-fast,2663828750,VICTORY,12.071944444444444,6.352777777777776,5.719166666666668,0.2125,1.0933333333333328,3.81138888888889,7,0.75,0.0,475,35,6,5354809,"{""1"":0.2125,""2"":0.4938888888888889,""3"":3.2816666666666663,""4"":4.182777777777777,""5"":6.352777777777776,""6"":6.895833333333332}",1
holdout/coupled/cheapest-fast,2653920563,VICTORY,17.079444444444444,11.969722222222224,5.109722222222221,0.2125,3.401388888888888,2.966388888888887,5,0.48333333333333334,0.0,524,35,6,2815336,"{""1"":0.2125,""2"":3.9711111111111106,""3"":7.055277777777777,""4"":11.043611111111112,""5"":12.07,""6"":12.890555555555556}",1
holdout/coupled/cheapest-fast,223457752,VICTORY,17.32388888888889,11.771666666666672,5.55222222222222,0.2125,2.4674999999999994,3.873611111111107,8,0.85,0.0,576,35,6,447060,"{""1"":0.2125,""2"":0.7294444444444445,""3"":4.4588888888888905,""4"":9.447222222222225,""5"":11.66166666666667,""6"":12.212500000000006}",1
holdout/coupled/cheapest-fast,1700281391,VICTORY,18.20444444444444,12.828888888888883,5.375555555555557,0.2125,3.2997222222222207,3.040277777777775,8,0.8166666666666667,0.0,500,35,6,3798926,"{""1"":0.2125,""2"":1.4688888888888887,""3"":6.518888888888889,""4"":11.446388888888889,""5"":12.837222222222216,""6"":14.144166666666665}",1
holdout/coupled/cheapest-fast,1893754700,VICTORY,13.66777777777778,9.120555555555557,4.5472222222222225,0.2125,1.5974999999999995,3.0899999999999994,6,0.6666666666666666,0.0,458,35,6,1923917,"{""1"":0.2125,""2"":1.3858333333333335,""3"":6.211944444444444,""4"":7.265,""5"":8.833055555555555,""6"":9.702222222222224}",1
holdout/coupled/cheapest-fast,2968091073,VICTORY,21.530000000000005,15.939999999999998,5.590000000000007,0.4625,4.0819444444444475,3.3433333333333355,15,1.4833333333333334,0.0,624,35,6,3153211,"{""1"":1.6608333333333334,""2"":2.474722222222222,""3"":10.215833333333336,""4"":13.077500000000002,""5"":15.748055555555554,""6"":16.551388888888887}",1
holdout/coupled/cheapest-fast,4113983164,VICTORY,16.961666666666666,10.840277777777777,6.121388888888889,0.2125,3.4494444444444436,3.7975000000000003,7,0.7,0.0,545,35,6,905648,"{""1"":0.2125,""2"":0.5025,""3"":4.129722222222222,""4"":8.899722222222222,""5"":10.844444444444443,""6"":11.813888888888888}",1
holdout/coupled/cheapest-fast,1979681349,VICTORY,17.45555555555556,12.276666666666667,5.178888888888892,0.2125,3.1041666666666687,3.5019444444444447,9,0.95,0.0,503,35,6,445232,"{""1"":0.2125,""2"":1.7094444444444443,""3"":7.762500000000001,""4"":10.036111111111113,""5"":12.100555555555555,""6"":12.641111111111112}",1
holdout/coupled/cheapest-fast,1781900347,VICTORY,16.17,11.20888888888889,4.961111111111112,0.2125,2.174166666666667,3.3269444444444463,7,0.75,0.0,490,35,6,33067,"{""1"":0.2125,""2"":2.0452777777777778,""3"":6.106944444444445,""4"":8.953611111111112,""5"":11.20888888888889,""6"":11.60888888888889}",1
holdout/coupled/cheapest-fast,1435292250,VICTORY,12.463888888888887,7.666388888888888,4.7974999999999985,0.55,0.9033333333333334,2.921666666666666,13,1.2833333333333334,0.0,410,35,6,2034541,"{""1"":0.55,""2"":1.8941666666666666,""3"":4.185833333333333,""4"":6.000277777777779,""5"":7.451388888888888,""6"":8.436666666666666}",1
holdout/coupled/cheapest-fast,1641014014,VICTORY,14.100000000000003,9.214166666666669,4.885833333333334,0.2125,1.5877777777777795,3.638611111111112,6,0.6166666666666667,0.0,472,35,6,2471389,"{""1"":0.2125,""2"":1.8419444444444442,""3"":4.203333333333334,""4"":5.762777777777779,""5"":8.614722222222223,""6"":9.636666666666672}",1
holdout/coupled/cheapest-fast,4050462610,VICTORY,13.644166666666662,7.788888888888887,5.855277777777775,0.2125,2.6616666666666666,3.405555555555554,8,0.8166666666666667,0.0,499,35,6,12467,"{""1"":0.2125,""2"":0.5169444444444444,""3"":4.788055555555555,""4"":6.440833333333332,""5"":7.801388888888886,""6"":9.001388888888888}",1
holdout/coupled/cheapest-fast,3967680554,VICTORY,13.299166666666666,8.37138888888889,4.927777777777777,0.2125,1.5880555555555547,3.5027777777777773,6,0.6666666666666666,0.0,403,35,6,2376527,"{""1"":0.2125,""2"":2.3713888888888883,""3"":4.012222222222222,""4"":6.417222222222222,""5"":8.375555555555556,""6"":8.854166666666666}",1
holdout/coupled/cheapest-fast,3582280609,VICTORY,15.068055555555553,10.193611111111112,4.874444444444441,0.2125,2.784722222222221,3.156944444444442,7,0.75,0.0,476,35,6,2838691,"{""1"":0.2125,""2"":1.5327777777777776,""3"":4.804722222222223,""4"":8.863888888888887,""5"":10.197777777777778,""6"":10.990555555555554}",1
holdout/coupled/cheapest-fast,3588995994,VICTORY,15.218333333333335,9.465555555555552,5.7527777777777835,0.2125,2.959999999999999,3.6530555555555604,8,0.8,0.0,502,35,6,5243881,"{""1"":0.2125,""2"":1.589722222222222,""3"":3.1533333333333333,""4"":7.602499999999998,""5"":9.465555555555552,""6"":9.90222222222222}",1
holdout/coupled/cheapest-fast,3965359693,VICTORY,16.59166666666667,10.970277777777778,5.621388888888891,0.2125,2.1411111111111105,3.3077777777777784,8,0.85,0.0,524,35,6,1215133,"{""1"":0.2125,""2"":1.1930555555555558,""3"":4.633055555555556,""4"":10.54277777777778,""5"":11.093055555555557,""6"":12.022777777777778}",1
holdout/coupled/cheapest-fast,3795419900,VICTORY,15.534444444444448,10.236111111111114,5.298333333333334,0.2125,1.9813888888888893,3.425000000000002,7,0.7666666666666667,0.0,463,35,6,767828,"{""1"":0.2125,""2"":1.613611111111111,""3"":3.3783333333333334,""4"":8.060000000000002,""5"":9.741111111111111,""6"":11.033888888888892}",1
holdout/coupled/cheapest-fast,4249763570,VICTORY,12.988055555555551,8.858611111111111,4.12944444444444,0.2125,1.0902777777777772,3.0305555555555523,8,0.85,0.0,398,35,6,588625,"{""1"":0.2125,""2"":0.74,""3"":5.118888888888889,""4"":7.35611111111111,""5"":8.858611111111111,""6"":9.216944444444444}",1
holdout/coupled/cheapest-fast,746176202,VICTORY,16.65888888888889,10.584444444444445,6.074444444444444,0.2125,1.9550000000000007,3.272222222222223,9,0.95,0.0,499,35,6,1902200,"{""1"":0.2125,""2"":0.8152777777777779,""3"":6.6049999999999995,""4"":9.535555555555558,""5"":10.592777777777778,""6"":11.521666666666668}",1
holdout/coupled/cheapest-fast,460316679,VICTORY,16.071666666666662,9.950555555555555,6.121111111111107,0.2125,1.599722222222223,3.8730555555555535,12,1.2,0.0,537,35,6,4790888,"{""1"":0.2125,""2"":1.161388888888889,""3"":5.717777777777779,""4"":7.528333333333333,""5"":9.835277777777776,""6"":10.538055555555554}",1
holdout/coupled/cheapest-fast,1261976600,VICTORY,13.57777777777778,7.551944444444445,6.025833333333335,0.2125,1.762777777777778,3.8019444444444463,9,0.95,0.0,436,35,6,1053604,"{""1"":0.2125,""2"":2.064166666666667,""3"":4.931111111111111,""4"":6.674166666666666,""5"":8.063888888888888,""6"":8.62111111111111}",1
holdout/coupled/income-path-fast,3650322235,VICTORY,19.71166666666667,15.186111111111115,4.525555555555554,0.2125,3.6975000000000002,3.718888888888889,8,0.8166666666666667,0.0,509,34,6,2366784,"{""1"":6.361666666666666,""2"":6.365833333333333,""3"":10.240000000000004,""4"":13.46416666666667,""5"":14.214444444444448,""6"":15.314444444444451}",1
holdout/coupled/income-path-fast,1314072570,VICTORY,21.830000000000016,16.725833333333338,5.1041666666666785,0.2125,6.341666666666669,3.5027777777777866,11,1.0333333333333334,0.0,568,34,6,3665652,"{""1"":9.89805555555556,""2"":10.246111111111114,""3"":11.95388888888889,""4"":14.932777777777781,""5"":15.236944444444449,""6"":16.73416666666667}",1
holdout/coupled/income-path-fast,3141694928,VICTORY,19.64138888888888,13.078888888888883,6.5624999999999964,0.2125,2.855555555555555,4.340833333333332,9,0.95,0.0,585,34,6,1673638,"{""1"":4.1899999999999995,""2"":6.213611111111109,""3"":9.722222222222218,""4"":10.775555555555552,""5"":13.08305555555555,""6"":14.444722222222216}",1
holdout/coupled/income-path-fast,2663828750,VICTORY,15.473055555555552,9.8225,5.6505555555555524,0.2125,1.4322222222222243,3.5138888888888857,10,1.0166666666666666,0.0,491,34,6,483993,"{""1"":2.1255555555555556,""2"":3.1130555555555555,""3"":4.434166666666666,""4"":8.51888888888889,""5"":9.53361111111111,""6"":10.803611111111111}",1
holdout/coupled/income-path-fast,2653920563,VICTORY,18.330000000000002,13.722222222222225,4.607777777777777,0.2125,3.276388888888888,3.3730555555555553,7,0.65,0.0,513,34,6,4669269,"{""1"":5.080555555555555,""2"":5.366388888888889,""3"":7.954722222222225,""4"":12.822222222222225,""5"":13.601111111111114,""6"":14.199166666666668}",1
holdout/coupled/income-path-fast,223457752,VICTORY,25.884444444444448,20.43805555555556,5.446388888888887,0.2125,4.464722222222222,4.009722222222221,9,0.8666666666666667,0.0,675,34,6,1660597,"{""1"":6.519166666666666,""2"":6.969722222222221,""3"":9.642777777777779,""4"":19.415000000000006,""5"":19.64055555555556,""6"":21.133333333333336}",1
holdout/coupled/income-path-fast,1700281391,VICTORY,17.130277777777778,12.915277777777778,4.215,0.2125,2.5811111111111114,3.3269444444444427,12,1.2166666666666666,0.0,460,34,6,2578473,"{""1"":1.811388888888889,""2"":2.1005555555555557,""3"":7.154722222222222,""4"":11.090833333333334,""5"":11.960555555555555,""6"":13.198055555555555}",1
holdout/coupled/income-path-fast,1893754700,VICTORY,19.63833333333332,15.416944444444434,4.221388888888887,0.2125,3.87055555555555,2.8377777777777777,9,0.8833333333333333,0.0,517,34,6,5251682,"{""1"":5.8841666666666645,""2"":5.888333333333332,""3"":7.62472222222222,""4"":9.244722222222219,""5"":15.001666666666658,""6"":15.745833333333325}",1
holdout/coupled/income-path-fast,2968091073,VICTORY,22.586388888888873,17.335555555555555,5.250833333333318,0.4625,2.8555555555555543,3.9136111111111025,19,1.9166666666666667,0.0,567,34,6,691843,"{""1"":4.650833333333333,""2"":6.279444444444445,""3"":11.778055555555556,""4"":15.863888888888884,""5"":16.141388888888883,""6"":17.828888888888887}",1
holdout/coupled/income-path-fast,4113983164,VICTORY,14.651666666666666,9.433055555555557,5.218611111111109,0.2125,2.1969444444444437,3.7002777777777793,8,0.8,0.0,501,34,6,1657837,"{""1"":0.94,""2"":1.3299999999999998,""3"":3.9874999999999994,""4"":7.488611111111111,""5"":8.858888888888888,""6"":9.637222222222222}",1
holdout/coupled/income-path-fast,1979681349,VICTORY,18.99972222222223,14.323888888888892,4.675833333333337,0.2125,5.328611111111112,3.7072222222222253,6,0.5833333333333334,0.0,491,34,6,564811,"{""1"":7.244444444444445,""2"":7.716666666666668,""3"":10.863055555555553,""4"":12.533888888888889,""5"":13.915833333333335,""6"":14.618888888888893}",1
holdout/coupled/income-path-fast,1781900347,VICTORY,27.486666666666675,23.213333333333345,4.27333333333333,0.2125,4.541111111111113,3.259722222222221,10,0.95,0.0,674,34,6,2456852,"{""1"":9.648611111111112,""2"":9.652777777777779,""3"":14.948055555555557,""4"":21.548055555555564,""5"":22.13833333333334,""6"":23.217500000000012}",1
holdout/coupled/income-path-fast,1435292250,VICTORY,13.40861111111111,8.977222222222224,4.431388888888886,0.55,1.3219444444444444,2.88861111111111,17,1.6666666666666667,0.0,393,34,6,724511,"{""1"":2.6233333333333335,""2"":2.767777777777778,""3"":4.1997222222222215,""4"":7.464722222222223,""5"":8.49388888888889,""6"":9.214722222222225}",1
holdout/coupled/income-path-fast,1641014014,VICTORY,18.387500000000003,13.783888888888894,4.603611111111109,0.2125,3.693888888888888,3.524999999999998,9,0.9333333333333333,0.0,501,34,6,1912530,"{""1"":4.417222222222222,""2"":4.749999999999999,""3"":6.548055555555556,""4"":10.789444444444447,""5"":13.120277777777781,""6"":14.178333333333338}",1
holdout/coupled/income-path-fast,4050462610,VICTORY,18.791944444444447,13.948611111111113,4.843333333333334,0.2125,1.8894444444444431,3.6872222222222244,8,0.8,0.0,509,34,6,1219796,"{""1"":3.2563888888888886,""2"":3.549722222222222,""3"":7.073333333333332,""4"":10.572777777777775,""5"":11.93972222222222,""6"":14.135555555555557}",1
holdout/coupled/income-path-fast,3967680554,VICTORY,15.248333333333337,9.518333333333334,5.730000000000002,0.2125,2.5855555555555565,3.62388888888889,7,0.7333333333333333,0.0,459,34,6,2440776,"{""1"":1.8550000000000002,""2"":2.1322222222222225,""3"":4.535833333333333,""4"":7.605,""5"":8.731111111111112,""6"":10.133055555555556}",1
holdout/coupled/income-path-fast,3582280609,VICTORY,21.22027777777778,16.494444444444444,4.7258333333333375,0.2125,3.6986111111111084,3.6441666666666683,9,0.85,0.0,570,34,6,545994,"{""1"":11.413611111111106,""2"":12.064166666666663,""3"":12.491388888888887,""4"":14.261666666666667,""5"":16.49861111111111,""6"":16.795277777777777}",1
holdout/coupled/income-path-fast,3588995994,VICTORY,16.081666666666667,10.808888888888886,5.272777777777781,0.2125,1.9213888888888888,3.713611111111112,7,0.7333333333333333,0.0,502,34,6,1342893,"{""1"":2.1463888888888887,""2"":2.238611111111111,""3"":3.431944444444445,""4"":8.875277777777777,""5"":9.395277777777778,""6"":10.808888888888886}",1
holdout/coupled/income-path-fast,3965359693,VICTORY,29.239166666666677,24.80916666666667,4.430000000000007,0.2125,10.665,3.4494444444444485,10,1.05,9.0,537,34,6,1211313,"{""1"":13.208333333333334,""2"":14.0875,""3"":18.47833333333333,""4"":22.97444444444445,""5"":23.57416666666667,""6"":24.99833333333334}",1
holdout/coupled/income-path-fast,3795419900,VICTORY,18.021111111111104,11.833333333333332,6.187777777777772,0.2125,5.630277777777778,3.7411111111111097,10,1.05,0.0,541,34,6,262846,"{""1"":5.855277777777777,""2"":6.205833333333333,""3"":8.086944444444441,""4"":10.71222222222222,""5"":11.260833333333332,""6"":12.820833333333328}",1
holdout/coupled/income-path-fast,4249763570,VICTORY,22.150555555555567,16.751666666666672,5.398888888888894,0.2125,5.435,3.6480555555555574,8,0.7833333333333333,0.0,584,34,6,1196655,"{""1"":10.586944444444443,""2"":10.59111111111111,""3"":13.259722222222223,""4"":16.166944444444447,""5"":16.751666666666672,""6"":17.150833333333335}",1
holdout/coupled/income-path-fast,746176202,VICTORY,23.487500000000004,19.248888888888896,4.238611111111108,0.2125,7.6547222222222215,2.998888888888886,11,1.1166666666666667,0.0,581,34,6,43339,"{""1"":10.799444444444443,""2"":11.176944444444443,""3"":14.457777777777777,""4"":18.143611111111117,""5"":19.248888888888896,""6"":19.78000000000001}",1
holdout/coupled/income-path-fast,460316679,VICTORY,26.503055555555573,21.25055555555557,5.252500000000001,0.2125,4.674722222222224,3.885000000000006,10,0.9666666666666667,0.0,651,34,6,441915,"{""1"":10.765277777777778,""2"":11.779166666666667,""3"":13.996944444444448,""4"":20.696111111111126,""5"":21.133611111111126,""6"":22.036111111111122}",1
holdout/coupled/income-path-fast,1261976600,VICTORY,13.492222222222221,9.065000000000001,4.42722222222222,0.2125,1.9508333333333334,3.357499999999999,7,0.7333333333333333,0.0,405,34,6,597556,"{""1"":2.1758333333333337,""2"":3.1544444444444446,""3"":5.221666666666667,""4"":8.20138888888889,""5"":8.633055555555556,""6"":9.457777777777778}",1
holdout/coupled/income-path-insurance-fast,3650322235,VICTORY,19.36805555555555,14.318611111111107,5.049444444444443,0.2125,4.299999999999998,3.880833333333332,11,1.0666666666666667,0.0,517,37,6,975225,"{""1"":5.548333333333332,""2"":5.552499999999998,""3"":8.239722222222222,""4"":10.737500000000002,""5"":14.094166666666665,""6"":14.639722222222218}",1
holdout/coupled/income-path-insurance-fast,1314072570,VICTORY,22.111111111111125,17.290000000000013,4.821111111111112,0.2125,5.7997222222222256,3.3769444444444465,10,0.95,0.0,599,37,6,846068,"{""1"":9.568611111111114,""2"":10.202500000000006,""3"":11.622500000000006,""4"":15.327777777777788,""5"":16.79277777777779,""6"":17.568888888888903}",1
holdout/coupled/income-path-insurance-fast,3141694928,VICTORY,24.470277777777763,18.173888888888882,6.296388888888881,0.2125,3.1597222222222228,4.859722222222217,10,1.0,0.0,642,37,6,171281,"{""1"":6.5875,""2"":6.943611111111111,""3"":10.5175,""4"":16.59055555555555,""5"":17.861111111111104,""6"":18.740833333333327}",1
holdout/coupled/income-path-insurance-fast,2663828750,VICTORY,18.005555555555564,13.138333333333339,4.867222222222225,0.2125,2.1725000000000003,3.4955555555555575,10,0.9833333333333333,0.0,537,37,6,1718882,"{""1"":4.262777777777778,""2"":4.5600000000000005,""3"":9.66666666666667,""4"":11.828611111111115,""5"":12.358888888888892,""6"":13.492777777777782}",1
holdout/coupled/income-path-insurance-fast,2653920563,VICTORY,24.065000000000005,19.068333333333335,4.99666666666667,0.2125,3.8111111111111113,3.406944444444446,7,0.6833333333333333,0.0,621,37,6,3218540,"{""1"":11.961944444444446,""2"":11.966111111111113,""3"":15.279166666666669,""4"":18.258611111111115,""5"":18.951111111111114,""6"":19.59666666666667}",1
holdout/coupled/income-path-insurance-fast,223457752,VICTORY,27.14305555555556,21.563055555555554,5.580000000000005,0.2125,4.262777777777777,4.112222222222226,12,1.1333333333333333,0.0,686,37,6,643378,"{""1"":8.471944444444443,""2"":9.570555555555554,""3"":12.287777777777778,""4"":20.875,""5"":21.33972222222222,""6"":21.981111111111108}",1
holdout/coupled/income-path-insurance-fast,1700281391,VICTORY,18.850555555555548,14.057499999999996,4.7930555555555525,0.2125,4.068333333333332,3.2316666666666625,11,1.0833333333333333,0.0,497,37,6,3065605,"{""1"":5.90972222222222,""2"":6.894444444444442,""3"":10.012222222222219,""4"":13.274722222222218,""5"":14.061666666666662,""6"":14.879999999999995}",1
holdout/coupled/income-path-insurance-fast,1893754700,VICTORY,13.272222222222224,9.108333333333333,4.163888888888891,0.2125,1.2594444444444453,2.757222222222225,7,0.7333333333333333,0.0,403,37,6,948674,"{""1"":2.349722222222222,""2"":3.367777777777777,""3"":4.4016666666666655,""4"":7.424444444444442,""5"":7.989166666666664,""6"":9.49611111111111}",1
holdout/coupled/income-path-insurance-fast,2968091073,VICTORY,20.5475,14.702222222222222,5.845277777777778,0.4625,3.442222222222222,3.9397222222222203,13,1.3,0.0,551,37,6,2378936,"{""1"":5.222777777777778,""2"":5.321111111111111,""3"":10.913333333333334,""4"":12.665277777777781,""5"":14.483611111111111,""6"":15.118611111111111}",1
holdout/coupled/income-path-insurance-fast,4113983164,VICTORY,20.631944444444446,15.81138888888889,4.820555555555556,0.2125,2.2877777777777775,3.7497222222222226,14,1.5,0.0,537,37,6,1285294,"{""1"":3.3730555555555553,""2"":3.600833333333333,""3"":8.155555555555557,""4"":13.92027777777778,""5"":14.459444444444447,""6"":16.177222222222223}",1
holdout/coupled/income-path-insurance-fast,1979681349,VICTORY,17.809722222222224,12.636944444444447,5.172777777777776,0.2125,3.235833333333333,3.9094444444444454,13,1.35,0.0,471,37,6,3677372,"{""1"":4.457499999999999,""2"":4.461666666666665,""3"":8.458888888888888,""4"":11.773611111111112,""5"":12.205277777777779,""6"":13.261666666666668}",1
holdout/coupled/income-path-insurance-fast,1781900347,VICTORY,18.774166666666655,14.066666666666663,4.7074999999999925,0.2125,1.8258333333333334,3.718888888888885,9,0.9166666666666666,0.0,502,37,6,1513946,"{""1"":2.4280555555555554,""2"":2.64,""3"":4.530000000000001,""4"":10.270833333333334,""5"":10.727777777777778,""6"":14.181388888888884}",1
holdout/coupled/income-path-insurance-fast,1435292250,VICTORY,16.408333333333328,11.173888888888888,5.23444444444444,0.55,2.4433333333333334,3.1402777777777753,12,1.2666666666666666,0.0,479,37,6,2753989,"{""1"":3.9755555555555557,""2"":4.3358333333333325,""3"":6.921111111111111,""4"":10.470555555555555,""5"":11.178055555555554,""6"":12.314722222222223}",1
holdout/coupled/income-path-insurance-fast,1641014014,VICTORY,20.860555555555553,15.6225,5.238055555555553,0.2125,3.075833333333333,3.4599999999999986,10,1.0333333333333334,0.0,535,37,6,807303,"{""1"":5.688611111111111,""2"":6.498055555555555,""3"":10.266666666666667,""4"":14.05861111111111,""5"":14.738611111111112,""6"":16.100555555555555}",1
holdout/coupled/income-path-insurance-fast,4050462610,VICTORY,24.477777777777774,19.040277777777774,5.4375,0.2125,5.1611111111111105,3.7133333333333325,10,1.0166666666666666,0.0,634,37,6,2132652,"{""1"":8.118888888888886,""2"":8.65833333333333,""3"":12.271388888888886,""4"":17.09972222222222,""5"":19.040277777777774,""6"":19.85583333333333}",1
holdout/coupled/income-path-insurance-fast,3967680554,VICTORY,22.337777777777784,17.060833333333335,5.2769444444444495,0.2125,3.8974999999999995,3.5166666666666706,8,0.7666666666666667,0.0,595,37,6,2865332,"{""1"":9.465833333333334,""2"":10.001111111111113,""3"":12.583055555555559,""4"":15.742777777777778,""5"":17.065,""6"":17.488055555555558}",1
holdout/coupled/income-path-insurance-fast,3582280609,VICTORY,19.955277777777773,14.609166666666669,5.346111111111105,0.2125,2.707500000000001,3.7844444444444414,12,1.25,0.0,535,37,6,1794243,"{""1"":7.678333333333334,""2"":8.15888888888889,""3"":10.285,""4"":13.985833333333336,""5"":14.221111111111112,""6"":15.300277777777778}",1
holdout/coupled/income-path-insurance-fast,3588995994,VICTORY,18.066111111111113,13.07888888888889,4.987222222222222,0.2125,2.0133333333333328,3.2947222222222194,7,0.7666666666666667,0.0,522,37,6,1535737,"{""1"":2.5902777777777777,""2"":3.186111111111111,""3"":3.5613888888888896,""4"":9.970555555555556,""5"":13.07888888888889,""6"":13.911666666666669}",1
holdout/coupled/income-path-insurance-fast,3965359693,VICTORY,18.668055555555565,13.521944444444449,5.146111111111116,0.2125,1.7855555555555565,3.4847222222222247,9,0.8666666666666667,0.0,522,37,6,1757377,"{""1"":3.783611111111111,""2"":4.611944444444445,""3"":9.61138888888889,""4"":12.783888888888892,""5"":13.12555555555556,""6"":14.092777777777782}",1
holdout/coupled/income-path-insurance-fast,3795419900,VICTORY,23.102500000000003,17.94888888888889,5.153611111111111,0.2125,4.666666666666667,4.157222222222223,12,1.2833333333333334,3.0,488,37,6,4499358,"{""1"":10.884722222222225,""2"":11.08388888888889,""3"":13.0075,""4"":16.220555555555553,""5"":17.161111111111108,""6"":18.105277777777776}",1
holdout/coupled/income-path-insurance-fast,4249763570,VICTORY,22.466111111111115,17.435833333333335,5.03027777777778,0.2125,3.022777777777778,3.593055555555554,9,0.85,0.0,550,37,6,1574956,"{""1"":7.755555555555554,""2"":8.429722222222221,""3"":11.782777777777778,""4"":15.566944444444449,""5"":16.595000000000006,""6"":17.74555555555556}",1
holdout/coupled/income-path-insurance-fast,746176202,VICTORY,25.128888888888902,20.67361111111112,4.455277777777781,0.2125,6.503611111111112,3.251111111111114,13,1.25,0.0,594,37,6,2268007,"{""1"":13.59611111111111,""2"":13.873055555555556,""3"":14.851666666666668,""4"":19.535555555555565,""5"":20.67361111111112,""6"":21.55972222222223}",1
holdout/coupled/income-path-insurance-fast,460316679,VICTORY,21.058055555555555,16.17222222222222,4.885833333333334,0.2125,3.6849999999999947,3.8177777777777804,9,0.9,0.0,542,37,6,3377613,"{""1"":5.606944444444446,""2"":5.812500000000001,""3"":8.673611111111112,""4"":14.764166666666663,""5"":15.571666666666664,""6"":16.673055555555553}",1
holdout/coupled/income-path-insurance-fast,1261976600,VICTORY,21.63222222222222,16.192777777777778,5.439444444444444,0.2125,4.534999999999999,4.1211111111111105,10,1.0166666666666666,0.0,596,37,6,1954126,"{""1"":7.4172222222222235,""2"":7.42138888888889,""3"":8.841388888888893,""4"":13.972777777777777,""5"":15.363611111111112,""6"":16.196944444444444}",1
holdout/coupled/insurance-first-fast,3650322235,VICTORY,15.383333333333338,9.511666666666667,5.8716666666666715,0.2125,1.5902777777777781,3.741944444444448,13,1.3166666666666667,0.0,495,38,6,974547,"{""1"":0.22083333333333333,""2"":1.5880555555555558,""3"":6.1525,""4"":8.781944444444445,""5"":9.520000000000001,""6"":10.85888888888889}",1
holdout/coupled/insurance-first-fast,1314072570,VICTORY,13.206666666666669,7.124166666666668,6.0825000000000005,0.2125,1.1677777777777782,3.2991666666666672,9,0.8833333333333333,0.0,470,38,6,4169313,"{""1"":0.22083333333333333,""2"":0.6783333333333333,""3"":3.473611111111111,""4"":5.719444444444446,""5"":7.33277777777778,""6"":8.865277777777779}",1
holdout/coupled/insurance-first-fast,3141694928,VICTORY,22.92472222222221,16.81611111111111,6.108611111111102,0.2125,4.198888888888888,4.2211111111111075,8,0.8166666666666667,0.0,666,38,6,2190367,"{""1"":0.22083333333333333,""2"":0.6669444444444445,""3"":10.645555555555553,""4"":14.611944444444445,""5"":16.713888888888885,""6"":17.59166666666666}",1
holdout/coupled/insurance-first-fast,2663828750,VICTORY,15.14194444444444,9.400555555555554,5.741388888888887,0.2125,1.4841666666666677,3.5277777777777755,12,1.2166666666666666,0.0,479,38,6,2425455,"{""1"":0.22083333333333333,""2"":0.8427777777777777,""3"":4.347777777777778,""4"":7.8036111111111115,""5"":9.530833333333332,""6"":10.608888888888888}",1
holdout/coupled/insurance-first-fast,2653920563,VICTORY,12.9925,8.367500000000001,4.624999999999998,0.2125,1.6563888888888887,3.1158333333333323,8,0.7666666666666667,0.0,452,38,6,2770449,"{""1"":0.22083333333333333,""2"":1.1880555555555554,""3"":4.0986111111111105,""4"":6.579444444444444,""5"":8.367500000000001,""6"":9.044166666666667}",1
holdout/coupled/insurance-first-fast,223457752,VICTORY,17.513888888888893,11.538333333333336,5.975555555555557,0.2125,2.872222222222224,4.448888888888886,12,1.2166666666666666,0.0,594,38,6,4642951,"{""1"":0.22083333333333333,""2"":2.148888888888889,""3"":4.777777777777778,""4"":8.572222222222225,""5"":11.354444444444448,""6"":12.267777777777782}",1
holdout/coupled/insurance-first-fast,1700281391,VICTORY,17.383611111111115,12.892777777777782,4.490833333333333,0.2125,2.583611111111111,3.0947222222222215,8,0.8,0.0,531,38,6,2938363,"{""1"":0.22083333333333333,""2"":0.6752777777777778,""3"":6.315833333333333,""4"":10.7325,""5"":12.57805555555556,""6"":13.28916666666667}",1
holdout/coupled/insurance-first-fast,1893754700,VICTORY,13.268055555555554,8.578888888888885,4.689166666666669,0.2125,2.166111111111111,2.7041666666666684,11,1.1333333333333333,0.0,402,38,6,1273518,"{""1"":0.22083333333333333,""2"":1.618888888888889,""3"":3.1430555555555553,""4"":7.369722222222221,""5"":8.578888888888885,""6"":9.263611111111109}",1
holdout/coupled/insurance-first-fast,2968091073,VICTORY,20.290277777777778,14.31,5.980277777777777,0.4625,3.2377777777777803,4.005000000000001,14,1.3666666666666667,0.0,592,38,6,4527909,"{""1"":1.0927777777777776,""2"":2.398333333333333,""3"":10.876111111111113,""4"":13.603055555555557,""5"":14.318333333333333,""6"":15.50388888888889}",1
holdout/coupled/insurance-first-fast,4113983164,VICTORY,17.077777777777772,11.965555555555552,5.11222222222222,0.2125,4.082499999999999,3.419999999999997,11,1.1166666666666667,0.0,510,38,6,519364,"{""1"":0.22083333333333333,""2"":1.4699999999999998,""3"":4.760833333333333,""4"":9.896666666666665,""5"":11.744999999999997,""6"":12.449444444444442}",2
holdout/coupled/insurance-first-fast,1979681349,VICTORY,15.277500000000002,10.08138888888889,5.196111111111112,0.2125,1.515833333333334,3.5719444444444455,10,1.0,0.0,494,38,6,3391413,"{""1"":0.22083333333333333,""2"":0.8497222222222223,""3"":3.2797222222222215,""4"":7.5294444444444455,""5"":10.085555555555556,""6"":10.655833333333335}",1
holdout/coupled/insurance-first-fast,1781900347,VICTORY,12.974166666666667,7.538055555555557,5.43611111111111,0.2125,1.1413888888888901,3.333611111111111,9,0.9,0.0,459,38,6,1025928,"{""1"":0.22083333333333333,""2"":1.0158333333333334,""3"":4.272222222222223,""4"":5.95027777777778,""5"":7.659166666666668,""6"":8.932500000000001}",1
holdout/coupled/insurance-first-fast,1435292250,VICTORY,13.42138888888889,8.472500000000002,4.948888888888888,0.55,1.2966666666666666,3.0486111111111103,14,1.4166666666666667,0.0,418,38,6,908401,"{""1"":0.5583333333333333,""2"":2.013333333333333,""3"":4.5058333333333325,""4"":6.2941666666666665,""5"":8.472500000000002,""6"":9.569722222222223}",1
holdout/coupled/insurance-first-fast,1641014014,VICTORY,16.363333333333333,11.469722222222224,4.89361111111111,0.2125,2.4286111111111106,3.5769444444444427,8,0.8333333333333334,0.0,489,38,6,1350389,"{""1"":0.22083333333333333,""2"":1.1458333333333333,""3"":6.101388888888889,""4"":10.212222222222222,""5"":11.241111111111111,""6"":11.482222222222223}",1
holdout/coupled/insurance-first-fast,4050462610,VICTORY,18.742500000000003,12.411388888888894,6.33111111111111,0.2125,1.791388888888889,4.049166666666667,10,1.0833333333333333,0.0,514,38,6,2411093,"{""1"":0.22083333333333333,""2"":3.1430555555555553,""3"":10.513333333333337,""4"":11.806388888888893,""5"":13.16555555555556,""6"":13.855277777777781}",1
holdout/coupled/insurance-first-fast,3967680554,VICTORY,14.79388888888889,9.225833333333332,5.568055555555558,0.2125,1.3755555555555545,3.359722222222223,8,0.8666666666666667,0.0,474,38,6,848413,"{""1"":0.22083333333333333,""2"":2.2144444444444447,""3"":5.564722222222221,""4"":7.771944444444443,""5"":8.977222222222222,""6"":10.214722222222223}",1
holdout/coupled/insurance-first-fast,3582280609,VICTORY,14.272500000000003,8.950833333333334,5.321666666666669,0.2125,1.6449999999999998,3.352777777777777,7,0.7166666666666667,0.0,495,38,6,2344477,"{""1"":0.22083333333333333,""2"":0.6611111111111112,""3"":4.430000000000001,""4"":6.86388888888889,""5"":8.955000000000002,""6"":9.851111111111114}",1
holdout/coupled/insurance-first-fast,3588995994,VICTORY,14.238611111111114,8.759722222222225,5.478888888888889,0.2125,1.500555555555557,4.192222222222224,6,0.6333333333333333,0.0,452,38,6,1448872,"{""1"":0.22083333333333333,""2"":0.6547222222222222,""3"":3.469166666666667,""4"":6.7005555555555585,""5"":8.759722222222225,""6"":9.222222222222225}",1
holdout/coupled/insurance-first-fast,3965359693,VICTORY,14.596666666666668,8.59361111111111,6.003055555555557,0.2125,1.5311111111111109,3.6366666666666654,9,0.9,0.0,541,38,6,1259964,"{""1"":0.22083333333333333,""2"":0.7377777777777778,""3"":3.141666666666667,""4"":6.947500000000001,""5"":8.819166666666666,""6"":9.970555555555556}",1
holdout/coupled/insurance-first-fast,3795419900,VICTORY,16.330833333333334,10.958888888888888,5.371944444444447,0.2125,1.7152777777777772,3.5122222222222246,9,0.9,0.0,500,38,6,1629765,"{""1"":0.22083333333333333,""2"":0.7658333333333334,""3"":6.420000000000001,""4"":8.713888888888887,""5"":11.086944444444443,""6"":11.502777777777776}",1
holdout/coupled/insurance-first-fast,4249763570,VICTORY,14.012499999999998,9.383611111111112,4.628888888888886,0.2125,1.8138888888888887,2.9844444444444433,14,1.4666666666666666,0.0,396,38,6,1160142,"{""1"":0.22083333333333333,""2"":3.019444444444444,""3"":6.410277777777778,""4"":8.766666666666667,""5"":9.910833333333334,""6"":10.234722222222222}",1
holdout/coupled/insurance-first-fast,746176202,VICTORY,15.783055555555556,9.783055555555556,6.0,0.2125,2.1116666666666646,3.2436111111111114,7,0.7166666666666667,0.0,498,38,6,2086034,"{""1"":0.22083333333333333,""2"":0.7497222222222223,""3"":5.131388888888891,""4"":8.872222222222222,""5"":9.999722222222223,""6"":11.120833333333334}",1
holdout/coupled/insurance-first-fast,460316679,VICTORY,15.884722222222225,9.891944444444444,5.99277777777778,0.2125,1.761388888888888,3.2997222222222207,8,0.8166666666666667,0.0,541,38,6,6008091,"{""1"":0.22083333333333333,""2"":1.0280555555555557,""3"":5.067222222222223,""4"":7.039722222222222,""5"":9.516944444444444,""6"":10.566666666666666}",1
holdout/coupled/insurance-first-fast,1261976600,VICTORY,13.821944444444446,8.565833333333332,5.256111111111114,0.2125,3.146666666666665,3.838611111111112,6,0.6,0.0,442,38,6,1935962,"{""1"":0.22083333333333333,""2"":0.6155555555555556,""3"":5.445277777777776,""4"":7.190833333333332,""5"":8.354722222222222,""6"":9.1375}",1
holdout/coupled/stake-first-fast,3650322235,VICTORY,14.743611111111111,9.273333333333335,5.470277777777776,0.2125,2.214166666666667,3.646111111111111,5,0.5666666666666667,0.0,480,35,6,769494,"{""1"":0.2125,""2"":0.9966666666666666,""3"":3.6855555555555557,""4"":7.893055555555555,""5"":8.319166666666668,""6"":9.273333333333335}",1
holdout/coupled/stake-first-fast,1314072570,VICTORY,17.02055555555556,11.105555555555558,5.915000000000003,0.2125,1.785833333333335,3.1458333333333335,7,0.75,0.0,484,35,6,1450535,"{""1"":0.2125,""2"":0.6016666666666666,""3"":4.243333333333334,""4"":6.909444444444446,""5"":8.561111111111112,""6"":11.109722222222224}",1
holdout/coupled/stake-first-fast,3141694928,VICTORY,18.121944444444452,10.952777777777778,7.1691666666666745,0.2125,3.3891666666666667,4.578888888888893,8,0.7833333333333333,0.0,605,35,6,2021831,"{""1"":0.2125,""2"":3.61,""3"":8.283055555555555,""4"":8.547499999999998,""5"":9.067499999999999,""6"":10.952777777777778}",1
holdout/coupled/stake-first-fast,2663828750,VICTORY,13.618888888888886,7.9447222222222225,5.674166666666664,0.2125,1.1238888888888885,3.4399999999999977,8,0.85,0.0,475,35,6,4405521,"{""1"":0.2125,""2"":0.4897222222222222,""3"":3.2774999999999994,""4"":3.5672222222222216,""5"":5.668888888888889,""6"":7.9447222222222225}",1
holdout/coupled/stake-first-fast,2653920563,VICTORY,15.664166666666663,10.72111111111111,4.943055555555553,0.2125,3.401388888888888,3.1755555555555532,7,0.6833333333333333,0.0,463,35,6,1016751,"{""1"":0.2125,""2"":3.9711111111111106,""3"":4.941111111111111,""4"":8.925555555555555,""5"":10.046388888888888,""6"":10.72111111111111}",1
holdout/coupled/stake-first-fast,223457752,VICTORY,19.296944444444453,12.606666666666671,6.690277777777782,0.2125,2.081111111111112,4.214444444444444,9,0.95,0.0,579,35,6,1985260,"{""1"":0.2125,""2"":0.5836111111111111,""3"":4.215277777777778,""4"":6.821388888888889,""5"":10.646944444444447,""6"":12.606666666666671}",1
holdout/coupled/stake-first-fast,1700281391,VICTORY,21.464999999999993,17.122777777777774,4.342222222222219,0.2125,5.205000000000001,2.9605555555555534,8,0.8666666666666667,0.0,544,35,6,4530803,"{""1"":0.2125,""2"":1.1208333333333333,""3"":11.20888888888889,""4"":15.18972222222222,""5"":15.193888888888887,""6"":17.23194444444444}",1
holdout/coupled/stake-first-fast,1893754700,VICTORY,15.244722222222217,10.663055555555554,4.5816666666666634,0.2125,1.080277777777778,3.157499999999999,8,0.85,0.0,447,35,6,3094131,"{""1"":0.2125,""2"":1.3858333333333335,""3"":3.948611111111111,""4"":7.189444444444444,""5"":8.858333333333333,""6"":10.839999999999998}",1
holdout/coupled/stake-first-fast,2968091073,VICTORY,19.33361111111111,13.950555555555551,5.3830555555555595,0.4625,3.890277777777777,3.5447222222222234,12,1.2166666666666666,0.0,546,35,6,707950,"{""1"":1.6608333333333334,""2"":1.665,""3"":4.75611111111111,""4"":5.455277777777777,""5"":13.127499999999996,""6"":14.241388888888885}",1
holdout/coupled/stake-first-fast,4113983164,VICTORY,16.85972222222222,10.787499999999998,6.072222222222223,0.2125,3.4494444444444436,3.864166666666667,7,0.7,0.0,540,35,6,3184888,"{""1"":0.2125,""2"":0.5025,""3"":4.125555555555556,""4"":8.542499999999999,""5"":8.899722222222222,""6"":10.787499999999998}",1
holdout/coupled/stake-first-fast,1979681349,VICTORY,18.438611111111115,13.198333333333332,5.2402777777777825,0.2125,3.1041666666666687,3.4338888888888923,10,1.05,0.0,506,35,6,203164,"{""1"":0.2125,""2"":1.7094444444444443,""3"":7.149444444444446,""4"":11.076111111111112,""5"":12.654166666666667,""6"":13.198333333333332}",1
holdout/coupled/stake-first-fast,1781900347,VICTORY,16.465555555555554,10.474444444444446,5.991111111111108,0.2125,2.170555555555557,3.501666666666665,11,1.1333333333333333,0.0,451,35,6,1876616,"{""1"":0.2125,""2"":1.465277777777778,""3"":6.873333333333334,""4"":7.870833333333334,""5"":10.298611111111112,""6"":10.7525}",1
holdout/coupled/stake-first-fast,1435292250,VICTORY,13.074166666666667,7.9830555555555565,5.09111111111111,0.55,0.9033333333333334,3.2594444444444433,14,1.3833333333333333,0.0,423,35,6,243370,"{""1"":0.55,""2"":1.8941666666666666,""3"":4.181666666666667,""4"":5.566666666666666,""5"":6.570833333333335,""6"":8.121666666666668}",1
holdout/coupled/stake-first-fast,1641014014,VICTORY,15.131388888888893,10.373611111111114,4.757777777777779,0.2125,2.189722222222222,3.166388888888889,8,0.8166666666666667,0.0,433,35,6,359110,"{""1"":0.2125,""2"":1.8419444444444442,""3"":4.199166666666667,""4"":4.857222222222223,""5"":8.181944444444445,""6"":11.144722222222224}",1
holdout/coupled/stake-first-fast,4050462610,VICTORY,19.73111111111111,11.571111111111106,8.160000000000005,0.2125,2.502499999999999,3.703055555555555,7,0.7666666666666667,0.0,511,35,6,3529215,"{""1"":0.2125,""2"":0.40444444444444444,""3"":7.182777777777777,""4"":10.147777777777776,""5"":11.239444444444441,""6"":11.571111111111106}",1
holdout/coupled/stake-first-fast,3967680554,VICTORY,13.535,8.521388888888888,5.013611111111112,0.2125,1.5880555555555547,3.8030555555555567,6,0.6666666666666666,0.0,399,35,6,3860820,"{""1"":0.2125,""2"":2.3713888888888883,""3"":4.003888888888889,""4"":6.413055555555555,""5"":7.678333333333333,""6"":8.525555555555554}",1
holdout/coupled/stake-first-fast,3582280609,VICTORY,15.148888888888889,10.257222222222225,4.891666666666664,0.2125,2.215833333333334,2.6605555555555536,8,0.85,0.0,445,35,6,386923,"{""1"":0.2125,""2"":1.5327777777777776,""3"":3.523888888888889,""4"":8.357500000000002,""5"":8.975833333333334,""6"":10.697777777777782}",1
holdout/coupled/stake-first-fast,3588995994,VICTORY,13.379999999999999,8.025,5.354999999999999,0.2125,1.9024999999999996,3.946666666666666,9,0.95,0.0,428,35,6,100893,"{""1"":0.2125,""2"":0.5505555555555556,""3"":3.855555555555555,""4"":4.7625,""5"":7.419166666666667,""6"":8.029166666666667}",1
holdout/coupled/stake-first-fast,3965359693,VICTORY,15.523333333333335,10.161944444444448,5.361388888888888,0.2125,1.9575000000000007,3.2224999999999984,10,1.05,0.0,504,35,6,1802435,"{""1"":0.2125,""2"":1.1930555555555558,""3"":3.3533333333333335,""4"":9.243055555555554,""5"":9.569166666666668,""6"":10.161944444444448}",1
holdout/coupled/stake-first-fast,3795419900,VICTORY,16.896111111111114,10.988055555555558,5.908055555555556,0.2125,1.985555555555556,3.7655555555555567,7,0.7666666666666667,0.0,510,35,6,3776186,"{""1"":0.2125,""2"":1.613611111111111,""3"":3.374166666666667,""4"":8.720000000000002,""5"":9.868888888888893,""6"":10.988055555555558}",1
holdout/coupled/stake-first-fast,4249763570,VICTORY,12.610833333333334,8.116111111111111,4.494722222222222,0.2125,0.9838888888888888,3.085833333333333,8,0.85,0.0,389,35,6,2728791,"{""1"":0.2125,""2"":0.74,""3"":4.522777777777778,""4"":5.3711111111111105,""5"":7.9013888888888895,""6"":8.719722222222224}",1
holdout/coupled/stake-first-fast,746176202,VICTORY,16.80388888888889,11.878333333333332,4.925555555555556,0.2125,1.9550000000000007,3.1166666666666667,11,1.1166666666666667,0.0,490,35,6,3640938,"{""1"":0.2125,""2"":0.8152777777777779,""3"":4.734444444444446,""4"":7.189166666666667,""5"":10.294722222222221,""6"":12.098055555555556}",1
holdout/coupled/stake-first-fast,460316679,VICTORY,18.395555555555557,12.869444444444444,5.526111111111113,0.2125,2.45,3.329444444444444,9,0.9333333333333333,0.0,541,35,6,5648581,"{""1"":0.2125,""2"":1.0072222222222222,""3"":7.14111111111111,""4"":8.695555555555556,""5"":12.257777777777774,""6"":13.094444444444443}",1
holdout/coupled/stake-first-fast,1261976600,VICTORY,13.969166666666663,8.803888888888887,5.165277777777776,0.2125,1.762777777777778,3.7266666666666652,9,0.95,0.0,443,35,6,1482891,"{""1"":0.2125,""2"":2.064166666666667,""3"":4.926944444444445,""4"":6.574166666666667,""5"":7.596666666666666,""6"":8.803888888888887}",1
ordinary/caps-only/cheapest-ordinary,3650322235,VICTORY,22.39527777777778,12.443888888888889,9.95138888888889,0.5,3.0766666666666667,4.52388888888889,9,2.0,0.0,645,35,6,1573490,"{""1"":0.5,""2"":0.6,""3"":2.379722222222222,""4"":10.271666666666667,""5"":13.20611111111111,""6"":15.038055555555555}",1
ordinary/caps-only/cheapest-ordinary,1314072570,VICTORY,23.66111111111111,13.46222222222222,10.198888888888892,0.5,2.3658333333333323,4.359722222222221,7,1.5,0.0,687,35,6,1929555,"{""1"":0.5,""2"":0.6,""3"":4.443333333333333,""4"":10.405833333333332,""5"":14.56361111111111,""6"":16.813055555555554}",1
ordinary/caps-only/cheapest-ordinary,3141694928,VICTORY,28.677777777777774,17.251944444444447,11.425833333333326,0.5,5.558888888888888,4.191666666666666,14,3.0,0.0,764,35,6,2782713,"{""1"":0.5,""2"":0.6,""3"":3.434722222222222,""4"":14.52861111111111,""5"":19.10694444444444,""6"":21.45444444444444}",1
ordinary/caps-only/cheapest-ordinary,2663828750,VICTORY,23.449722222222217,13.481666666666667,9.96805555555555,0.5,2.3530555555555557,3.93638888888889,11,2.35,0.0,629,35,6,1135608,"{""1"":0.5,""2"":0.6,""3"":3.748888888888889,""4"":10.925555555555555,""5"":13.855555555555556,""6"":16.391666666666666}",1
ordinary/caps-only/cheapest-ordinary,2653920563,VICTORY,22.446388888888887,12.891944444444446,9.55444444444444,0.5,1.7788888888888892,3.5897222222222203,7,1.6,0.0,586,35,6,1142187,"{""1"":0.5,""2"":0.6,""3"":6.076666666666667,""4"":10.198611111111113,""5"":14.407500000000002,""6"":16.315}",1
ordinary/caps-only/cheapest-ordinary,223457752,VICTORY,27.282500000000002,17.309722222222224,9.972777777777779,0.5,2.98638888888889,3.6411111111111114,8,1.7,0.0,717,35,6,3829334,"{""1"":0.5,""2"":0.6,""3"":4.5761111111111115,""4"":13.429722222222223,""5"":18.031111111111112,""6"":20.506666666666668}",1
ordinary/caps-only/cheapest-ordinary,1700281391,VICTORY,27.369444444444433,18.181944444444444,9.18749999999999,0.5,4.508611111111108,3.8419444444444406,9,2.05,0.0,650,35,6,1872951,"{""1"":0.5,""2"":0.6,""3"":5.2725,""4"":16.347499999999997,""5"":18.877222222222215,""6"":20.643611111111106}",1
ordinary/caps-only/cheapest-ordinary,1893754700,VICTORY,21.85694444444444,12.449166666666667,9.407777777777774,0.5,2.7544444444444434,3.483055555555552,9,2.05,0.0,531,35,6,123927,"{""1"":0.5,""2"":0.6,""3"":4.531944444444445,""4"":10.458888888888888,""5"":14.287777777777778,""6"":16.04388888888889}",1
ordinary/caps-only/cheapest-ordinary,2968091073,VICTORY,33.61111111111111,20.863055555555555,12.748055555555553,1.1333333333333333,3.656944444444446,4.01361111111111,13,2.9,0.0,815,35,6,1367784,"{""1"":2.9475,""2"":3.0141666666666667,""3"":7.80111111111111,""4"":19.959166666666665,""5"":23.450555555555557,""6"":26.664166666666667}",1
ordinary/caps-only/cheapest-ordinary,4113983164,VICTORY,25.029722222222222,14.395555555555555,10.634166666666667,0.5,4.2875,5.073611111111108,11,2.3,0.0,715,35,6,1924263,"{""1"":0.5,""2"":0.7141666666666667,""3"":3.6105555555555555,""4"":11.499444444444443,""5"":15.160277777777777,""6"":17.15277777777778}",1
ordinary/caps-only/cheapest-ordinary,1979681349,VICTORY,27.784722222222236,17.505000000000003,10.279722222222233,0.5,5.3,4.3333333333333375,8,1.85,0.0,655,35,6,4400162,"{""1"":0.5,""2"":1.1869444444444446,""3"":5.275555555555555,""4"":15.540833333333333,""5"":18.530000000000005,""6"":20.71611111111112}",1
ordinary/caps-only/cheapest-ordinary,1781900347,VICTORY,25.910833333333336,16.169444444444444,9.741388888888892,0.5,2.0658333333333334,3.9808333333333317,7,1.6,0.0,662,35,6,3121680,"{""1"":0.5,""2"":2.6325000000000003,""3"":4.341666666666667,""4"":13.71638888888889,""5"":16.94527777777778,""6"":18.768888888888892}",1
ordinary/caps-only/cheapest-ordinary,1435292250,VICTORY,23.353055555555557,13.573611111111113,9.779444444444444,1.4166666666666667,2.406388888888889,3.892499999999999,12,2.75,0.0,573,35,6,3231236,"{""1"":1.4166666666666667,""2"":1.5166666666666666,""3"":7.168611111111111,""4"":11.634722222222223,""5"":14.603611111111112,""6"":17.263888888888893}",1
ordinary/caps-only/cheapest-ordinary,1641014014,VICTORY,28.977500000000003,18.372500000000002,10.605,0.5,2.400555555555555,4.1716666666666695,8,1.9,0.0,770,35,6,1828291,"{""1"":0.5,""2"":1.9200000000000002,""3"":7.122777777777778,""4"":16.058611111111116,""5"":19.756666666666668,""6"":21.817777777777778}",1
ordinary/caps-only/cheapest-ordinary,4050462610,VICTORY,28.22888888888889,18.125277777777782,10.103611111111107,0.5,4.679999999999999,4.089722222222224,8,1.8,0.0,680,35,6,639696,"{""1"":0.5,""2"":0.6,""3"":8.145,""4"":15.626666666666669,""5"":19.30666666666667,""6"":21.207222222222224}",1
ordinary/caps-only/cheapest-ordinary,3967680554,VICTORY,20.317500000000003,10.350555555555555,9.966944444444447,0.5,1.7280555555555557,4.6572222222222255,8,1.7,0.0,551,35,6,2046986,"{""1"":0.5,""2"":0.6,""3"":3.2333333333333334,""4"":9.040555555555557,""5"":11.777222222222225,""6"":13.793055555555554}",1
ordinary/caps-only/insurance-first-ordinary,3650322235,VICTORY,24.862777777777783,14.842500000000001,10.020277777777782,0.5,3.9069444444444437,4.560833333333335,7,1.65,0.0,613,38,6,3170848,"{""1"":0.5666666666666667,""2"":1.7008333333333332,""3"":3.8780555555555556,""4"":12.053055555555556,""5"":15.531944444444445,""6"":17.20916666666667}",1
ordinary/caps-only/insurance-first-ordinary,1314072570,VICTORY,23.948333333333338,13.406388888888891,10.541944444444447,0.5,2.347777777777778,3.701666666666669,9,1.9,0.0,647,38,6,1697556,"{""1"":0.5666666666666667,""2"":1.145,""3"":3.957777777777778,""4"":10.549444444444445,""5"":14.615555555555556,""6"":17.308611111111116}",1
ordinary/caps-only/insurance-first-ordinary,3141694928,VICTORY,29.160833333333322,17.045555555555552,12.11527777777777,0.5,4.263333333333333,4.562222222222215,11,2.4,0.0,782,38,6,1274178,"{""1"":0.5666666666666667,""2"":1.1336111111111111,""3"":5.0936111111111115,""4"":13.80111111111111,""5"":18.866666666666664,""6"":21.07694444444444}",1
ordinary/caps-only/insurance-first-ordinary,2663828750,VICTORY,22.61583333333333,10.895833333333334,11.719999999999997,0.5,1.446111111111111,4.5316666666666645,8,1.75,0.0,656,38,6,2815549,"{""1"":0.5666666666666667,""2"":1.645,""3"":5.859166666666667,""4"":8.525833333333333,""5"":12.080277777777777,""6"":14.83222222222222}",1
ordinary/caps-only/insurance-first-ordinary,2653920563,VICTORY,24.994444444444447,13.668333333333331,11.326111111111116,0.5,3.2708333333333335,4.0775000000000015,7,1.5,0.0,622,38,6,3410432,"{""1"":0.5666666666666667,""2"":1.1272222222222221,""3"":6.931666666666667,""4"":12.26472222222222,""5"":16.582500000000003,""6"":18.817777777777778}",1
ordinary/caps-only/insurance-first-ordinary,223457752,VICTORY,26.659444444444446,16.493611111111115,10.165833333333332,0.5,2.6550000000000002,4.066111111111108,9,1.9,0.0,715,38,6,3318583,"{""1"":0.5666666666666667,""2"":1.1480555555555554,""3"":4.063888888888889,""4"":13.451111111111114,""5"":17.49638888888889,""6"":19.841666666666672}",1
ordinary/caps-only/insurance-first-ordinary,1700281391,VICTORY,25.646388888888897,15.757222222222223,9.889166666666673,0.5,4.530277777777778,3.516666666666674,13,2.85,0.0,601,38,6,1641230,"{""1"":0.5666666666666667,""2"":1.1419444444444444,""3"":5.071111111111112,""4"":14.88638888888889,""5"":17.927500000000002,""6"":19.606944444444448}",3
ordinary/caps-only/insurance-first-ordinary,1893754700,VICTORY,24.624999999999996,16.459444444444447,8.16555555555555,0.5,2.7372222222222224,3.562499999999996,12,2.8,0.0,534,38,6,2522655,"{""1"":0.5666666666666667,""2"":1.8947222222222222,""3"":7.0233333333333325,""4"":13.284722222222221,""5"":17.23166666666667,""6"":18.910277777777775}",1
ordinary/caps-only/insurance-first-ordinary,2968091073,VICTORY,38.15388888888889,27.193611111111107,10.960277777777787,1.1333333333333333,8.535,4.471388888888896,13,2.95,0.0,845,38,6,3157580,"{""1"":1.9605555555555554,""2"":4.095555555555555,""3"":6.142222222222221,""4"":24.108888888888885,""5"":27.819444444444443,""6"":31.129166666666663}",1
ordinary/caps-only/insurance-first-ordinary,4113983164,VICTORY,30.905277777777776,19.428055555555556,11.47722222222222,0.5,3.354999999999999,4.142499999999999,11,2.45,0.0,739,38,6,3162874,"{""1"":0.5666666666666667,""2"":2.265833333333333,""3"":6.1547222222222215,""4"":18.34444444444444,""5"":21.73722222222222,""6"":23.77888888888889}",1
ordinary/caps-only/insurance-first-ordinary,1979681349,VICTORY,27.1013888888889,17.577777777777783,9.523611111111116,0.5,2.3177777777777804,3.8736111111111087,13,2.85,0.0,643,38,6,1187605,"{""1"":0.5666666666666667,""2"":1.4583333333333333,""3"":7.349166666666666,""4"":15.35805555555556,""5"":18.64305555555556,""6"":20.445000000000004}",1
ordinary/caps-only/insurance-first-ordinary,1781900347,VICTORY,26.016666666666666,15.488333333333333,10.528333333333332,0.5,2.192777777777777,4.04888888888889,8,1.8,0.0,629,38,6,623390,"{""1"":0.5666666666666667,""2"":1.1361111111111108,""3"":5.022222222222223,""4"":14.89722222222222,""5"":17.3875,""6"":18.96833333333333}",1
ordinary/caps-only/insurance-first-ordinary,1435292250,VICTORY,24.014999999999997,14.508888888888889,9.506111111111109,1.4166666666666667,2.059166666666667,3.651666666666669,14,3.25,0.0,579,38,6,2428624,"{""1"":1.4833333333333334,""2"":3.609166666666667,""3"":6.3575,""4"":12.046111111111111,""5"":15.809166666666666,""6"":18.269166666666663}",1
ordinary/caps-only/insurance-first-ordinary,1641014014,VICTORY,27.992777777777782,18.07388888888889,9.91888888888889,0.5,2.819999999999999,4.204722222222226,8,1.75,0.0,672,38,6,2018316,"{""1"":0.5666666666666667,""2"":1.133888888888889,""3"":6.190555555555556,""4"":16.28166666666667,""5"":19.331111111111113,""6"":21.180555555555557}",1
ordinary/caps-only/insurance-first-ordinary,4050462610,VICTORY,30.22611111111111,20.65694444444444,9.569166666666668,0.5,5.900277777777777,3.9752777777777775,8,1.75,0.0,691,38,6,1338740,"{""1"":0.5666666666666667,""2"":6.771388888888889,""3"":9.666111111111112,""4"":17.74277777777778,""5"":21.075,""6"":23.103055555555557}",1
ordinary/caps-only/insurance-first-ordinary,3967680554,VICTORY,26.64083333333333,15.431388888888888,11.209444444444442,0.5,2.056388888888887,4.326944444444447,13,3.05,0.0,661,38,6,560755,"{""1"":0.5666666666666667,""2"":1.6927777777777777,""3"":5.993611111111111,""4"":13.752222222222223,""5"":17.137222222222217,""6"":19.111666666666665}",1
ordinary/control/cheapest-ordinary,3650322235,VICTORY,15.868333333333336,10.41527777777778,5.453055555555556,0.5,4.911388888888889,1.7758333333333325,9,2.05,0.0,262,35,6,8338760,"{""1"":0.5,""2"":1.8299999999999998,""3"":3.3983333333333334,""4"":9.554444444444444,""5"":11.215833333333334,""6"":13.082777777777778}",1
ordinary/control/cheapest-ordinary,1314072570,VICTORY,15.954166666666664,10.626944444444442,5.327222222222222,0.5,1.9338888888888883,1.2161111111111098,9,2.0,0.0,293,35,6,19235204,"{""1"":0.5,""2"":1.0888888888888888,""3"":4.256666666666666,""4"":8.451944444444443,""5"":12.348611111111108,""6"":13.196666666666664}",1
ordinary/control/cheapest-ordinary,3141694928,VICTORY,24.181388888888883,19.187222222222218,4.994166666666665,0.5,5.399444444444445,1.7780555555555528,9,1.9,0.0,344,35,6,5538783,"{""1"":0.5,""2"":5.966111111111112,""3"":8.56777777777778,""4"":18.99194444444444,""5"":20.02805555555555,""6"":21.57194444444444}",1
ordinary/control/cheapest-ordinary,2663828750,VICTORY,14.599722222222223,9.780277777777776,4.819444444444446,0.5,2.660833333333333,1.5727777777777798,9,2.05,0.0,253,35,6,5274341,"{""1"":0.5,""2"":0.9522222222222222,""3"":3.565,""4"":9.039166666666665,""5"":11.043888888888887,""6"":12.113333333333333}",1
ordinary/control/cheapest-ordinary,2653920563,VICTORY,13.459999999999999,9.380277777777776,4.079722222222223,0.5,2.7183333333333337,1.4152777777777772,9,2.0,0.0,214,35,6,23971327,"{""1"":0.5,""2"":3.2850000000000006,""3"":6.096666666666666,""4"":8.961388888888887,""5"":10.44833333333333,""6"":11.295833333333333}",1
ordinary/control/cheapest-ordinary,223457752,VICTORY,15.428055555555556,9.578611111111112,5.849444444444444,0.5,1.8961111111111109,1.613055555555555,8,1.7,0.0,284,35,6,9528153,"{""1"":0.5,""2"":1.0752777777777778,""3"":2.516111111111111,""4"":9.045277777777779,""5"":11.560277777777777,""6"":12.599722222222223}",1
ordinary/control/cheapest-ordinary,1700281391,VICTORY,24.574722222222228,19.979166666666668,4.59555555555556,0.5,4.926944444444445,1.2069444444444457,14,3.15,0.0,313,35,6,14697673,"{""1"":0.5,""2"":7.412777777777778,""3"":12.386666666666667,""4"":19.769722222222224,""5"":21.22166666666667,""6"":22.39888888888889}",1
ordinary/control/cheapest-ordinary,1893754700,VICTORY,12.946111111111112,7.704444444444444,5.241666666666667,0.5,1.6261111111111113,1.3786111111111117,11,2.45,0.0,242,35,6,5159191,"{""1"":0.5,""2"":2.3358333333333334,""3"":4.656944444444445,""4"":7.074722222222222,""5"":8.533888888888889,""6"":9.714722222222223}",1
ordinary/control/cheapest-ordinary,2968091073,VICTORY,26.28499999999999,21.861388888888882,4.423611111111107,1.1333333333333333,3.732500000000001,0.9027777777777752,18,4.1,0.0,346,35,6,12884349,"{""1"":2.9475,""2"":4.758333333333334,""3"":8.437777777777777,""4"":20.872222222222216,""5"":22.652499999999993,""6"":23.451111111111103}",1
ordinary/control/cheapest-ordinary,4113983164,VICTORY,15.237777777777778,9.514444444444445,5.723333333333333,0.5,1.3622222222222224,0.9327777777777783,11,2.35,0.0,245,35,6,688864,"{""1"":0.5,""2"":1.0941666666666667,""3"":4.583055555555556,""4"":9.127777777777776,""5"":11.059722222222222,""6"":12.936388888888887}",2
ordinary/control/cheapest-ordinary,1979681349,VICTORY,15.921666666666669,11.831944444444446,4.089722222222223,0.5,1.5866666666666656,1.0805555555555562,12,2.55,0.0,223,35,6,13427908,"{""1"":0.5,""2"":2.263611111111111,""3"":5.361944444444444,""4"":11.831944444444446,""5"":12.896666666666668,""6"":14.329722222222221}",1
ordinary/control/cheapest-ordinary,1781900347,VICTORY,16.220555555555556,12.281388888888891,3.939166666666665,0.5,2.0658333333333334,0.8816666666666663,12,2.85,0.0,221,35,6,3200130,"{""1"":0.5,""2"":3.3116666666666665,""3"":7.113055555555557,""4"":11.876111111111113,""5"":13.208333333333336,""6"":14.271944444444447}",1
ordinary/control/cheapest-ordinary,1435292250,VICTORY,15.621666666666666,9.573055555555555,6.048611111111111,1.4166666666666667,1.375555555555555,1.3347222222222228,13,3.0,0.0,267,35,6,12516558,"{""1"":1.4166666666666667,""2"":2.4963888888888888,""3"":6.2877777777777775,""4"":8.985555555555555,""5"":12.379444444444443,""6"":13.175555555555555}",1
ordinary/control/cheapest-ordinary,1641014014,VICTORY,14.298888888888886,10.377777777777776,3.9211111111111094,0.5,2.0508333333333337,1.186944444444443,9,1.85,0.0,227,35,6,1177325,"{""1"":0.5,""2"":4.539722222222222,""3"":6.777222222222222,""4"":9.765555555555554,""5"":11.417777777777777,""6"":12.362777777777778}",1
ordinary/control/cheapest-ordinary,4050462610,VICTORY,19.515,14.755277777777776,4.759722222222225,0.5,2.151666666666666,1.5513888888888914,8,1.95,0.0,308,35,6,15427167,"{""1"":0.5,""2"":0.8377777777777777,""3"":6.158888888888888,""4"":14.755277777777776,""5"":15.97388888888889,""6"":16.946944444444444}",1
ordinary/control/cheapest-ordinary,3967680554,VICTORY,15.468055555555557,11.251666666666667,4.21638888888889,0.5,1.5161111111111116,1.2308333333333337,10,2.35,0.0,235,35,6,447242,"{""1"":0.5,""2"":2.0044444444444443,""3"":5.035277777777778,""4"":10.053333333333335,""5"":11.961944444444445,""6"":13.126944444444444}",1
ordinary/control/insurance-first-ordinary,3650322235,VICTORY,17.930000000000003,12.306111111111111,5.623888888888892,0.5,2.1877777777777774,1.7036111111111116,13,3.0,0.0,268,38,6,11950586,"{""1"":0.5666666666666667,""2"":3.0463888888888895,""3"":5.237222222222223,""4"":12.339444444444444,""5"":14.296944444444446,""6"":15.336111111111112}",1
ordinary/control/insurance-first-ordinary,1314072570,VICTORY,16.928333333333335,10.379999999999999,6.548333333333336,0.5,3.598333333333333,1.3986111111111124,10,2.1,0.0,317,38,6,12957505,"{""1"":0.5666666666666667,""2"":1.145,""3"":5.094444444444444,""4"":10.379999999999999,""5"":13.281944444444445,""6"":14.05}",1
ordinary/control/insurance-first-ordinary,3141694928,VICTORY,23.939166666666665,19.430833333333332,4.508333333333333,0.5,2.74888888888889,1.7319444444444418,18,3.9,0.0,352,38,6,5005303,"{""1"":0.5666666666666667,""2"":1.1336111111111111,""3"":6.2988888888888885,""4"":17.83972222222222,""5"":19.926666666666666,""6"":21.160277777777775}",1
ordinary/control/insurance-first-ordinary,2663828750,VICTORY,15.265277777777778,10.37722222222222,4.888055555555557,0.5,1.5472222222222218,1.5355555555555553,10,2.25,0.0,260,38,6,260125,"{""1"":0.5666666666666667,""2"":1.645,""3"":6.242222222222222,""4"":9.858333333333333,""5"":11.665555555555555,""6"":12.677777777777777}",1
ordinary/control/insurance-first-ordinary,2653920563,VICTORY,15.06361111111111,11.178055555555554,3.8855555555555554,0.5,1.8125,0.924444444444445,9,1.9,0.0,235,38,6,10385655,"{""1"":0.5666666666666667,""2"":2.0519444444444446,""3"":4.703055555555555,""4"":10.969722222222222,""5"":11.908333333333331,""6"":12.861944444444442}",1
ordinary/control/insurance-first-ordinary,223457752,VICTORY,17.33388888888889,12.708055555555555,4.625833333333334,0.5,2.4991666666666665,1.6941666666666664,8,1.75,0.0,292,38,6,2095962,"{""1"":0.5666666666666667,""2"":1.839722222222222,""3"":5.71111111111111,""4"":12.08361111111111,""5"":13.784444444444443,""6"":14.890833333333331}",1
ordinary/control/insurance-first-ordinary,1700281391,VICTORY,15.867777777777777,11.1375,4.730277777777777,0.5,2.7002777777777784,0.9013888888888876,12,2.5,0.0,272,38,6,7753560,"{""1"":0.5666666666666667,""2"":1.1419444444444444,""3"":3.6586111111111115,""4"":10.888055555555555,""5"":13.070555555555556,""6"":13.8775}",1
ordinary/control/insurance-first-ordinary,1893754700,VICTORY,16.983333333333327,12.235555555555553,4.747777777777774,0.5,2.2855555555555545,0.7816666666666663,7,1.7,0.0,274,38,6,2834192,"{""1"":0.5666666666666667,""2"":3.3127777777777774,""3"":5.238888888888889,""4"":11.701111111111109,""5"":13.352222222222219,""6"":14.411944444444439}",1
ordinary/control/insurance-first-ordinary,2968091073,VICTORY,22.630277777777778,16.8675,5.762777777777778,1.1333333333333333,2.9138888888888874,2.0372222222222223,15,3.35,0.0,332,38,6,8637586,"{""1"":1.9605555555555554,""2"":4.351944444444444,""3"":8.495555555555557,""4"":16.671666666666667,""5"":18.8,""6"":19.71472222222222}",1
ordinary/control/insurance-first-ordinary,4113983164,VICTORY,15.918055555555556,11.573055555555557,4.344999999999999,0.5,2.310833333333333,1.1569444444444439,9,2.05,0.0,260,38,6,3015956,"{""1"":0.5666666666666667,""2"":2.265833333333333,""3"":5.469722222222221,""4"":9.148333333333333,""5"":12.294444444444446,""6"":13.401111111111112}",1
ordinary/control/insurance-first-ordinary,1979681349,VICTORY,13.789722222222222,9.963611111111112,3.8261111111111106,0.5,1.7508333333333326,1.1372222222222206,8,1.9,0.0,212,38,6,11445620,"{""1"":0.5666666666666667,""2"":2.852222222222222,""3"":5.490277777777777,""4"":9.31361111111111,""5"":10.681666666666668,""6"":11.697222222222223}",1
ordinary/control/insurance-first-ordinary,1781900347,VICTORY,16.256388888888885,12.499722222222221,3.756666666666664,0.5,2.4547222222222227,1.0633333333333326,10,2.2,0.0,226,38,6,2356240,"{""1"":0.5666666666666667,""2"":1.1361111111111108,""3"":3.664722222222222,""4"":11.026388888888887,""5"":13.469999999999997,""6"":14.30611111111111}",1
ordinary/control/insurance-first-ordinary,1435292250,VICTORY,18.014444444444443,13.504166666666665,4.5102777777777785,1.4166666666666667,2.059166666666667,1.2602777777777798,17,3.9,0.0,246,38,6,6356222,"{""1"":1.4833333333333334,""2"":3.609166666666667,""3"":9.365833333333333,""4"":12.266388888888887,""5"":14.904722222222222,""6"":15.771944444444443}",1
ordinary/control/insurance-first-ordinary,1641014014,VICTORY,14.486944444444445,10.989722222222222,3.4972222222222236,0.5,1.2202777777777778,1.0344444444444454,9,1.95,0.0,226,38,6,11255683,"{""1"":0.5666666666666667,""2"":2.3541666666666665,""3"":4.749444444444445,""4"":10.16527777777778,""5"":11.873333333333333,""6"":12.702499999999999}",1
ordinary/control/insurance-first-ordinary,4050462610,VICTORY,24.013888888888893,18.28888888888889,5.725000000000001,0.5,5.900277777777777,1.2733333333333348,12,2.7,0.0,355,38,6,7409900,"{""1"":0.5666666666666667,""2"":6.771388888888889,""3"":11.731666666666667,""4"":17.993333333333336,""5"":19.908888888888892,""6"":21.468888888888895}",1
ordinary/control/insurance-first-ordinary,3967680554,VICTORY,15.024166666666671,10.689722222222224,4.334444444444447,0.5,2.9341666666666657,0.9927777777777805,12,2.6,0.0,225,38,6,8460005,"{""1"":0.5666666666666667,""2"":3.798333333333333,""3"":6.132777777777778,""4"":10.088333333333333,""5"":11.836666666666668,""6"":13.107222222222223}",1
ordinary/coupled/cheapest-ordinary,3650322235,VICTORY,22.701666666666668,15.898888888888887,6.802777777777781,0.5,3.8927777777777766,4.473888888888894,5,1.2,0.0,517,35,6,2697434,"{""1"":0.5,""2"":1.8299999999999998,""3"":7.306944444444444,""4"":13.51888888888889,""5"":15.635833333333332,""6"":16.857222222222223}",1
ordinary/coupled/cheapest-ordinary,1314072570,VICTORY,21.98388888888889,15.796111111111113,6.187777777777779,0.5,2.127222222222222,4.118055555555558,7,1.65,0.0,526,35,6,2202751,"{""1"":0.5,""2"":3.271111111111111,""3"":9.486944444444445,""4"":11.775,""5"":14.916111111111114,""6"":16.35638888888889}",1
ordinary/coupled/cheapest-ordinary,3141694928,VICTORY,30.48138888888889,22.457777777777782,8.023611111111109,0.5,5.399444444444445,4.796666666666666,9,2.1,0.0,659,35,6,1486744,"{""1"":0.5,""2"":5.999444444444445,""3"":15.771388888888888,""4"":18.846111111111114,""5"":22.457777777777782,""6"":23.28305555555556}",1
ordinary/coupled/cheapest-ordinary,2663828750,VICTORY,21.138333333333335,14.226666666666665,6.911666666666671,0.5,2.617222222222222,3.7594444444444433,9,2.0,0.0,473,35,6,3038371,"{""1"":0.5,""2"":0.9855555555555555,""3"":6.631111111111111,""4"":12.560277777777776,""5"":14.544444444444444,""6"":15.616666666666665}",1
ordinary/coupled/cheapest-ordinary,2653920563,VICTORY,18.79222222222222,13.207222222222223,5.584999999999999,0.5,2.7183333333333337,3.7633333333333328,9,2.0,0.0,408,35,6,42181,"{""1"":0.5,""2"":3.751666666666667,""3"":6.656944444444444,""4"":11.09611111111111,""5"":12.758055555555556,""6"":14.008611111111112}",1
ordinary/coupled/cheapest-ordinary,223457752,VICTORY,27.396944444444443,20.444166666666668,6.952777777777776,0.5,5.747777777777778,5.100833333333332,11,2.4,0.0,586,35,6,3318758,"{""1"":0.5,""2"":1.4752777777777777,""3"":7.3388888888888895,""4"":17.325555555555557,""5"":20.049166666666665,""6"":20.954722222222223}",1
ordinary/coupled/cheapest-ordinary,1700281391,VICTORY,27.62750000000001,21.582222222222228,6.04527777777778,0.5,4.926944444444445,3.788611111111114,7,1.65,0.0,529,35,6,2102143,"{""1"":0.5,""2"":7.412777777777778,""3"":17.591944444444447,""4"":20.705833333333338,""5"":21.648888888888894,""6"":22.727500000000006}",1
ordinary/coupled/cheapest-ordinary,1893754700,VICTORY,20.077499999999993,13.993055555555554,6.08444444444444,0.5,3.57722222222222,3.3799999999999994,7,1.65,0.0,427,35,6,2309440,"{""1"":0.5,""2"":2.3358333333333334,""3"":8.914444444444444,""4"":11.86722222222222,""5"":14.026388888888887,""6"":15.356944444444443}",1
ordinary/coupled/cheapest-ordinary,2968091073,VICTORY,27.998888888888892,21.627777777777784,6.371111111111109,1.1333333333333333,5.224444444444447,4.606944444444446,18,4.15,0.0,568,35,6,1648136,"{""1"":2.9475,""2"":4.758333333333334,""3"":9.603055555555555,""4"":19.803333333333338,""5"":21.178888888888892,""6"":22.630000000000003}",1
ordinary/coupled/cheapest-ordinary,4113983164,VICTORY,23.275,16.11277777777778,7.162222222222219,0.5,2.714722222222224,4.519166666666664,8,1.75,0.0,540,35,6,2561424,"{""1"":0.5,""2"":1.0941666666666667,""3"":6.758888888888889,""4"":13.765000000000002,""5"":16.146111111111114,""6"":17.04638888888889}",1
ordinary/coupled/cheapest-ordinary,1979681349,VICTORY,22.165277777777774,15.692499999999999,6.472777777777775,0.5,1.9427777777777768,4.354166666666667,8,1.8,0.0,499,35,6,2854781,"{""1"":0.5,""2"":3.0302777777777776,""3"":10.844444444444445,""4"":13.867222222222221,""5"":15.725833333333332,""6"":16.581944444444442}",1
ordinary/coupled/cheapest-ordinary,1781900347,VICTORY,22.22166666666666,15.497222222222222,6.724444444444439,0.5,2.775,4.843055555555554,7,1.65,0.0,501,35,6,1888270,"{""1"":0.5,""2"":3.3116666666666665,""3"":9.254444444444443,""4"":13.643055555555556,""5"":15.497222222222222,""6"":16.286111111111108}",1
ordinary/coupled/cheapest-ordinary,1435292250,VICTORY,19.078611111111112,12.693888888888887,6.384722222222225,1.4166666666666667,1.9216666666666673,3.4513888888888897,13,2.95,0.0,412,35,6,1093218,"{""1"":1.4166666666666667,""2"":4.775,""3"":7.46361111111111,""4"":11.174722222222222,""5"":12.72722222222222,""6"":14.156944444444443}",1
ordinary/coupled/cheapest-ordinary,1641014014,VICTORY,22.77111111111111,16.468333333333334,6.302777777777777,0.5,2.0508333333333337,3.635833333333335,12,2.55,0.0,493,35,6,399112,"{""1"":0.5,""2"":4.539722222222222,""3"":10.651388888888887,""4"":15.154722222222224,""5"":17.029999999999998,""6"":18.220277777777778}",1
ordinary/coupled/cheapest-ordinary,4050462610,VICTORY,23.571944444444444,15.093611111111109,8.478333333333335,0.5,2.890833333333333,4.411666666666667,8,1.85,0.0,519,35,6,142370,"{""1"":0.5,""2"":1.1377777777777778,""3"":12.388888888888888,""4"":14.230833333333331,""5"":15.37611111111111,""6"":17.618888888888886}",1
ordinary/coupled/cheapest-ordinary,3967680554,VICTORY,20.80444444444445,13.359444444444446,7.445000000000004,0.5,3.6427777777777806,4.4444444444444455,8,1.8,0.0,467,35,6,1899992,"{""1"":0.5,""2"":3.9038888888888885,""3"":7.361388888888888,""4"":11.980555555555556,""5"":13.392777777777779,""6"":14.343055555555557}",1
ordinary/coupled/insurance-first-ordinary,3650322235,VICTORY,24.439444444444447,17.69888888888889,6.740555555555556,0.5,3.9569444444444417,3.960000000000002,12,2.8,0.0,514,38,6,2257982,"{""1"":0.5666666666666667,""2"":3.0463888888888895,""3"":9.653611111111111,""4"":15.502222222222224,""5"":17.69888888888889,""6"":18.78527777777778}",1
ordinary/coupled/insurance-first-ordinary,1314072570,VICTORY,20.48944444444445,13.641944444444444,6.847500000000007,0.5,2.3602777777777777,3.9400000000000035,9,2.0,0.0,486,38,6,274089,"{""1"":0.5666666666666667,""2"":1.6116666666666668,""3"":4.919444444444443,""4"":11.146666666666667,""5"":13.641944444444444,""6"":15.26666666666667}",1
ordinary/coupled/insurance-first-ordinary,3141694928,VICTORY,24.587777777777774,16.12861111111111,8.459166666666665,0.5,4.038333333333329,5.23527777777778,9,2.0,0.0,604,38,6,519212,"{""1"":0.5666666666666667,""2"":1.6002777777777777,""3"":12.696944444444439,""4"":13.72333333333333,""5"":16.195277777777775,""6"":17.49305555555555}",1
ordinary/coupled/insurance-first-ordinary,2663828750,VICTORY,24.45222222222223,16.775555555555552,7.6766666666666765,0.5,2.419999999999999,4.3136111111111175,10,2.25,0.0,535,38,6,2010713,"{""1"":0.5666666666666667,""2"":1.995,""3"":9.036944444444442,""4"":14.449166666666663,""5"":17.457499999999996,""6"":18.704444444444444}",1
ordinary/coupled/insurance-first-ordinary,2653920563,VICTORY,18.225,11.88916666666667,6.335833333333332,0.5,2.1552777777777776,4.041111111111111,8,1.75,0.0,416,38,6,2984720,"{""1"":0.5666666666666667,""2"":2.0519444444444446,""3"":6.179166666666666,""4"":9.25361111111111,""5"":11.88916666666667,""6"":13.370277777777778}",1
ordinary/coupled/insurance-first-ordinary,223457752,VICTORY,23.283333333333324,16.31805555555555,6.965277777777775,0.5,4.314166666666667,4.809999999999999,9,1.9,0.0,568,38,6,960383,"{""1"":0.5666666666666667,""2"":1.839722222222222,""3"":6.3525,""4"":11.82472222222222,""5"":16.15472222222222,""6"":17.038611111111106}",1
ordinary/coupled/insurance-first-ordinary,1700281391,VICTORY,22.08,16.129722222222217,5.9502777777777816,0.5,3.6616666666666657,3.61361111111111,9,1.95,0.0,461,38,6,2603800,"{""1"":0.5666666666666667,""2"":1.608611111111111,""3"":10.420555555555556,""4"":15.25194444444444,""5"":16.571666666666662,""6"":17.160833333333333}",1
ordinary/coupled/insurance-first-ordinary,1893754700,VICTORY,19.821388888888887,14.399722222222222,5.421666666666665,0.5,2.4544444444444453,3.55,6,1.4,0.0,443,38,6,2909268,"{""1"":0.5666666666666667,""2"":3.3127777777777774,""3"":6.620277777777777,""4"":11.874444444444443,""5"":13.876388888888888,""6"":15.228333333333332}",1
ordinary/coupled/insurance-first-ordinary,2968091073,VICTORY,31.877777777777776,25.045555555555552,6.832222222222224,1.1333333333333333,3.5066666666666624,4.217499999999999,11,2.45,0.0,623,38,6,2879235,"{""1"":1.9605555555555554,""2"":4.351944444444444,""3"":16.30138888888889,""4"":21.95083333333333,""5"":24.489444444444437,""6"":25.528611111111108}",1
ordinary/coupled/insurance-first-ordinary,4113983164,VICTORY,23.77138888888889,16.77583333333333,6.995555555555558,0.5,2.55,3.920000000000001,11,2.5,0.0,555,38,6,478350,"{""1"":0.5666666666666667,""2"":2.7325,""3"":10.27111111111111,""4"":14.848888888888887,""5"":16.809166666666666,""6"":17.954166666666666}",2
ordinary/coupled/insurance-first-ordinary,1979681349,VICTORY,22.19333333333334,16.089722222222225,6.103611111111114,0.5,3.6002777777777775,3.916388888888893,10,2.25,0.0,501,38,6,2149975,"{""1"":0.5666666666666667,""2"":2.852222222222222,""3"":8.1625,""4"":14.115833333333335,""5"":16.089722222222225,""6"":16.888333333333335}",1
ordinary/coupled/insurance-first-ordinary,1781900347,VICTORY,24.825833333333335,18.009444444444448,6.816388888888888,0.5,2.7905555555555566,4.2619444444444445,7,1.55,0.0,614,38,6,3861360,"{""1"":0.5666666666666667,""2"":2.397777777777778,""3"":9.245555555555557,""4"":15.089722222222225,""5"":18.009444444444448,""6"":19.06777777777778}",1
ordinary/coupled/insurance-first-ordinary,1435292250,VICTORY,21.995833333333334,15.494722222222224,6.5011111111111095,1.4166666666666667,3.24888888888889,3.876666666666665,12,2.8,0.0,421,38,6,230370,"{""1"":1.4833333333333334,""2"":4.0425,""3"":8.466944444444444,""4"":12.634444444444446,""5"":15.494722222222224,""6"":16.864444444444448}",1
ordinary/coupled/insurance-first-ordinary,1641014014,VICTORY,22.428888888888892,15.252500000000003,7.176388888888889,0.5,2.4466666666666677,3.9497222222222224,6,1.3,0.0,505,38,6,998341,"{""1"":0.5666666666666667,""2"":2.3541666666666665,""3"":8.296666666666669,""4"":14.164444444444447,""5"":15.86805555555556,""6"":17.087500000000002}",1
ordinary/coupled/insurance-first-ordinary,4050462610,VICTORY,25.73583333333334,17.885555555555552,7.850277777777787,0.5,5.900277777777777,4.673055555555558,9,2.0,0.0,510,38,6,3621673,"{""1"":0.5666666666666667,""2"":7.504722222222222,""3"":14.840277777777777,""4"":15.310555555555556,""5"":17.952222222222222,""6"":19.71611111111111}",1
ordinary/coupled/insurance-first-ordinary,3967680554,VICTORY,18.590555555555557,11.777222222222225,6.813333333333333,0.5,2.4394444444444447,3.9186111111111095,11,2.5,0.0,388,38,6,140068,"{""1"":0.5666666666666667,""2"":3.798333333333333,""3"":6.6,""4"":9.74,""5"":11.877222222222224,""6"":13.440555555555557}",1
selection/caps-only/cheapest-fast,506034211,VICTORY,22.42083333333333,12.214166666666664,10.206666666666667,0.35,2.7111111111111086,4.210000000000003,14,1.4833333333333334,0.0,747,35,6,2656150,"{""1"":0.35,""2"":0.6758333333333333,""3"":5.85972222222222,""4"":10.516388888888885,""5"":14.229444444444443,""6"":16.112777777777776}",2
selection/caps-only/cheapest-fast,2080840298,VICTORY,16.525277777777777,7.5166666666666675,9.00861111111111,0.2125,2.478888888888889,3.513055555555555,7,0.6666666666666666,0.0,618,35,6,3368203,"{""1"":0.2125,""2"":0.225,""3"":1.5755555555555556,""4"":7.118055555555556,""5"":8.981111111111113,""6"":10.652222222222223}",1
selection/caps-only/cheapest-fast,867841519,VICTORY,12.780277777777778,5.5955555555555545,7.184722222222224,0.2125,1.3236111111111108,3.1958333333333333,7,0.7,0.0,493,35,6,1050815,"{""1"":0.2125,""2"":0.225,""3"":2.072222222222222,""4"":4.483055555555556,""5"":6.570833333333334,""6"":7.8133333333333335}",1
selection/caps-only/cheapest-fast,2553358672,VICTORY,17.180277777777786,9.238055555555555,7.942222222222231,0.2125,1.6555555555555552,3.427222222222226,6,0.55,0.0,651,35,6,1501320,"{""1"":0.2125,""2"":0.225,""3"":2.5775,""4"":4.823611111111111,""5"":9.928611111111111,""6"":11.704166666666671}",1
selection/caps-only/cheapest-fast,1002247526,VICTORY,19.332222222222224,10.799722222222226,8.532499999999999,0.2125,1.5550000000000006,3.6016666666666652,9,0.9166666666666666,0.0,724,35,6,1472834,"{""1"":0.2125,""2"":0.225,""3"":1.5077777777777779,""4"":7.849166666666668,""5"":11.684722222222227,""6"":13.474166666666669}",1
selection/caps-only/cheapest-fast,3727132010,VICTORY,16.657222222222224,6.83,9.827222222222224,0.2125,1.8386111111111114,3.230833333333334,10,0.9833333333333333,0.0,624,35,6,745799,"{""1"":0.2125,""2"":0.225,""3"":2.1725,""4"":6.486111111111112,""5"":8.68888888888889,""6"":10.789166666666668}",1
selection/caps-only/cheapest-fast,3873154013,VICTORY,20.756944444444446,11.961388888888893,8.795555555555554,0.2125,1.7005555555555552,4.103333333333333,8,0.85,0.0,705,35,6,1777754,"{""1"":0.2125,""2"":0.225,""3"":3.9277777777777776,""4"":10.254722222222226,""5"":13.342500000000003,""6"":14.878611111111114}",1
selection/caps-only/cheapest-fast,674237420,VICTORY,25.16277777777777,17.070277777777772,8.092499999999998,0.2125,4.739722222222223,3.152222222222224,8,0.7833333333333333,0.0,706,35,6,2035546,"{""1"":0.2125,""2"":2.765,""3"":3.783888888888889,""4"":15.295833333333327,""5"":17.694444444444443,""6"":19.530555555555548}",1
selection/caps-only/income-path-fast,506034211,VICTORY,23.72166666666666,16.71333333333333,7.008333333333329,0.35,2.3408333333333333,4.4452777777777746,13,1.3666666666666667,0.0,701,31,6,180070,"{""1"":6.249999999999999,""2"":7.1452777777777765,""3"":7.442777777777777,""4"":14.390277777777778,""5"":17.45444444444444,""6"":19.27638888888889}",1
selection/caps-only/income-path-fast,2080840298,VICTORY,21.41694444444446,13.536111111111113,7.880833333333348,0.2125,2.0202777777777783,5.733611111111122,7,0.7166666666666667,0.0,685,31,6,2154481,"{""1"":3.217777777777778,""2"":4.140555555555556,""3"":6.42666666666667,""4"":11.08388888888889,""5"":14.366111111111113,""6"":15.683333333333337}",1
selection/caps-only/income-path-fast,867841519,VICTORY,16.950833333333332,9.613055555555555,7.337777777777777,0.2125,1.6933333333333331,4.686944444444445,10,1.0666666666666667,0.0,569,31,6,1536795,"{""1"":3.225277777777778,""2"":3.6725000000000003,""3"":3.840277777777778,""4"":7.644444444444445,""5"":10.33861111111111,""6"":11.35972222222222}",1
selection/caps-only/income-path-fast,2553358672,VICTORY,24.107777777777788,18.357500000000005,5.750277777777782,0.2125,5.336944444444445,3.658888888888892,9,0.9166666666666666,0.0,654,32,6,431411,"{""1"":5.630277777777779,""2"":6.7225,""3"":10.123055555555554,""4"":15.88888888888889,""5"":18.461111111111116,""6"":19.948611111111116}",1
selection/caps-only/income-path-fast,1002247526,VICTORY,24.45833333333333,16.199722222222224,8.258611111111104,0.2125,5.799444444444445,4.876111111111106,9,0.95,0.0,723,31,6,1223987,"{""1"":7.243333333333335,""2"":7.886111111111114,""3"":8.449166666666668,""4"":15.61388888888889,""5"":18.59888888888889,""6"":19.582222222222224}",1
selection/caps-only/income-path-fast,3727132010,VICTORY,16.749444444444446,9.511111111111113,7.238333333333333,0.2125,2.0711111111111107,4.215,6,0.6,0.0,583,31,6,3241259,"{""1"":3.3800000000000003,""2"":3.755,""3"":5.280277777777777,""4"":8.088611111111112,""5"":11.169166666666666,""6"":12.534444444444444}",1
selection/caps-only/income-path-fast,3873154013,VICTORY,24.097222222222225,16.03277777777778,8.064444444444444,0.2125,3.032777777777778,5.433333333333334,9,0.9666666666666667,0.0,722,30,6,2788307,"{""1"":8.700833333333332,""2"":8.952500000000002,""3"":9.897222222222222,""4"":15.099722222222226,""5"":17.531111111111116,""6"":18.66388888888889}",1
selection/caps-only/income-path-fast,674237420,VICTORY,24.708888888888897,17.843611111111112,6.865277777777784,0.2125,3.5180555555555553,4.385833333333339,9,0.9166666666666666,0.0,682,32,6,258843,"{""1"":6.41361111111111,""2"":6.620555555555555,""3"":7.121944444444444,""4"":16.205555555555556,""5"":18.09416666666667,""6"":19.58638888888889}",1
selection/caps-only/income-path-insurance-fast,506034211,BARRY_LOSS,27.699444444444442,,,0.35,4.7136111111111125,3.1011111111111065,46,4.65,0.0,408,19,3,170018,"{""1"":13.38916666666667,""2"":13.55138888888889,""3"":13.76277777777778}",1
selection/caps-only/income-path-insurance-fast,2080840298,VICTORY,28.985833333333332,21.21138888888889,7.774444444444441,0.2125,13.046111111111111,5.8086111111111105,12,1.2166666666666666,9.0,677,34,6,812159,"{""1"":15.822222222222221,""2"":16.11722222222222,""3"":16.121388888888887,""4"":19.32027777777778,""5"":21.686944444444446,""6"":23.17722222222222}",1
selection/caps-only/income-path-insurance-fast,867841519,VICTORY,17.966666666666665,9.444444444444445,8.52222222222222,0.2125,1.3094444444444444,5.696944444444445,6,0.6333333333333333,0.0,623,34,6,2255064,"{""1"":2.4916666666666667,""2"":2.7641666666666667,""3"":2.768333333333333,""4"":7.859444444444444,""5"":10.733611111111111,""6"":12.26972222222222}",1
selection/caps-only/income-path-insurance-fast,2553358672,VICTORY,21.184166666666673,13.63722222222222,7.546944444444453,0.2125,3.002777777777778,3.51027777777778,13,1.2333333333333334,0.0,652,34,6,3859240,"{""1"":4.100555555555555,""2"":4.820000000000001,""3"":4.824166666666668,""4"":11.398888888888889,""5"":15.363888888888889,""6"":17.117500000000003}",1
selection/caps-only/income-path-insurance-fast,1002247526,VICTORY,24.4575,16.827777777777772,7.629722222222227,0.2125,5.391944444444444,4.007777777777786,17,1.6333333333333333,0.0,699,35,6,781876,"{""1"":7.735,""2"":9.057500000000001,""3"":9.263333333333337,""4"":16.27166666666666,""5"":18.806111111111104,""6"":19.78555555555555}",1
selection/caps-only/income-path-insurance-fast,3727132010,VICTORY,18.644166666666663,12.576388888888888,6.067777777777776,0.2125,3.1536111111111107,3.8833333333333298,8,0.7333333333333333,0.0,584,35,6,4367699,"{""1"":5.921388888888888,""2"":5.9255555555555555,""3"":6.504722222222222,""4"":10.32722222222222,""5"":12.813333333333333,""6"":14.311111111111112}",1
selection/caps-only/income-path-insurance-fast,3873154013,VICTORY,23.728333333333342,14.836388888888894,8.891944444444448,0.2125,3.4344444444444435,5.088055555555559,9,0.95,0.0,729,34,6,999749,"{""1"":5.61361111111111,""2"":7.0808333333333335,""3"":7.411388888888889,""4"":14.33194444444445,""5"":16.97805555555556,""6"":17.71805555555556}",1
selection/caps-only/income-path-insurance-fast,674237420,VICTORY,22.562222222222225,15.604722222222225,6.9575,0.2125,2.827222222222221,4.348611111111109,13,1.2333333333333334,0.0,669,35,6,596621,"{""1"":4.8422222222222215,""2"":5.753333333333333,""3"":7.514444444444447,""4"":14.243055555555559,""5"":16.403611111111115,""6"":17.518888888888895}",1
selection/caps-only/insurance-first-fast,506034211,VICTORY,21.43416666666667,12.197222222222221,9.236944444444449,0.35,2.7963888888888895,3.9161111111111118,12,1.2666666666666666,0.0,750,38,6,1692563,"{""1"":0.3541666666666667,""2"":1.2602777777777778,""3"":3.7072222222222218,""4"":10.04222222222222,""5"":13.273888888888886,""6"":15.224444444444442}",1
selection/caps-only/insurance-first-fast,2080840298,VICTORY,18.081111111111117,8.59555555555556,9.485555555555557,0.2125,2.3947222222222235,3.509166666666666,11,1.15,0.0,617,38,6,1019075,"{""1"":0.22083333333333333,""2"":0.9719444444444445,""3"":3.816944444444444,""4"":8.307500000000003,""5"":10.076388888888891,""6"":11.851944444444449}",1
selection/caps-only/insurance-first-fast,867841519,VICTORY,17.799166666666668,9.251666666666669,8.5475,0.2125,1.4691666666666672,3.944166666666668,8,0.7833333333333333,0.0,606,38,6,3100247,"{""1"":0.22083333333333333,""2"":0.5202777777777778,""3"":3.2080555555555557,""4"":7.6386111111111115,""5"":10.046666666666669,""6"":12.119444444444444}",1
selection/caps-only/insurance-first-fast,2553358672,VICTORY,23.260555555555563,14.942222222222224,8.318333333333339,0.2125,3.542500000000003,3.270000000000001,6,0.6166666666666667,0.0,745,38,6,2249685,"{""1"":0.22083333333333333,""2"":0.6580555555555556,""3"":4.032777777777778,""4"":11.966944444444447,""5"":15.98416666666667,""6"":17.901111111111113}",1
selection/caps-only/insurance-first-fast,1002247526,VICTORY,23.52,14.290277777777778,9.229722222222222,0.2125,2.260277777777778,3.48527777777778,8,0.8333333333333334,0.0,754,38,6,2949602,"{""1"":0.22083333333333333,""2"":0.7038888888888889,""3"":2.395277777777778,""4"":12.713888888888887,""5"":16.37472222222222,""6"":17.749166666666664}",1
selection/caps-only/insurance-first-fast,3727132010,VICTORY,19.579722222222223,9.586111111111112,9.993611111111111,0.2125,2.3705555555555553,3.7138888888888877,8,0.8333333333333334,0.0,672,38,6,693185,"{""1"":0.22083333333333333,""2"":0.5158333333333334,""3"":3.7480555555555553,""4"":8.157222222222222,""5"":11.856944444444444,""6"":13.476111111111113}",1
selection/caps-only/insurance-first-fast,3873154013,VICTORY,19.035,9.446666666666665,9.588333333333335,0.2125,1.537222222222222,3.893611111111109,8,0.8166666666666667,0.0,698,38,6,507522,"{""1"":0.22083333333333333,""2"":0.601111111111111,""3"":3.361944444444444,""4"":8.289444444444444,""5"":11.68361111111111,""6"":13.341388888888888}",1
selection/caps-only/insurance-first-fast,674237420,VICTORY,20.08611111111111,12.256944444444441,7.8291666666666675,0.2125,2.0413888888888887,2.9588888888888882,14,1.3666666666666667,0.0,622,38,6,1861893,"{""1"":0.22083333333333333,""2"":0.5869444444444445,""3"":2.7199999999999998,""4"":12.06194444444444,""5"":13.723888888888887,""6"":15.199999999999998}",1
selection/caps-only/stake-first-fast,506034211,VICTORY,20.31972222222223,10.472500000000002,9.847222222222227,0.35,1.633888888888889,3.686944444444445,13,1.35,0.0,730,35,6,1066813,"{""1"":0.35,""2"":0.6758333333333333,""3"":2.8569444444444447,""4"":7.479166666666668,""5"":10.73888888888889,""6"":14.310277777777781}",1
selection/caps-only/stake-first-fast,2080840298,VICTORY,17.09388888888889,8.005,9.08888888888889,0.2125,2.6286111111111117,3.7063888888888887,7,0.7,0.0,605,35,6,2826734,"{""1"":0.2125,""2"":0.21666666666666667,""3"":0.5408333333333334,""4"":7.259722222222224,""5"":8.749166666666667,""6"":10.724166666666667}",1
selection/caps-only/stake-first-fast,867841519,VICTORY,14.034166666666668,6.568333333333333,7.465833333333334,0.2125,1.3130555555555565,3.068611111111111,10,1.0,0.0,511,35,6,3317090,"{""1"":0.2125,""2"":0.21666666666666667,""3"":0.6277777777777778,""4"":5.259722222222223,""5"":7.235555555555556,""6"":8.851944444444447}",1
selection/caps-only/stake-first-fast,2553358672,VICTORY,19.64583333333333,11.078333333333331,8.567499999999997,0.2125,2.196666666666664,3.4355555555555535,10,1.0,0.0,695,35,6,3484345,"{""1"":0.2125,""2"":0.21666666666666667,""3"":0.6330555555555556,""4"":4.424444444444445,""5"":11.078333333333331,""6"":13.981666666666666}",1
selection/caps-only/stake-first-fast,1002247526,VICTORY,19.565833333333337,10.850833333333334,8.715000000000003,0.2125,2.00638888888889,3.5638888888888913,8,0.8333333333333334,0.0,695,35,6,786937,"{""1"":0.2125,""2"":0.21666666666666667,""3"":0.951111111111111,""4"":8.036111111111111,""5"":10.850833333333334,""6"":13.30805555555556}",1
selection/caps-only/stake-first-fast,3727132010,VICTORY,15.098888888888888,5.570277777777778,9.528611111111111,0.2125,1.202222222222222,3.889999999999998,12,1.1833333333333333,0.0,599,35,6,1280410,"{""1"":0.2125,""2"":0.21666666666666667,""3"":1.0561111111111112,""4"":4.668888888888889,""5"":6.263055555555556,""6"":9.045555555555556}",1
selection/caps-only/stake-first-fast,3873154013,VICTORY,19.3075,11.189722222222226,8.117777777777775,0.2125,1.2786111111111107,3.52833333333333,9,0.95,0.0,663,35,6,1100495,"{""1"":0.2125,""2"":0.21666666666666667,""3"":1.9133333333333333,""4"":8.350000000000003,""5"":11.856388888888892,""6"":13.96055555555556}",1
selection/caps-only/stake-first-fast,674237420,VICTORY,20.168611111111105,12.423055555555555,7.7455555555555495,0.2125,2.3844444444444464,3.336388888888886,10,1.0,0.0,634,35,6,2866470,"{""1"":0.2125,""2"":0.21666666666666667,""3"":1.723888888888889,""4"":10.604444444444447,""5"":12.780277777777776,""6"":15.155555555555555}",1
selection/control/cheapest-fast,506034211,VICTORY,11.975555555555555,8.513333333333334,3.4622222222222216,0.35,2.1647222222222227,0.9024999999999996,10,1.05,0.0,258,35,6,1821002,"{""1"":0.35,""2"":1.4077777777777778,""3"":3.6336111111111107,""4"":7.80138888888889,""5"":9.317222222222222,""6"":9.959444444444443}",1
selection/control/cheapest-fast,2080840298,VICTORY,10.796666666666672,7.635555555555557,3.161111111111115,0.2125,1.650277777777778,1.2611111111111142,9,0.9333333333333333,0.0,242,35,6,10635888,"{""1"":0.2125,""2"":1.416111111111111,""3"":2.2430555555555554,""4"":7.234444444444446,""5"":8.378611111111114,""6"":8.873055555555558}",1
selection/control/cheapest-fast,867841519,VICTORY,9.829722222222225,6.361666666666669,3.468055555555556,0.2125,1.2494444444444446,0.8319444444444457,9,0.9333333333333333,0.0,236,35,6,4370755,"{""1"":0.2125,""2"":1.160277777777778,""3"":2.7225000000000006,""4"":6.365833333333336,""5"":7.761944444444448,""6"":8.349722222222224}",1
selection/control/cheapest-fast,2553358672,VICTORY,11.398888888888886,6.9255555555555555,4.47333333333333,0.2125,1.1747222222222224,1.1686111111111093,8,0.75,0.0,330,35,6,9508682,"{""1"":0.2125,""2"":1.2519444444444445,""3"":2.8102777777777774,""4"":6.083055555555555,""5"":8.037222222222221,""6"":9.41861111111111}",1
selection/control/cheapest-fast,1002247526,VICTORY,12.023055555555551,8.113333333333333,3.909722222222218,0.2125,2.1950000000000007,0.7183333333333318,8,0.85,0.0,273,35,6,5761196,"{""1"":0.2125,""2"":0.8686111111111111,""3"":2.6338888888888885,""4"":8.113333333333333,""5"":9.67388888888889,""6"":10.224444444444442}",1
selection/control/cheapest-fast,3727132010,VICTORY,9.629166666666666,6.675277777777778,2.953888888888889,0.2125,2.2758333333333334,0.9833333333333333,11,1.15,0.0,220,35,6,9323802,"{""1"":0.2125,""2"":1.8527777777777776,""3"":3.457499999999999,""4"":6.038055555555555,""5"":7.171388888888888,""6"":7.859444444444444}",1
selection/control/cheapest-fast,3873154013,VICTORY,8.133888888888887,5.056666666666667,3.07722222222222,0.2125,0.9983333333333334,1.009722222222222,7,0.7166666666666667,0.0,216,35,6,8657871,"{""1"":0.2125,""2"":0.7097222222222221,""3"":1.7333333333333334,""4"":4.839166666666667,""5"":5.377222222222222,""6"":6.383055555555555}",1
selection/control/cheapest-fast,674237420,VICTORY,17.43861111111111,14.901944444444446,2.5366666666666653,0.2125,2.7638888888888915,1.073333333333331,8,0.7833333333333333,0.0,340,35,6,8644036,"{""1"":0.2125,""2"":2.765,""3"":5.034722222222222,""4"":12.939444444444446,""5"":15.018333333333336,""6"":15.591666666666667}",1
selection/control/income-path-fast,506034211,VICTORY,16.294999999999998,12.465555555555552,3.829444444444446,0.35,1.9988888888888885,1.9200000000000008,14,1.45,0.0,344,32,6,177702,"{""1"":6.249999999999999,""2"":7.1452777777777765,""3"":8.496111111111109,""4"":12.136666666666663,""5"":13.394722222222219,""6"":14.299444444444442}",1
selection/control/income-path-fast,2080840298,VICTORY,13.142222222222227,10.800555555555556,2.3416666666666703,0.2125,2.0549999999999984,1.3097222222222247,9,0.9166666666666666,0.0,254,30,6,6639799,"{""1"":3.217777777777778,""2"":4.140555555555556,""3"":6.595833333333336,""4"":10.3975,""5"":10.804722222222223,""6"":11.832500000000003}",1
selection/control/income-path-fast,867841519,VICTORY,10.224166666666664,7.881666666666665,2.3424999999999985,0.2125,1.6933333333333331,0.8541666666666666,9,0.9666666666666667,0.0,193,31,6,2639522,"{""1"":3.225277777777778,""2"":3.757777777777778,""3"":5.097777777777778,""4"":7.881666666666665,""5"":8.331388888888887,""6"":9.369999999999997}",1
selection/control/income-path-fast,2553358672,VICTORY,17.76194444444445,15.509444444444448,2.2525000000000013,0.2125,5.336944444444445,1.640833333333336,12,1.1833333333333333,0.0,365,30,6,4634075,"{""1"":5.630277777777779,""2"":6.901666666666667,""3"":7.306944444444445,""4"":14.105833333333333,""5"":15.82388888888889,""6"":16.121111111111112}",1
selection/control/income-path-fast,1002247526,VICTORY,14.979999999999999,12.53916666666667,2.4408333333333285,0.2125,5.799444444444445,1.7058333333333318,9,0.9666666666666667,0.0,358,30,6,2441768,"{""1"":7.243333333333335,""2"":8.180000000000001,""3"":8.670000000000003,""4"":10.882777777777783,""5"":12.82666666666667,""6"":13.053611111111113}",1
selection/control/income-path-fast,3727132010,VICTORY,13.550555555555556,10.777500000000003,2.773055555555553,0.2125,2.0711111111111107,1.6552777777777767,11,1.0166666666666666,0.0,320,31,6,8440119,"{""1"":3.3800000000000003,""2"":3.9252777777777776,""3"":5.238333333333332,""4"":9.308333333333335,""5"":11.436388888888892,""6"":11.89527777777778}",1
selection/control/income-path-fast,3873154013,VICTORY,17.80388888888889,13.646666666666668,4.15722222222222,0.2125,3.032777777777778,1.1416666666666666,10,1.0166666666666666,0.0,362,31,6,3120727,"{""1"":8.700833333333332,""2"":9.23,""3"":9.973333333333333,""4"":13.515555555555556,""5"":15.498333333333335,""6"":16.563333333333336}",1
selection/control/income-path-fast,674237420,VICTORY,16.735833333333332,13.786388888888888,2.9494444444444436,0.2125,3.5180555555555553,1.2605555555555554,13,1.3,0.0,326,31,6,4851859,"{""1"":6.41361111111111,""2"":6.620555555555555,""3"":8.087777777777777,""4"":13.786388888888888,""5"":14.999166666666666,""6"":15.475277777777775}",1
selection/control/income-path-insurance-fast,506034211,VICTORY,29.104722222222208,24.861666666666657,4.24305555555555,0.35,4.7136111111111125,1.7480555555555535,24,2.466666666666667,0.0,587,34,6,9229982,"{""1"":13.38916666666667,""2"":13.823333333333334,""3"":17.71944444444444,""4"":24.63138888888888,""5"":25.997499999999988,""6"":27.35666666666665}",1
selection/control/income-path-insurance-fast,2080840298,VICTORY,20.55111111111111,18.550555555555555,2.000555555555554,0.2125,13.046111111111111,1.072777777777776,10,1.0166666666666666,9.0,249,34,6,3396552,"{""1"":15.822222222222221,""2"":16.11722222222222,""3"":16.479444444444443,""4"":17.936666666666667,""5"":18.654444444444444,""6"":19.368611111111115}",1
selection/control/income-path-insurance-fast,867841519,VICTORY,9.601666666666665,7.491388888888887,2.110277777777778,0.2125,1.261666666666666,0.8822222222222232,9,0.9333333333333333,0.0,195,33,6,3119950,"{""1"":2.4916666666666667,""2"":2.7641666666666667,""3"":3.566666666666666,""4"":7.244444444444442,""5"":7.864722222222221,""6"":8.719444444444441}",1
selection/control/income-path-insurance-fast,2553358672,VICTORY,15.150555555555554,10.95777777777778,4.192777777777774,0.2125,1.9100000000000004,1.2191666666666663,12,1.15,0.0,351,34,6,2786522,"{""1"":4.100555555555555,""2"":4.820000000000001,""3"":5.655277777777779,""4"":10.95777777777778,""5"":13.095555555555558,""6"":13.931388888888888}",1
selection/control/income-path-insurance-fast,1002247526,VICTORY,20.64472222222221,17.201111111111103,3.4436111111111067,0.2125,5.391944444444444,1.3719444444444397,17,1.6333333333333333,0.0,386,34,6,6674491,"{""1"":7.735,""2"":9.057500000000001,""3"":10.848333333333334,""4"":16.963055555555545,""5"":18.267499999999995,""6"":19.272777777777772}",1
selection/control/income-path-insurance-fast,3727132010,VICTORY,11.185277777777777,8.128055555555555,3.0572222222222223,0.2125,3.1536111111111107,1.3952777777777783,7,0.65,0.0,264,34,6,5261776,"{""1"":5.921388888888888,""2"":5.9255555555555555,""3"":6.178888888888888,""4"":8.128055555555555,""5"":8.944722222222222,""6"":9.668611111111112}",1
selection/control/income-path-insurance-fast,3873154013,VICTORY,16.792500000000004,13.850277777777782,2.942222222222222,0.2125,3.4344444444444435,1.1927777777777768,8,0.8666666666666667,0.0,370,34,6,4277098,"{""1"":5.61361111111111,""2"":7.986666666666667,""3"":9.604444444444448,""4"":12.991666666666669,""5"":14.819722222222227,""6"":15.595555555555562}",1
selection/control/income-path-insurance-fast,674237420,VICTORY,19.370277777777776,16.631944444444443,2.7383333333333333,0.2125,3.1355555555555554,1.3019444444444426,12,1.1833333333333333,0.0,343,34,6,4210028,"{""1"":4.8422222222222215,""2"":6.41388888888889,""3"":8.646111111111113,""4"":15.996666666666666,""5"":16.861111111111107,""6"":18.06833333333333}",1
selection/control/insurance-first-fast,506034211,VICTORY,11.76888888888889,8.776388888888892,2.992499999999998,0.35,2.1838888888888897,0.9711111111111127,12,1.2,0.0,242,38,6,4108128,"{""1"":0.3541666666666667,""2"":1.2602777777777778,""3"":3.4347222222222222,""4"":7.906111111111113,""5"":9.077222222222224,""6"":9.963611111111112}",1
selection/control/insurance-first-fast,2080840298,VICTORY,11.221111111111112,7.919444444444446,3.301666666666666,0.2125,2.3222222222222224,1.3297222222222236,10,1.05,0.0,245,38,6,13162569,"{""1"":0.22083333333333333,""2"":2.016388888888889,""3"":3.2513888888888887,""4"":7.542500000000001,""5"":8.649166666666668,""6"":9.172222222222224}",1
selection/control/insurance-first-fast,867841519,VICTORY,8.916666666666666,5.636944444444446,3.2797222222222198,0.2125,1.1327777777777788,0.7741666666666656,10,0.9833333333333333,0.0,225,38,6,6011183,"{""1"":0.22083333333333333,""2"":0.5202777777777778,""3"":2.4513888888888884,""4"":5.636944444444446,""5"":6.825000000000002,""6"":7.329722222222224}",1
selection/control/insurance-first-fast,2553358672,VICTORY,11.53944444444444,7.26972222222222,4.26972222222222,0.2125,1.2525000000000002,1.288055555555553,11,1.1,0.0,319,38,6,14327937,"{""1"":0.22083333333333333,""2"":1.9105555555555556,""3"":4.166666666666666,""4"":6.708888888888888,""5"":8.527777777777777,""6"":9.723888888888887}",1
selection/control/insurance-first-fast,1002247526,VICTORY,10.935,7.288611111111111,3.6463888888888896,0.2125,1.8347222222222228,0.8702777777777783,9,0.9333333333333333,0.0,268,38,6,376641,"{""1"":0.22083333333333333,""2"":1.3772222222222221,""3"":2.786944444444444,""4"":6.7844444444444445,""5"":8.445833333333335,""6"":8.925277777777778}",1
selection/control/insurance-first-fast,3727132010,VICTORY,8.4275,5.0408333333333335,3.3866666666666667,0.2125,1.422777777777778,1.0088888888888883,9,0.9,0.0,216,38,6,11214975,"{""1"":0.22083333333333333,""2"":0.5158333333333334,""3"":3.654444444444444,""4"":5.045,""5"":6.0919444444444455,""6"":6.618611111111111}",1
selection/control/insurance-first-fast,3873154013,VICTORY,11.621944444444443,8.012222222222222,3.6097222222222207,0.2125,1.5647222222222221,1.136944444444445,10,1.0166666666666666,0.0,258,38,6,3820487,"{""1"":0.22083333333333333,""2"":0.601111111111111,""3"":3.0444444444444447,""4"":7.813888888888889,""5"":9.181944444444444,""6"":9.659722222222221}",1
selection/control/insurance-first-fast,674237420,VICTORY,17.418888888888887,14.082222222222223,3.3366666666666642,0.2125,3.3891666666666667,0.9216666666666659,11,1.1,0.0,339,38,6,4011897,"{""1"":0.22083333333333333,""2"":0.8336111111111111,""3"":3.765,""4"":13.066944444444447,""5"":15.177777777777779,""6"":15.684999999999999}",1
selection/control/stake-first-fast,506034211,VICTORY,11.838333333333335,8.513333333333334,3.325000000000001,0.35,2.1647222222222227,1.0611111111111104,10,1.05,0.0,258,35,6,4948354,"{""1"":0.35,""2"":1.4077777777777778,""3"":3.6336111111111107,""4"":7.793055555555556,""5"":8.701666666666666,""6"":9.392777777777777}",1
selection/control/stake-first-fast,2080840298,VICTORY,10.84444444444445,7.635555555555557,3.208888888888893,0.2125,1.650277777777778,1.1619444444444469,9,0.9333333333333333,0.0,245,35,6,5663224,"{""1"":0.2125,""2"":1.416111111111111,""3"":2.2388888888888885,""4"":7.230277777777778,""5"":8.256111111111114,""6"":9.04166666666667}",1
selection/control/stake-first-fast,867841519,BARRY_LOSS,3.0655555555555556,,,0.2125,0.6905555555555556,0.30944444444444436,10,1.0333333333333334,0.0,24,17,3,2970,"{""1"":0.2125,""2"":1.160277777777778,""3"":2.294722222222222}",1
selection/control/stake-first-fast,2553358672,VICTORY,10.728055555555555,5.697222222222223,5.030833333333332,0.2125,1.2905555555555537,1.1327777777777763,11,1.1,0.0,286,35,6,5207795,"{""1"":0.2125,""2"":1.2519444444444445,""3"":2.2661111111111105,""4"":3.967777777777777,""5"":5.697222222222223,""6"":8.090277777777777}",1
selection/control/stake-first-fast,1002247526,VICTORY,11.888333333333332,8.113333333333333,3.7749999999999986,0.2125,2.1950000000000007,0.7455555555555559,8,0.85,0.0,262,35,6,7799803,"{""1"":0.2125,""2"":0.8686111111111111,""3"":2.6338888888888885,""4"":8.113333333333333,""5"":9.029444444444444,""6"":9.814166666666665}",1
selection/control/stake-first-fast,3727132010,VICTORY,9.789444444444444,6.675277777777778,3.114166666666666,0.2125,2.2758333333333334,0.961388888888888,11,1.15,0.0,218,35,6,12238607,"{""1"":0.2125,""2"":1.8527777777777776,""3"":3.4533333333333327,""4"":6.025555555555555,""5"":6.813611111111111,""6"":7.931944444444444}",1
selection/control/stake-first-fast,3873154013,VICTORY,8.185555555555556,5.056666666666667,3.1288888888888895,0.2125,0.9983333333333334,0.9247222222222224,7,0.7166666666666667,0.0,217,35,6,2064437,"{""1"":0.2125,""2"":0.7097222222222221,""3"":1.7333333333333334,""4"":4.835,""5"":5.196111111111111,""6"":6.310833333333333}",1
selection/control/stake-first-fast,674237420,VICTORY,17.43861111111111,14.901944444444446,2.5366666666666653,0.2125,2.7638888888888915,1.073333333333331,8,0.7833333333333333,0.0,340,35,6,8644036,"{""1"":0.2125,""2"":2.765,""3"":5.034722222222222,""4"":12.926944444444446,""5"":15.010000000000002,""6"":15.5875}",1
selection/coupled/cheapest-fast,506034211,VICTORY,18.38277777777778,11.439444444444444,6.943333333333335,0.35,2.1886111111111117,4.353888888888891,9,0.9833333333333333,0.0,560,35,6,2435813,"{""1"":0.35,""2"":1.4077777777777778,""3"":6.132499999999999,""4"":10.3675,""5"":11.439444444444444,""6"":12.907499999999999}",1
selection/coupled/cheapest-fast,2080840298,VICTORY,13.291944444444443,7.614444444444443,5.6775,0.2125,2.142777777777778,3.5002777777777774,7,0.75,0.0,449,35,6,3271015,"{""1"":0.2125,""2"":1.869722222222222,""3"":5.74361111111111,""4"":7.199166666666666,""5"":8.117499999999998,""6"":8.767777777777777}",1
selection/coupled/cheapest-fast,867841519,VICTORY,12.389999999999997,7.706944444444442,4.683055555555555,0.2125,1.239999999999999,2.867222222222222,9,0.95,0.0,371,35,6,1267251,"{""1"":0.2125,""2"":1.160277777777778,""3"":3.243055555555556,""4"":6.42861111111111,""5"":8.12472222222222,""6"":8.501388888888886}",1
selection/coupled/cheapest-fast,2553358672,VICTORY,17.994444444444436,13.231111111111106,4.76333333333333,0.2125,2.50111111111111,3.3438888888888867,7,0.6666666666666666,0.0,522,35,6,1986739,"{""1"":0.2125,""2"":2.758333333333333,""3"":8.882777777777777,""4"":11.083611111111109,""5"":13.231111111111106,""6"":13.863611111111107}",1
selection/coupled/cheapest-fast,1002247526,VICTORY,16.130833333333335,9.553055555555556,6.577777777777779,0.2125,2.415555555555556,3.726944444444441,8,0.8666666666666667,0.0,569,35,6,150499,"{""1"":0.2125,""2"":1.6536111111111111,""3"":2.5305555555555554,""4"":8.132500000000002,""5"":9.66888888888889,""6"":10.41527777777778}",1
selection/coupled/cheapest-fast,3727132010,VICTORY,13.563888888888888,6.956111111111111,6.607777777777777,0.2125,1.4313888888888888,3.7997222222222207,6,0.6166666666666667,0.0,483,35,6,3844527,"{""1"":0.2125,""2"":1.8527777777777776,""3"":4.361111111111111,""4"":5.488611111111111,""5"":6.8502777777777775,""6"":8.080555555555556}",1
selection/coupled/cheapest-fast,3873154013,VICTORY,14.248055555555556,9.456666666666669,4.791388888888887,0.2125,2.3038888888888875,3.1986111111111124,7,0.75,0.0,474,35,6,7214094,"{""1"":0.2125,""2"":0.7097222222222221,""3"":5.286388888888888,""4"":6.733888888888888,""5"":8.999444444444444,""6"":9.741111111111111}",1
selection/coupled/cheapest-fast,674237420,VICTORY,18.372222222222224,13.765555555555556,4.606666666666667,0.2125,3.4441666666666664,3.2358333333333347,10,1.05,0.0,512,35,6,735113,"{""1"":0.2125,""2"":3.015277777777778,""3"":9.706944444444446,""4"":12.700000000000001,""5"":13.503055555555557,""6"":14.193333333333333}",1
selection/coupled/income-path-fast,506034211,VICTORY,22.51083333333333,17.175555555555555,5.335277777777776,0.35,2.7074999999999987,4.083055555555556,16,1.6666666666666667,0.0,603,34,6,2919096,"{""1"":6.249999999999999,""2"":7.1452777777777765,""3"":8.488055555555555,""4"":14.5,""5"":16.9875,""6"":17.501666666666665}",1
selection/coupled/income-path-fast,2080840298,VICTORY,19.340833333333332,14.047222222222222,5.29361111111111,0.2125,2.0202777777777783,3.6961111111111107,7,0.7,0.0,585,34,6,1743764,"{""1"":3.217777777777778,""2"":4.140555555555556,""3"":8.0475,""4"":12.037222222222224,""5"":12.595000000000002,""6"":14.547500000000001}",1
selection/coupled/income-path-fast,867841519,VICTORY,12.146388888888888,8.008888888888889,4.137499999999999,0.2125,1.6933333333333331,2.9077777777777762,11,1.1666666666666667,0.0,347,34,6,1199618,"{""1"":3.225277777777778,""2"":3.757777777777778,""3"":5.535,""4"":7.226388888888889,""5"":8.008888888888889,""6"":8.555000000000001}",1
selection/coupled/income-path-fast,2553358672,VICTORY,23.062777777777775,18.20777777777778,4.854999999999997,0.2125,5.336944444444445,3.265833333333334,14,1.3333333333333333,0.0,583,34,6,3463183,"{""1"":5.630277777777779,""2"":6.901666666666667,""3"":11.002777777777778,""4"":17.400277777777774,""5"":17.95138888888889,""6"":18.938055555555554}",1
selection/coupled/income-path-fast,1002247526,VICTORY,21.672222222222228,16.630833333333335,5.041388888888893,0.2125,5.799444444444445,3.778888888888893,12,1.25,0.0,589,34,6,5390259,"{""1"":7.243333333333335,""2"":8.180000000000001,""3"":10.351944444444447,""4"":13.507499999999999,""5"":14.670833333333333,""6"":17.155833333333337}",1
selection/coupled/income-path-fast,3727132010,VICTORY,16.581388888888892,11.22166666666667,5.3597222222222225,0.2125,2.0711111111111107,3.8422222222222215,6,0.55,0.0,509,34,6,2049649,"{""1"":3.3800000000000003,""2"":3.9252777777777776,""3"":5.978055555555556,""4"":8.4675,""5"":10.625555555555557,""6"":11.798611111111112}",1
selection/coupled/income-path-fast,3873154013,BARRY_LOSS,11.685555555555556,,,0.2125,3.032777777777778,0.4002777777777775,7,0.7333333333333333,0.0,190,14,3,4856,"{""1"":8.700833333333332,""2"":9.23,""3"":11.276944444444444}",1
selection/coupled/income-path-fast,674237420,VICTORY,23.25916666666667,18.95916666666667,4.300000000000001,0.2125,3.5180555555555553,3.1166666666666667,10,0.9666666666666667,0.0,533,34,6,1223304,"{""1"":6.41361111111111,""2"":6.620555555555555,""3"":10.553611111111111,""4"":17.80444444444445,""5"":18.23611111111111,""6"":19.081111111111113}",1
selection/coupled/income-path-insurance-fast,506034211,VICTORY,33.63027777777778,27.579722222222223,6.050555555555555,0.35,4.7136111111111125,4.094722222222223,21,2.183333333333333,0.0,821,37,6,2470365,"{""1"":13.38916666666667,""2"":13.823333333333334,""3"":19.95027777777778,""4"":26.410000000000004,""5"":26.938333333333333,""6"":28.415833333333335}",1
selection/coupled/income-path-insurance-fast,2080840298,VICTORY,28.985277777777778,23.69194444444445,5.2933333333333294,0.2125,13.046111111111111,3.760833333333335,9,0.9333333333333333,9.0,569,37,6,2056207,"{""1"":15.822222222222221,""2"":16.11722222222222,""3"":17.461666666666666,""4"":21.05666666666667,""5"":23.25277777777778,""6"":24.11527777777778}",1
selection/coupled/income-path-insurance-fast,867841519,VICTORY,15.402777777777779,11.33277777777778,4.0699999999999985,0.2125,1.1972222222222224,2.8241666666666676,7,0.7333333333333333,0.0,462,37,6,2666815,"{""1"":2.4916666666666667,""2"":2.7641666666666667,""3"":4.241666666666666,""4"":8.420555555555556,""5"":9.613333333333333,""6"":11.551944444444446}",1
selection/coupled/income-path-insurance-fast,2553358672,BARRY_LOSS,11.307499999999997,,,0.2125,2.4919444444444423,0.32083333333333336,13,1.25,0.0,180,18,3,5613,"{""1"":4.100555555555555,""2"":4.820000000000001,""3"":8.486388888888888}",1
selection/coupled/income-path-insurance-fast,1002247526,VICTORY,25.44638888888888,20.968611111111105,4.477777777777774,0.2125,5.391944444444444,3.735833333333331,12,1.1666666666666667,0.0,617,37,6,4362165,"{""1"":7.735,""2"":9.057500000000001,""3"":13.703055555555553,""4"":18.626666666666658,""5"":20.59027777777777,""6"":21.099999999999998}",1
selection/coupled/income-path-insurance-fast,3727132010,VICTORY,17.520833333333332,12.580833333333334,4.939999999999998,0.2125,3.1536111111111107,3.69222222222222,9,0.85,0.0,514,37,6,1464742,"{""1"":5.921388888888888,""2"":5.9255555555555555,""3"":6.299722222222221,""4"":10.262777777777776,""5"":11.862499999999999,""6"":12.956111111111111}",1
selection/coupled/income-path-insurance-fast,3873154013,VICTORY,20.018333333333334,16.203611111111112,3.8147222222222226,0.2125,3.4344444444444435,3.0483333333333347,10,1.0666666666666667,0.0,535,37,6,2597345,"{""1"":5.61361111111111,""2"":7.986666666666667,""3"":11.13444444444445,""4"":13.783611111111115,""5"":15.138888888888891,""6"":16.20777777777778}",1
selection/coupled/income-path-insurance-fast,674237420,VICTORY,19.736666666666668,15.477777777777781,4.258888888888887,0.2125,2.827222222222221,3.4394444444444408,8,0.7666666666666667,0.0,514,37,6,2240451,"{""1"":4.8422222222222215,""2"":6.41388888888889,""3"":11.005000000000003,""4"":14.101666666666668,""5"":14.699444444444447,""6"":15.486111111111114}",1
selection/coupled/insurance-first-fast,506034211,BARRY_LOSS,2.1666666666666665,,,0.35,0.37388888888888894,0.38805555555555554,11,1.1333333333333333,0.0,10,10,2,3520,"{""1"":0.3541666666666667,""2"":1.583611111111111}",1
selection/coupled/insurance-first-fast,2080840298,VICTORY,18.197499999999998,12.932222222222224,5.265277777777774,0.2125,2.261388888888888,3.8497222222222205,10,1.0833333333333333,0.0,490,38,6,1865514,"{""1"":0.22083333333333333,""2"":2.016388888888889,""3"":7.706111111111113,""4"":10.779722222222222,""5"":12.683055555555557,""6"":13.438333333333334}",1
selection/coupled/insurance-first-fast,867841519,VICTORY,11.161666666666664,6.715833333333333,4.44583333333333,0.2125,1.2541666666666667,3.0024999999999986,11,1.0833333333333333,0.0,362,38,6,2404261,"{""1"":0.22083333333333333,""2"":0.6744444444444445,""3"":3.419722222222222,""4"":5.2266666666666675,""5"":6.492222222222222,""6"":7.362499999999999}",1
selection/coupled/insurance-first-fast,2553358672,VICTORY,18.495555555555555,13.890555555555554,4.605,0.2125,2.841944444444444,3.2436111111111114,11,1.1166666666666667,0.0,514,38,6,3901489,"{""1"":0.22083333333333333,""2"":1.9105555555555556,""3"":8.852777777777778,""4"":11.776111111111112,""5"":13.597777777777775,""6"":14.25083333333333}",1
selection/coupled/insurance-first-fast,1002247526,VICTORY,19.709722222222226,12.95972222222222,6.750000000000005,0.2125,3.9608333333333356,3.7586111111111147,11,1.1166666666666667,0.0,590,38,6,5667541,"{""1"":0.22083333333333333,""2"":1.3772222222222221,""3"":8.77027777777778,""4"":12.03361111111111,""5"":13.083888888888888,""6"":14.550555555555553}",1
selection/coupled/insurance-first-fast,3727132010,VICTORY,13.650277777777777,8.076944444444445,5.573333333333332,0.2125,2.0205555555555565,3.7583333333333315,10,0.9666666666666667,0.0,443,38,6,868721,"{""1"":0.22083333333333333,""2"":1.011388888888889,""3"":3.472777777777777,""4"":6.391388888888889,""5"":7.703333333333334,""6"":8.672222222222224}",1
selection/coupled/insurance-first-fast,3873154013,VICTORY,14.103611111111114,9.304166666666667,4.799444444444447,0.2125,1.2341666666666673,3.1672222222222235,8,0.8166666666666667,0.0,475,38,6,7419848,"{""1"":0.22083333333333333,""2"":0.6902777777777778,""3"":4.670833333333333,""4"":7.165833333333334,""5"":9.082500000000001,""6"":9.485833333333336}",1
selection/coupled/insurance-first-fast,674237420,VICTORY,19.32111111111111,14.88833333333333,4.4327777777777815,0.2125,4.372222222222223,2.8386111111111156,8,0.8166666666666667,0.0,565,38,6,685586,"{""1"":0.22083333333333333,""2"":0.8336111111111111,""3"":8.805555555555554,""4"":13.922499999999998,""5"":14.791111111111109,""6"":15.572777777777775}",1
selection/coupled/stake-first-fast,506034211,VICTORY,19.83111111111111,13.033055555555555,6.798055555555555,0.35,2.1886111111111117,4.3119444444444435,9,0.9833333333333333,0.0,580,35,6,999658,"{""1"":0.35,""2"":1.4077777777777778,""3"":6.128333333333333,""4"":10.363333333333333,""5"":10.477222222222222,""6"":13.760277777777777}",1
selection/coupled/stake-first-fast,2080840298,VICTORY,16.29833333333334,10.476944444444449,5.82138888888889,0.2125,2.2513888888888904,3.2191666666666663,8,0.8666666666666667,0.0,451,35,6,2435884,"{""1"":0.2125,""2"":1.869722222222222,""3"":3.499444444444444,""4"":9.034722222222225,""5"":9.136944444444447,""6"":10.476944444444449}",1
selection/coupled/stake-first-fast,867841519,VICTORY,13.744722222222219,9.235277777777776,4.509444444444442,0.2125,1.239999999999999,3.3258333333333328,10,1.05,0.0,405,35,6,3281189,"{""1"":0.2125,""2"":1.160277777777778,""3"":3.238888888888889,""4"":5.752499999999999,""5"":7.67222222222222,""6"":9.473888888888887}",1
selection/coupled/stake-first-fast,2553358672,VICTORY,17.168611111111105,12.631666666666662,4.536944444444442,0.2125,2.1583333333333323,3.281388888888889,11,1.0833333333333333,0.0,516,35,6,2614400,"{""1"":0.2125,""2"":1.2519444444444445,""3"":4.138333333333333,""4"":6.362777777777777,""5"":10.876111111111108,""6"":12.635833333333329}",1
selection/coupled/stake-first-fast,1002247526,VICTORY,16.015833333333337,9.942777777777781,6.073055555555555,0.2125,2.415555555555556,3.7738888888888917,8,0.8666666666666667,0.0,539,35,6,420308,"{""1"":0.2125,""2"":1.6536111111111111,""3"":2.5263888888888886,""4"":8.132500000000002,""5"":8.42527777777778,""6"":10.219722222222225}",1
selection/coupled/stake-first-fast,3727132010,VICTORY,13.005833333333337,8.400833333333335,4.605000000000002,0.2125,2.025,2.936944444444447,8,0.8166666666666667,0.0,386,35,6,1866903,"{""1"":0.2125,""2"":1.8527777777777776,""3"":3.104444444444444,""4"":3.4958333333333322,""5"":7.1913888888888895,""6"":8.645000000000001}",1
selection/coupled/stake-first-fast,3873154013,VICTORY,14.881944444444445,10.013333333333334,4.868611111111111,0.2125,2.3038888888888875,3.1966666666666677,7,0.75,0.0,474,35,6,7524175,"{""1"":0.2125,""2"":0.7097222222222221,""3"":4.986944444444443,""4"":5.3805555555555555,""5"":8.835555555555556,""6"":10.299166666666668}",1
selection/coupled/stake-first-fast,674237420,VICTORY,19.876666666666665,15.011388888888892,4.865277777777774,0.2125,2.9777777777777783,3.2022222222222183,8,0.7833333333333333,0.0,509,35,6,4133551,"{""1"":0.2125,""2"":2.765,""3"":8.215555555555557,""4"":14.074722222222224,""5"":14.324166666666668,""6"":15.285000000000002}",1
stopping/caps-only/cheapest-fast,3650322235,VICTORY,15.589444444444442,9.193333333333335,6.396111111111107,0.2125,2.0463888888888895,4.3599999999999985,9,0.9166666666666666,0.0,569,32,6,1021011,"{""1"":0.2125,""2"":0.225,""3"":1.0172222222222222,""4"":7.241666666666666,""5"":9.675555555555555,""6"":11.229444444444445}",1
stopping/caps-only/cheapest-fast,1314072570,VICTORY,17.403055555555557,10.289722222222222,7.113333333333335,0.2125,1.7188888888888887,4.456388888888891,9,0.9,0.0,616,32,6,1013409,"{""1"":0.2125,""2"":0.225,""3"":0.8711111111111111,""4"":7.479722222222222,""5"":10.956666666666667,""6"":12.946666666666665}",1
stopping/caps-only/cheapest-fast,3141694928,VICTORY,17.847499999999993,9.943888888888887,7.903611111111106,0.2125,2.12611111111111,4.814722222222222,9,0.8833333333333333,0.0,688,32,6,1937833,"{""1"":0.2125,""2"":0.225,""3"":0.8758333333333332,""4"":7.15611111111111,""5"":11.218611111111107,""6"":13.032777777777772}",1
stopping/caps-only/cheapest-fast,2663828750,VICTORY,13.00388888888889,6.200555555555556,6.803333333333334,0.2125,1.5200000000000002,4.1899999999999995,7,0.7,0.0,509,32,6,558202,"{""1"":0.2125,""2"":0.225,""3"":1.4627777777777777,""4"":4.315555555555557,""5"":7.054166666666668,""6"":8.81388888888889}",1
stopping/caps-only/cheapest-fast,2653920563,VICTORY,12.354722222222222,5.488333333333334,6.8663888888888875,0.2125,0.962499999999999,4.623055555555555,10,1.0,0.0,488,32,6,743714,"{""1"":0.2125,""2"":0.225,""3"":0.8594444444444443,""4"":3.904722222222222,""5"":5.9125000000000005,""6"":7.7316666666666665}",1
stopping/caps-only/cheapest-fast,223457752,VICTORY,18.918611111111105,11.454166666666664,7.464444444444441,0.2125,2.8627777777777768,5.056388888888887,10,1.0,0.0,677,32,6,2597433,"{""1"":0.2125,""2"":0.225,""3"":2.192222222222222,""4"":8.728611111111112,""5"":11.764444444444443,""6"":13.862222222222218}",2
stopping/caps-only/cheapest-fast,1700281391,VICTORY,18.292499999999993,11.748055555555547,6.544444444444446,0.2125,3.109444444444443,4.000277777777778,8,0.7833333333333333,0.0,587,32,6,151772,"{""1"":0.2125,""2"":0.225,""3"":2.0375,""4"":10.908611111111105,""5"":12.786111111111103,""6"":14.292222222222215}",1
stopping/caps-only/cheapest-fast,1893754700,VICTORY,15.899444444444441,9.456666666666665,6.442777777777776,0.2125,1.9836111111111108,4.072500000000001,9,0.9333333333333333,0.0,519,32,6,255512,"{""1"":0.2125,""2"":0.225,""3"":2.845555555555556,""4"":7.968611111111108,""5"":10.525555555555552,""6"":11.826944444444441}",1
stopping/caps-only/cheapest-fast,2968091073,VICTORY,25.839166666666664,17.50166666666666,8.337500000000002,0.4625,3.3747222222222226,5.057222222222223,14,1.3833333333333333,0.0,785,32,6,734127,"{""1"":1.6608333333333334,""2"":1.6691666666666667,""3"":5.110277777777778,""4"":15.475833333333329,""5"":18.20166666666666,""6"":20.78194444444444}",1
stopping/caps-only/cheapest-fast,4113983164,VICTORY,17.7225,10.027500000000002,7.6949999999999985,0.2125,1.9616666666666664,5.1994444444444445,12,1.2333333333333334,0.0,637,32,6,751083,"{""1"":0.2125,""2"":0.31,""3"":1.8019444444444446,""4"":7.980000000000001,""5"":10.899166666666666,""6"":12.523055555555553}",1
stopping/caps-only/cheapest-fast,1979681349,VICTORY,18.144444444444442,11.058333333333334,7.086111111111109,0.2125,2.6138888888888894,4.697777777777776,11,1.1166666666666667,0.0,631,32,6,3446924,"{""1"":0.2125,""2"":0.6661111111111111,""3"":3.938333333333333,""4"":9.342222222222222,""5"":12.011666666666665,""6"":13.446666666666665}",1
stopping/caps-only/cheapest-fast,1781900347,HP_DEATH,5.931666666666667,,,0.2125,1.4855555555555555,0.5577777777777774,12,1.25,0.0,66,16,3,106,"{""1"":0.2125,""2"":1.465277777777778,""3"":2.8913888888888892}",1
stopping/caps-only/cheapest-fast,1435292250,VICTORY,15.629722222222224,7.978888888888888,7.650833333333336,0.55,1.2494444444444441,4.424444444444447,11,1.0666666666666667,0.0,581,32,6,2310557,"{""1"":0.55,""2"":0.5625,""3"":2.506944444444444,""4"":6.37,""5"":9.009444444444444,""6"":11.205277777777777}",1
stopping/caps-only/cheapest-fast,1641014014,VICTORY,19.4875,11.669722222222225,7.817777777777776,0.2125,2.4238888888888908,4.609444444444444,8,0.8166666666666667,0.0,651,32,6,3878738,"{""1"":0.2125,""2"":1.1630555555555555,""3"":3.9222222222222225,""4"":11.078333333333337,""5"":13.207222222222223,""6"":14.878055555555557}",1
stopping/caps-only/cheapest-fast,4050462610,VICTORY,21.91472222222222,12.318333333333333,9.596388888888887,0.2125,3.26611111111111,6.069166666666664,9,0.8833333333333333,0.0,705,32,6,3128522,"{""1"":0.2125,""2"":0.225,""3"":5.1422222222222205,""4"":11.247777777777777,""5"":14.274444444444445,""6"":15.845555555555556}",1
stopping/caps-only/cheapest-fast,3967680554,VICTORY,14.9575,7.682500000000001,7.274999999999999,0.2125,1.7080555555555554,4.199722222222222,9,0.9333333333333333,0.0,555,32,6,316458,"{""1"":0.2125,""2"":0.225,""3"":3.3033333333333337,""4"":6.757777777777778,""5"":8.994722222222224,""6"":10.757777777777777}",1
stopping/caps-only/insurance-first-fast,3650322235,VICTORY,21.675833333333337,12.818611111111107,8.85722222222223,0.2125,4.157499999999998,7.867500000000009,8,0.85,0.0,737,32,5,1717294,"{""1"":0.22083333333333333,""2"":0.8966666666666666,""3"":4.261388888888888,""4"":10.965277777777773,""5"":13.618888888888883}",1
stopping/caps-only/insurance-first-fast,1314072570,VICTORY,18.640833333333333,9.545555555555556,9.095277777777778,0.2125,1.8713888888888888,8.061944444444446,9,0.9333333333333333,0.0,746,32,5,1544849,"{""1"":0.22083333333333333,""2"":0.5241666666666667,""3"":1.9019444444444447,""4"":7.133611111111111,""5"":10.050555555555555}",1
stopping/caps-only/insurance-first-fast,3141694928,VICTORY,23.702222222222225,12.362500000000004,11.339722222222221,0.2125,2.5847222222222217,8.760277777777777,8,0.8166666666666667,0.0,887,32,5,1094244,"{""1"":0.22083333333333333,""2"":0.5127777777777778,""3"":3.5066666666666664,""4"":10.278611111111111,""5"":14.303333333333338}",1
stopping/caps-only/insurance-first-fast,2663828750,VICTORY,15.633055555555558,7.192777777777778,8.44027777777778,0.2125,1.073333333333333,7.330555555555559,13,1.3,0.0,599,32,5,607702,"{""1"":0.22083333333333333,""2"":0.7469444444444444,""3"":1.938611111111111,""4"":5.725277777777777,""5"":8.188888888888888}",1
stopping/caps-only/insurance-first-fast,2653920563,VICTORY,18.30638888888889,9.29722222222222,9.009166666666669,0.2125,2.503333333333333,7.64166666666667,9,0.9666666666666667,0.0,685,32,5,285089,"{""1"":0.22083333333333333,""2"":0.5063888888888889,""3"":4.519722222222222,""4"":7.66722222222222,""5"":10.308055555555553}",1
stopping/caps-only/insurance-first-fast,223457752,VICTORY,31.223333333333336,22.451111111111118,8.772222222222219,0.2125,3.6236111111111104,8.067777777777769,11,1.0833333333333333,0.0,886,32,5,477976,"{""1"":0.22083333333333333,""2"":0.5272222222222223,""3"":9.351666666666665,""4"":20.243611111111115,""5"":22.91194444444445}",1
stopping/caps-only/insurance-first-fast,1700281391,VICTORY,24.93694444444444,16.14861111111111,8.78833333333333,0.2125,3.664722222222224,7.097222222222217,10,1.0,0.0,744,32,5,303394,"{""1"":0.22083333333333333,""2"":0.5211111111111111,""3"":5.339722222222224,""4"":14.56166666666667,""5"":17.525833333333328}",1
stopping/caps-only/insurance-first-fast,1893754700,VICTORY,21.41527777777777,11.724722222222221,9.69055555555555,0.2125,2.036388888888888,8.589999999999996,11,1.1166666666666667,0.0,784,32,5,1956990,"{""1"":0.22083333333333333,""2"":1.0322222222222224,""3"":2.5927777777777776,""4"":9.652777777777775,""5"":12.551111111111108}",1
stopping/caps-only/insurance-first-fast,2968091073,VICTORY,28.225833333333334,18.25,9.975833333333334,0.4625,3.7075,8.681944444444445,14,1.4,0.0,918,32,5,1072678,"{""1"":1.0927777777777776,""2"":2.0052777777777773,""3"":4.7325,""4"":15.311111111111108,""5"":19.045277777777773}",1
stopping/caps-only/insurance-first-fast,4113983164,HP_DEATH,6.892499999999999,,,0.2125,0.8744444444444445,2.0316666666666654,11,1.1166666666666667,0.0,84,19,3,146,"{""1"":0.22083333333333333,""2"":1.3158333333333332,""3"":3.103333333333333}",1
stopping/caps-only/insurance-first-fast,1979681349,VICTORY,20.7525,11.856666666666671,8.89583333333333,0.2125,2.3288888888888892,7.488333333333332,10,1.0,0.0,721,32,5,140492,"{""1"":0.22083333333333333,""2"":0.5975,""3"":2.2297222222222217,""4"":10.184444444444445,""5"":13.14166666666667}",1
stopping/caps-only/insurance-first-fast,1781900347,VICTORY,17.191666666666666,9.92472222222222,7.266944444444446,0.2125,1.1680555555555554,6.0377777777777775,7,0.7166666666666667,0.0,594,32,5,712349,"{""1"":0.22083333333333333,""2"":0.5152777777777777,""3"":3.100833333333333,""4"":8.62111111111111,""5"":10.98}",1
stopping/caps-only/insurance-first-fast,1435292250,VICTORY,17.247499999999995,8.962499999999999,8.284999999999997,0.55,1.6247222222222215,6.906388888888885,12,1.2166666666666666,0.0,640,32,5,599662,"{""1"":0.5583333333333333,""2"":1.8633333333333333,""3"":3.227222222222222,""4"":7.375277777777777,""5"":10.039166666666665}",1
stopping/caps-only/insurance-first-fast,1641014014,VICTORY,18.454444444444448,10.513055555555557,7.941388888888891,0.2125,1.9422222222222216,7.163055555555555,10,1.0166666666666666,0.0,674,32,5,866032,"{""1"":0.22083333333333333,""2"":0.5130555555555555,""3"":4.523055555555556,""4"":8.474166666666667,""5"":11.077777777777781}",1
stopping/caps-only/insurance-first-fast,4050462610,VICTORY,24.474444444444444,12.609722222222224,11.86472222222222,0.2125,1.791388888888889,9.599999999999996,9,0.9166666666666666,0.0,844,32,5,374674,"{""1"":0.22083333333333333,""2"":2.2,""3"":5.842499999999999,""4"":11.717500000000001,""5"":14.567222222222226}",1
stopping/caps-only/insurance-first-fast,3967680554,VICTORY,17.18138888888889,7.351944444444443,9.829444444444448,0.2125,1.6922222222222223,8.393333333333336,12,1.25,0.0,662,32,5,2121140,"{""1"":0.22083333333333333,""2"":0.8886111111111111,""3"":3.058888888888889,""4"":6.365555555555554,""5"":8.533333333333333}",1
stopping/control/cheapest-fast,3650322235,VICTORY,8.685833333333331,6.044444444444443,2.641388888888888,0.2125,1.4752777777777775,1.0955555555555538,10,1.0333333333333334,0.0,209,32,6,977341,"{""1"":0.2125,""2"":0.9966666666666666,""3"":1.7302777777777778,""4"":5.09,""5"":6.749444444444444,""6"":7.590277777777777}",1
stopping/control/cheapest-fast,1314072570,VICTORY,10.241944444444446,6.579444444444445,3.6625000000000005,0.2125,1.110833333333334,1.6524999999999996,10,1.0666666666666667,0.0,271,32,6,3779104,"{""1"":0.2125,""2"":0.6016666666666666,""3"":2.2902777777777774,""4"":5.4463888888888885,""5"":7.919166666666668,""6"":8.589444444444446}",1
stopping/control/cheapest-fast,3141694928,VICTORY,15.63805555555555,11.906666666666661,3.7313888888888886,0.2125,3.3891666666666667,1.5688888888888888,10,0.9666666666666667,0.0,333,32,6,3385990,"{""1"":0.2125,""2"":3.61,""3"":4.241666666666666,""4"":11.686111111111105,""5"":12.64777777777777,""6"":14.06916666666666}",1
stopping/control/cheapest-fast,2663828750,VICTORY,8.810555555555556,5.415833333333333,3.3947222222222235,0.2125,1.5386111111111107,1.5155555555555555,11,1.1333333333333333,0.0,221,32,6,934071,"{""1"":0.2125,""2"":0.4897222222222222,""3"":1.6855555555555557,""4"":5.415833333333333,""5"":6.586666666666665,""6"":7.295}",1
stopping/control/cheapest-fast,2653920563,VICTORY,13.448888888888888,10.090277777777775,3.358611111111113,0.2125,3.401388888888888,1.4769444444444446,6,0.5666666666666667,0.0,296,32,6,5801649,"{""1"":0.2125,""2"":3.9711111111111106,""3"":4.94861111111111,""4"":9.705277777777775,""5"":11.126388888888886,""6"":11.971944444444443}",1
stopping/control/cheapest-fast,223457752,VICTORY,14.245277777777781,10.073611111111113,4.171666666666669,0.2125,1.638055555555556,1.9908333333333341,10,1.0666666666666667,0.0,328,32,6,7795199,"{""1"":0.2125,""2"":0.5836111111111111,""3"":2.839722222222222,""4"":9.573333333333334,""5"":11.466944444444447,""6"":12.254444444444449}",1
stopping/control/cheapest-fast,1700281391,VICTORY,12.413611111111111,9.948055555555557,2.4655555555555537,0.2125,3.830833333333333,1.2866666666666655,11,1.1666666666666667,0.0,273,32,6,9488570,"{""1"":0.2125,""2"":1.1208333333333333,""3"":2.0855555555555556,""4"":9.48,""5"":10.443055555555556,""6"":11.126944444444444}",1
stopping/control/cheapest-fast,1893754700,VICTORY,9.464444444444442,6.225555555555554,3.238888888888888,0.2125,2.0799999999999987,1.7113888888888888,9,0.9333333333333333,0.0,240,32,6,1267741,"{""1"":0.2125,""2"":1.3858333333333335,""3"":2.3755555555555556,""4"":6.225555555555554,""5"":6.785833333333331,""6"":7.753055555555553}",1
stopping/control/cheapest-fast,2968091073,VICTORY,13.125833333333333,9.406666666666665,3.719166666666668,0.4625,1.8394444444444435,1.7402777777777791,15,1.45,0.0,317,32,6,1807199,"{""1"":1.6608333333333334,""2"":2.474722222222222,""3"":2.9822222222222217,""4"":9.218611111111109,""5"":10.798055555555553,""6"":11.385555555555554}",1
stopping/control/cheapest-fast,4113983164,VICTORY,8.118888888888888,5.111388888888888,3.0075000000000003,0.2125,1.7625,1.6486111111111115,11,1.1,0.0,207,32,6,6516976,"{""1"":0.2125,""2"":0.5025,""3"":1.7791666666666666,""4"":4.812222222222222,""5"":5.766666666666667,""6"":6.470277777777778}",2
stopping/control/cheapest-fast,1979681349,VICTORY,9.899444444444441,7.099722222222222,2.7997222222222193,0.2125,1.2797222222222226,1.4058333333333317,11,1.1166666666666667,0.0,255,32,6,10983901,"{""1"":0.2125,""2"":1.3427777777777776,""3"":3.253888888888889,""4"":6.788888888888889,""5"":7.870277777777776,""6"":8.49361111111111}",2
stopping/control/cheapest-fast,1781900347,VICTORY,11.21861111111111,7.922777777777777,3.2958333333333334,0.2125,1.7783333333333335,1.4161111111111135,12,1.2666666666666666,0.0,255,32,6,13315868,"{""1"":0.2125,""2"":1.465277777777778,""3"":2.8188888888888894,""4"":7.922777777777777,""5"":8.780277777777776,""6"":9.802499999999998}",1
stopping/control/cheapest-fast,1435292250,VICTORY,10.145277777777775,7.653055555555554,2.492222222222221,0.55,1.1161111111111117,1.757499999999999,12,1.15,0.0,261,32,6,1079746,"{""1"":0.55,""2"":1.8941666666666666,""3"":3.623333333333333,""4"":6.286666666666665,""5"":8.046666666666665,""6"":8.387777777777776}",1
stopping/control/cheapest-fast,1641014014,VICTORY,9.394166666666667,5.814722222222222,3.5794444444444453,0.2125,1.183611111111111,1.5722222222222229,9,0.95,0.0,227,32,6,5277834,"{""1"":0.2125,""2"":1.8419444444444442,""3"":2.9375,""4"":5.818888888888889,""5"":6.984166666666666,""6"":7.821944444444443}",1
stopping/control/cheapest-fast,4050462610,VICTORY,13.158055555555558,9.95861111111111,3.199444444444447,0.2125,1.4786111111111115,1.713611111111112,9,0.9833333333333333,0.0,299,32,6,4892597,"{""1"":0.2125,""2"":0.40444444444444444,""3"":3.8266666666666658,""4"":8.980833333333333,""5"":10.555833333333334,""6"":11.444444444444446}",1
stopping/control/cheapest-fast,3967680554,VICTORY,9.436666666666667,6.655833333333334,2.7808333333333337,0.2125,1.5147222222222216,1.5850000000000004,10,1.0166666666666666,0.0,234,32,6,7309337,"{""1"":0.2125,""2"":1.1419444444444444,""3"":3.0450000000000004,""4"":6.335,""5"":7.175,""6"":7.8516666666666675}",1
stopping/control/insurance-first-fast,3650322235,VICTORY,12.166944444444443,8.386388888888886,3.780555555555557,0.2125,1.7788888888888883,2.449444444444443,17,1.7166666666666666,0.0,277,32,5,2609059,"{""1"":0.22083333333333333,""2"":1.5880555555555558,""3"":3.3280555555555558,""4"":7.756666666666665,""5"":9.525277777777777}",1
stopping/control/insurance-first-fast,1314072570,VICTORY,12.765555555555554,7.44861111111111,5.316944444444444,0.2125,1.2677777777777786,3.0413888888888874,8,0.8333333333333334,0.0,354,32,5,2194661,"{""1"":0.22083333333333333,""2"":0.5241666666666667,""3"":3.051388888888889,""4"":7.44861111111111,""5"":9.616944444444444}",1
stopping/control/insurance-first-fast,3141694928,VICTORY,12.343055555555553,8.079166666666666,4.2638888888888875,0.2125,1.4405555555555556,3.252222222222222,10,1.0166666666666666,0.0,334,32,5,3995128,"{""1"":0.22083333333333333,""2"":0.5127777777777778,""3"":2.482222222222222,""4"":8.079166666666666,""5"":8.960555555555553}",1
stopping/control/insurance-first-fast,2663828750,VICTORY,9.475833333333332,5.4097222222222205,4.066111111111112,0.2125,1.139444444444444,2.732777777777778,9,0.9166666666666666,0.0,267,32,5,868101,"{""1"":0.22083333333333333,""2"":0.7469444444444444,""3"":3.3474999999999993,""4"":5.4097222222222205,""5"":6.623611111111109}",1
stopping/control/insurance-first-fast,2653920563,VICTORY,8.477499999999997,5.318888888888889,3.1586111111111084,0.2125,0.8930555555555553,2.272777777777777,9,0.8666666666666667,0.0,231,32,5,3102862,"{""1"":0.22083333333333333,""2"":1.1880555555555554,""3"":3.289722222222222,""4"":4.9875,""5"":6.011666666666666}",1
stopping/control/insurance-first-fast,223457752,VICTORY,15.040555555555557,11.365555555555558,3.674999999999999,0.2125,2.6313888888888908,3.067777777777777,11,1.0833333333333333,0.0,355,32,5,220079,"{""1"":0.22083333333333333,""2"":2.148888888888889,""3"":4.433333333333334,""4"":9.770833333333336,""5"":11.851111111111114}",1
stopping/control/insurance-first-fast,1700281391,VICTORY,11.810555555555556,9.426388888888889,2.384166666666667,0.2125,1.6858333333333348,2.2577777777777763,11,1.1,0.0,279,32,5,1696470,"{""1"":0.22083333333333333,""2"":0.5211111111111111,""3"":1.862777777777778,""4"":7.289444444444447,""5"":9.548611111111112}",1
stopping/control/insurance-first-fast,1893754700,VICTORY,8.93361111111111,5.446666666666666,3.486944444444444,0.2125,0.9172222222222217,3.1566666666666663,13,1.3166666666666667,0.0,265,32,5,6092785,"{""1"":0.22083333333333333,""2"":1.618888888888889,""3"":2.482222222222222,""4"":4.674722222222223,""5"":5.772777777777778}",1
stopping/control/insurance-first-fast,2968091073,VICTORY,19.62138888888888,15.288611111111106,4.332777777777775,0.4625,2.0819444444444457,3.1969444444444415,14,1.4,0.0,420,32,5,2804463,"{""1"":1.0927777777777776,""2"":2.398333333333333,""3"":6.100833333333332,""4"":14.370555555555551,""5"":15.940555555555552}",1
stopping/control/insurance-first-fast,4113983164,VICTORY,10.068611111111107,6.0424999999999995,4.026111111111107,0.2125,0.9219444444444453,2.864999999999999,9,0.9333333333333333,0.0,265,32,5,2934432,"{""1"":0.22083333333333333,""2"":1.3158333333333332,""3"":3.458055555555555,""4"":6.0424999999999995,""5"":6.931388888888887}",1
stopping/control/insurance-first-fast,1979681349,VICTORY,8.886944444444444,5.9702777777777785,2.916666666666665,0.2125,1.0386111111111112,2.2683333333333318,11,1.1,0.0,230,32,5,3236136,"{""1"":0.22083333333333333,""2"":0.8497222222222223,""3"":2.248888888888889,""4"":5.868055555555556,""5"":6.614444444444445}",1
stopping/control/insurance-first-fast,1781900347,VICTORY,9.800833333333333,6.446944444444444,3.353888888888889,0.2125,2.250555555555556,2.0644444444444434,9,0.9,0.0,256,32,5,3723519,"{""1"":0.22083333333333333,""2"":0.5152777777777777,""3"":1.781388888888889,""4"":6.240277777777778,""5"":7.321388888888889}",1
stopping/control/insurance-first-fast,1435292250,VICTORY,12.15388888888889,7.206111111111111,4.9477777777777785,0.55,1.3955555555555554,3.068055555555556,18,1.8333333333333333,0.0,309,32,5,1203387,"{""1"":0.5583333333333333,""2"":1.8633333333333333,""3"":4.988611111111111,""4"":7.214444444444444,""5"":9.081666666666667}",1
stopping/control/insurance-first-fast,1641014014,VICTORY,11.020555555555557,8.049444444444447,2.97111111111111,0.2125,1.4869444444444446,1.9416666666666667,8,0.8166666666666667,0.0,285,32,5,767748,"{""1"":0.22083333333333333,""2"":1.1458333333333333,""3"":4.309444444444446,""4"":7.409722222222225,""5"":8.770833333333336}",1
stopping/control/insurance-first-fast,4050462610,VICTORY,13.695555555555558,9.856666666666667,3.8388888888888903,0.2125,1.791388888888889,2.8975000000000004,10,1.05,0.0,329,32,5,4123743,"{""1"":0.22083333333333333,""2"":3.1430555555555553,""3"":4.550277777777778,""4"":9.665555555555557,""5"":10.150000000000002}",1
stopping/control/insurance-first-fast,3967680554,VICTORY,9.801388888888887,6.331666666666666,3.469722222222221,0.2125,1.506388888888888,2.662499999999999,10,1.0666666666666667,0.0,268,32,5,760404,"{""1"":0.22083333333333333,""2"":2.2144444444444447,""3"":3.6525000000000003,""4"":5.6433333333333335,""5"":7.134722222222222}",1
stopping/coupled/cheapest-fast,3650322235,VICTORY,16.215000000000007,9.634722222222223,6.580277777777784,0.2125,1.9138888888888885,4.7902777777777805,6,0.65,0.0,542,32,6,3148191,"{""1"":0.2125,""2"":0.9966666666666666,""3"":4.608055555555556,""4"":8.528333333333334,""5"":10.270555555555555,""6"":11.061111111111112}",1
stopping/coupled/cheapest-fast,1314072570,VICTORY,15.616944444444442,9.26138888888889,6.3555555555555525,0.2125,2.1044444444444452,4.736944444444443,7,0.7666666666666667,0.0,522,32,6,2936661,"{""1"":0.2125,""2"":1.7963888888888888,""3"":6.423333333333334,""4"":7.329722222222222,""5"":9.269722222222223,""6"":10.695277777777777}",1
stopping/coupled/cheapest-fast,3141694928,VICTORY,20.587499999999988,12.81972222222222,7.767777777777768,0.2125,3.3891666666666667,5.929999999999992,6,0.5666666666666667,0.0,655,32,6,7941,"{""1"":0.2125,""2"":3.7266666666666666,""3"":9.622777777777777,""4"":10.469444444444443,""5"":13.580833333333329,""6"":14.45472222222222}",1
stopping/coupled/cheapest-fast,2663828750,VICTORY,12.097777777777777,6.352777777777776,5.745000000000001,0.2125,1.0933333333333328,4.904722222222223,7,0.75,0.0,487,32,6,1218073,"{""1"":0.2125,""2"":0.4938888888888889,""3"":3.2816666666666663,""4"":4.182777777777777,""5"":6.352777777777776,""6"":6.895833333333332}",1
stopping/coupled/cheapest-fast,2653920563,VICTORY,17.71222222222222,11.969722222222224,5.742499999999996,0.2125,3.401388888888888,4.610277777777774,5,0.48333333333333334,0.0,566,32,6,1940708,"{""1"":0.2125,""2"":3.9711111111111106,""3"":7.055277777777777,""4"":11.043611111111112,""5"":12.07,""6"":12.890555555555556}",1
stopping/coupled/cheapest-fast,223457752,VICTORY,17.916388888888893,11.771666666666672,6.144722222222221,0.2125,2.4674999999999994,5.24083333333333,8,0.85,0.0,612,32,6,2953280,"{""1"":0.2125,""2"":0.7294444444444445,""3"":4.4588888888888905,""4"":9.447222222222225,""5"":11.66166666666667,""6"":12.212500000000006}",1
stopping/coupled/cheapest-fast,1700281391,VICTORY,18.20916666666666,12.828888888888883,5.380277777777778,0.2125,3.2997222222222207,3.811388888888886,8,0.8166666666666667,0.0,519,32,6,1560599,"{""1"":0.2125,""2"":1.4688888888888887,""3"":6.518888888888889,""4"":11.446388888888889,""5"":12.837222222222216,""6"":14.144166666666665}",1
stopping/coupled/cheapest-fast,1893754700,VICTORY,14.22055555555556,9.120555555555557,5.100000000000003,0.2125,1.5974999999999995,4.166111111111113,6,0.6666666666666666,0.0,482,32,6,1445740,"{""1"":0.2125,""2"":1.3858333333333335,""3"":6.211944444444444,""4"":7.265,""5"":8.833055555555555,""6"":9.702222222222224}",1
stopping/coupled/cheapest-fast,2968091073,VICTORY,21.741944444444446,15.939999999999998,5.801944444444448,0.4625,4.0819444444444475,4.900555555555557,15,1.4833333333333334,0.0,643,32,6,2353190,"{""1"":1.6608333333333334,""2"":2.474722222222222,""3"":10.215833333333336,""4"":13.077500000000002,""5"":15.748055555555554,""6"":16.551388888888887}",1
stopping/coupled/cheapest-fast,4113983164,VICTORY,17.525277777777774,10.840277777777777,6.684999999999997,0.2125,3.4494444444444436,5.235277777777776,7,0.7,0.0,581,32,6,1450970,"{""1"":0.2125,""2"":0.5025,""3"":4.129722222222222,""4"":8.899722222222222,""5"":10.844444444444443,""6"":11.813888888888888}",1
stopping/coupled/cheapest-fast,1979681349,VICTORY,17.98166666666667,12.276666666666667,5.705000000000002,0.2125,3.1041666666666687,5.040277777777779,9,0.95,0.0,545,32,6,544857,"{""1"":0.2125,""2"":1.7094444444444443,""3"":7.762500000000001,""4"":10.036111111111113,""5"":12.100555555555555,""6"":12.641111111111112}",1
stopping/coupled/cheapest-fast,1781900347,VICTORY,17.051944444444445,11.20888888888889,5.843055555555555,0.2125,2.174166666666667,5.179999999999999,7,0.75,0.0,547,32,6,4208250,"{""1"":0.2125,""2"":2.0452777777777778,""3"":6.106944444444445,""4"":8.953611111111112,""5"":11.20888888888889,""6"":11.60888888888889}",1
stopping/coupled/cheapest-fast,1435292250,VICTORY,13.224166666666665,7.666388888888888,5.557777777777777,0.55,0.9033333333333334,4.519444444444444,13,1.2833333333333334,0.0,460,32,6,931868,"{""1"":0.55,""2"":1.8941666666666666,""3"":4.185833333333333,""4"":6.000277777777779,""5"":7.451388888888888,""6"":8.436666666666666}",1
stopping/coupled/cheapest-fast,1641014014,VICTORY,14.225555555555557,9.214166666666669,5.011388888888888,0.2125,1.5877777777777795,4.473888888888886,6,0.6166666666666667,0.0,482,32,6,556296,"{""1"":0.2125,""2"":1.8419444444444442,""3"":4.203333333333334,""4"":5.762777777777779,""5"":8.614722222222223,""6"":9.636666666666672}",1
stopping/coupled/cheapest-fast,4050462610,VICTORY,14.35722222222222,7.788888888888887,6.5683333333333325,0.2125,2.6616666666666666,5.186666666666667,8,0.8166666666666667,0.0,540,32,6,1673556,"{""1"":0.2125,""2"":0.5169444444444444,""3"":4.788055555555555,""4"":6.440833333333332,""5"":7.801388888888886,""6"":9.001388888888888}",1
stopping/coupled/cheapest-fast,3967680554,VICTORY,13.809722222222222,8.37138888888889,5.438333333333333,0.2125,1.5880555555555547,4.634999999999999,6,0.6666666666666666,0.0,431,32,6,2897901,"{""1"":0.2125,""2"":2.3713888888888883,""3"":4.012222222222222,""4"":6.417222222222222,""5"":8.375555555555556,""6"":8.854166666666666}",1
stopping/coupled/insurance-first-fast,3650322235,VICTORY,18.83222222222223,9.511666666666667,9.320555555555565,0.2125,1.5902777777777781,8.547222222222228,13,1.3166666666666667,0.0,708,32,5,2512507,"{""1"":0.22083333333333333,""2"":1.5880555555555558,""3"":6.1525,""4"":8.781944444444445,""5"":9.520000000000001}",1
stopping/coupled/insurance-first-fast,1314072570,VICTORY,15.29916666666667,7.124166666666668,8.175,0.2125,1.1677777777777782,7.495555555555556,9,0.8833333333333333,0.0,649,32,5,219668,"{""1"":0.22083333333333333,""2"":0.6783333333333333,""3"":3.473611111111111,""4"":5.719444444444446,""5"":7.33277777777778}",1
stopping/coupled/insurance-first-fast,3141694928,VICTORY,25.873611111111106,16.81611111111111,9.057499999999997,0.2125,4.198888888888888,8.670555555555552,8,0.8166666666666667,0.0,885,32,5,1007638,"{""1"":0.22083333333333333,""2"":0.6669444444444445,""3"":10.645555555555553,""4"":14.611944444444445,""5"":16.713888888888885}",1
stopping/coupled/insurance-first-fast,2663828750,VICTORY,16.726111111111113,9.400555555555554,7.3255555555555585,0.2125,1.4841666666666677,7.078611111111114,12,1.2166666666666666,0.0,599,32,5,1255487,"{""1"":0.22083333333333333,""2"":0.8427777777777777,""3"":4.347777777777778,""4"":7.8036111111111115,""5"":9.530833333333332}",1
stopping/coupled/insurance-first-fast,2653920563,VICTORY,16.178333333333338,8.367500000000001,7.810833333333337,0.2125,1.6563888888888887,7.539166666666669,8,0.7666666666666667,0.0,660,32,5,794968,"{""1"":0.22083333333333333,""2"":1.1880555555555554,""3"":4.0986111111111105,""4"":6.579444444444444,""5"":8.367500000000001}",1
stopping/coupled/insurance-first-fast,223457752,VICTORY,19.977222222222224,11.538333333333336,8.438888888888888,0.2125,2.872222222222224,8.176666666666666,12,1.2166666666666666,0.0,777,32,5,1435189,"{""1"":0.22083333333333333,""2"":2.148888888888889,""3"":4.777777777777778,""4"":8.572222222222225,""5"":11.354444444444448}",1
stopping/coupled/insurance-first-fast,1700281391,VICTORY,20.44194444444445,12.892777777777782,7.549166666666666,0.2125,2.583611111111111,7.540833333333333,8,0.8,0.0,740,32,5,668186,"{""1"":0.22083333333333333,""2"":0.6752777777777778,""3"":6.315833333333333,""4"":10.7325,""5"":12.57805555555556}",1
stopping/coupled/insurance-first-fast,1893754700,VICTORY,16.446944444444444,8.578888888888885,7.868055555555559,0.2125,2.166111111111111,7.491666666666669,11,1.1333333333333333,0.0,605,32,5,497848,"{""1"":0.22083333333333333,""2"":1.618888888888889,""3"":3.1430555555555553,""4"":7.369722222222221,""5"":8.578888888888885}",1
stopping/coupled/insurance-first-fast,2968091073,VICTORY,24.906388888888895,14.31,10.596388888888894,0.4625,3.2377777777777803,9.873888888888894,14,1.3666666666666667,0.0,878,32,5,832873,"{""1"":1.0927777777777776,""2"":2.398333333333333,""3"":10.876111111111113,""4"":13.603055555555557,""5"":14.318333333333333}",1
stopping/coupled/insurance-first-fast,4113983164,VICTORY,20.67527777777777,11.965555555555552,8.709722222222217,0.2125,4.082499999999999,8.70555555555555,11,1.1166666666666667,0.0,740,32,5,1402335,"{""1"":0.22083333333333333,""2"":1.4699999999999998,""3"":4.760833333333333,""4"":9.896666666666665,""5"":11.744999999999997}",2
stopping/coupled/insurance-first-fast,1979681349,VICTORY,17.72833333333334,10.08138888888889,7.646944444444449,0.2125,1.515833333333334,7.4425000000000034,10,1.0,0.0,669,32,5,1979731,"{""1"":0.22083333333333333,""2"":0.8497222222222223,""3"":3.2797222222222215,""4"":7.5294444444444455,""5"":10.085555555555556}",1
stopping/coupled/insurance-first-fast,1781900347,VICTORY,14.726666666666668,7.538055555555557,7.188611111111111,0.2125,1.1413888888888901,6.189166666666669,9,0.9,0.0,580,32,5,1114964,"{""1"":0.22083333333333333,""2"":1.0158333333333334,""3"":4.272222222222223,""4"":5.95027777777778,""5"":7.659166666666668}",1
stopping/coupled/insurance-first-fast,1435292250,VICTORY,16.2975,8.472500000000002,7.8249999999999975,0.55,1.2966666666666666,7.27944444444444,14,1.4166666666666667,0.0,614,32,5,828164,"{""1"":0.5583333333333333,""2"":2.013333333333333,""3"":4.5058333333333325,""4"":6.2941666666666665,""5"":8.472500000000002}",1
stopping/coupled/insurance-first-fast,1641014014,VICTORY,19.173055555555557,11.469722222222224,7.703333333333333,0.2125,2.4286111111111106,7.699166666666668,8,0.8333333333333334,0.0,676,32,5,1163707,"{""1"":0.22083333333333333,""2"":1.1458333333333333,""3"":6.101388888888889,""4"":10.212222222222222,""5"":11.241111111111111}",1
stopping/coupled/insurance-first-fast,4050462610,VICTORY,23.175277777777783,12.411388888888894,10.76388888888889,0.2125,1.791388888888889,9.50388888888889,10,1.0833333333333333,0.0,814,32,5,1090306,"{""1"":0.22083333333333333,""2"":3.1430555555555553,""3"":10.513333333333337,""4"":11.806388888888893,""5"":13.16555555555556}",1
stopping/coupled/insurance-first-fast,3967680554,VICTORY,18.60666666666667,9.225833333333332,9.380833333333337,0.2125,1.3755555555555545,8.88777777777778,8,0.8666666666666667,0.0,731,32,5,2037202,"{""1"":0.22083333333333333,""2"":2.2144444444444447,""3"":5.564722222222221,""4"":7.771944444444443,""5"":8.977222222222222}",1
