group,seed,outcome,minutes,work,drops,purchases,cutoffReached,longestInternalGapMinutes,lastPurchaseMinutes,afterLastPurchaseMinutes,millionToFinishMinutes,milestones,finalLevels
holdout/control/cheapest-stop-32-fast,3897273837,VICTORY,9.458611111111114,13,218,32,True,1.4283333333333341,7.910000000000002,1.5486111111111123,3.4122222222222245,"{""100000"":2.8808333333333334,""1000000"":6.04638888888889,""10000000"":7.910000000000002}","{""plinkoCenterLevel"":2,""plinkoMidLevel"":3,""plinkoJackpotLevel"":3,""plinkoAmplifierLevel"":4,""plinkoReturnLevel"":3,""plinkoSplitterLevel"":4,""plinkoJackpotBiasLevel"":4,""plinkoMaxBetLevel"":6,""plinkoCapacityLevel"":3,""plinkoInsuranceLevel"":0}"
holdout/control/cheapest-stop-32-fast,2426331668,VICTORY,9.637222222222222,11,233,32,True,1.3061111111111108,7.817222222222223,1.8199999999999998,3.021111111111111,"{""100000"":4.164722222222222,""1000000"":6.6161111111111115,""10000000"":8.092777777777778}","{""plinkoCenterLevel"":2,""plinkoMidLevel"":3,""plinkoJackpotLevel"":3,""plinkoAmplifierLevel"":4,""plinkoReturnLevel"":3,""plinkoSplitterLevel"":4,""plinkoJackpotBiasLevel"":4,""plinkoMaxBetLevel"":6,""plinkoCapacityLevel"":3,""plinkoInsuranceLevel"":0}"
holdout/control/cheapest-stop-32-fast,1039263005,VICTORY,9.345,14,210,32,True,1.4380555555555554,7.864722222222222,1.4802777777777787,3.0505555555555572,"{""100000"":5.7325,""1000000"":6.294444444444443,""10000000"":7.864722222222222}","{""plinkoCenterLevel"":2,""plinkoMidLevel"":3,""plinkoJackpotLevel"":3,""plinkoAmplifierLevel"":4,""plinkoReturnLevel"":3,""plinkoSplitterLevel"":4,""plinkoJackpotBiasLevel"":4,""plinkoMaxBetLevel"":6,""plinkoCapacityLevel"":3,""plinkoInsuranceLevel"":0}"
holdout/control/cheapest-stop-32-fast,151507902,VICTORY,10.845555555555556,7,299,32,True,2.2519444444444434,8.848333333333334,1.997222222222221,3.9258333333333333,"{""100000"":1.9219444444444445,""1000000"":6.919722222222223,""10000000"":9.136111111111113}","{""plinkoCenterLevel"":2,""plinkoMidLevel"":3,""plinkoJackpotLevel"":3,""plinkoAmplifierLevel"":4,""plinkoReturnLevel"":3,""plinkoSplitterLevel"":4,""plinkoJackpotBiasLevel"":4,""plinkoMaxBetLevel"":6,""plinkoCapacityLevel"":3,""plinkoInsuranceLevel"":0}"
holdout/control/cheapest-stop-32-fast,3434515818,VICTORY,10.019166666666667,9,242,32,True,2.0533333333333332,8.240277777777777,1.7788888888888892,2.6402777777777775,"{""100000"":5.5874999999999995,""1000000"":7.3788888888888895,""10000000"":7.833333333333333}","{""plinkoCenterLevel"":2,""plinkoMidLevel"":3,""plinkoJackpotLevel"":3,""plinkoAmplifierLevel"":4,""plinkoReturnLevel"":3,""plinkoSplitterLevel"":4,""plinkoJackpotBiasLevel"":4,""plinkoMaxBetLevel"":6,""plinkoCapacityLevel"":3,""plinkoInsuranceLevel"":0}"
holdout/control/cheapest-stop-32-fast,2746961660,VICTORY,9.93722222222222,8,256,32,True,1.7908333333333326,8.868888888888886,1.0683333333333318,2.5841666666666656,"{""100000"":3.3061111111111106,""1000000"":7.353055555555554,""10000000"":9.47222222222222}","{""plinkoCenterLevel"":2,""plinkoMidLevel"":3,""plinkoJackpotLevel"":3,""plinkoAmplifierLevel"":4,""plinkoReturnLevel"":3,""plinkoSplitterLevel"":4,""plinkoJackpotBiasLevel"":4,""plinkoMaxBetLevel"":6,""plinkoCapacityLevel"":3,""plinkoInsuranceLevel"":0}"
holdout/control/cheapest-stop-32-fast,2417627433,VICTORY,12.348611111111113,12,271,32,True,1.7777777777777777,10.352500000000001,1.996111111111111,3.485000000000001,"{""100000"":7.513611111111112,""1000000"":8.863611111111112,""10000000"":11.20138888888889}","{""plinkoCenterLevel"":2,""plinkoMidLevel"":3,""plinkoJackpotLevel"":3,""plinkoAmplifierLevel"":4,""plinkoReturnLevel"":3,""plinkoSplitterLevel"":4,""plinkoJackpotBiasLevel"":4,""plinkoMaxBetLevel"":6,""plinkoCapacityLevel"":3,""plinkoInsuranceLevel"":0}"
holdout/control/cheapest-stop-32-fast,1947903889,VICTORY,10.607777777777779,13,239,32,True,1.3336111111111109,8.965833333333334,1.6419444444444442,3.161944444444445,"{""100000"":3.8552777777777782,""1000000"":7.445833333333334,""10000000"":9.686944444444444}","{""plinkoCenterLevel"":2,""plinkoMidLevel"":3,""plinkoJackpotLevel"":3,""plinkoAmplifierLevel"":4,""plinkoReturnLevel"":3,""plinkoSplitterLevel"":4,""plinkoJackpotBiasLevel"":4,""plinkoMaxBetLevel"":6,""plinkoCapacityLevel"":3,""plinkoInsuranceLevel"":0}"
holdout/control/cheapest-stop-32-fast,4209997488,VICTORY,9.426944444444445,7,196,32,True,2.2525000000000004,8.397222222222222,1.0297222222222218,2.496944444444443,"{""100000"":4.083611111111112,""1000000"":6.9300000000000015,""10000000"":8.688333333333333}","{""plinkoCenterLevel"":2,""plinkoMidLevel"":3,""plinkoJackpotLevel"":3,""plinkoAmplifierLevel"":4,""plinkoReturnLevel"":3,""plinkoSplitterLevel"":4,""plinkoJackpotBiasLevel"":4,""plinkoMaxBetLevel"":6,""plinkoCapacityLevel"":3,""plinkoInsuranceLevel"":0}"
holdout/control/cheapest-stop-32-fast,3563542517,VICTORY,16.41333333333334,19,299,32,True,2.5972222222222223,14.781666666666673,1.6316666666666682,2.8122222222222213,"{""100000"":11.920277777777782,""1000000"":13.60111111111112,""10000000"":14.777500000000007}","{""plinkoCenterLevel"":2,""plinkoMidLevel"":3,""plinkoJackpotLevel"":3,""plinkoAmplifierLevel"":4,""plinkoReturnLevel"":3,""plinkoSplitterLevel"":4,""plinkoJackpotBiasLevel"":4,""plinkoMaxBetLevel"":6,""plinkoCapacityLevel"":3,""plinkoInsuranceLevel"":0}"
holdout/control/cheapest-stop-32-fast,3154847900,VICTORY,5.352222222222223,4,174,32,True,0.9030555555555556,4.008333333333334,1.3438888888888891,2.7025000000000006,"{""100000"":2.2222222222222223,""1000000"":2.6497222222222225,""10000000"":4.655833333333334}","{""plinkoCenterLevel"":2,""plinkoMidLevel"":3,""plinkoJackpotLevel"":3,""plinkoAmplifierLevel"":4,""plinkoReturnLevel"":3,""plinkoSplitterLevel"":4,""plinkoJackpotBiasLevel"":4,""plinkoMaxBetLevel"":6,""plinkoCapacityLevel"":3,""plinkoInsuranceLevel"":0}"
holdout/control/cheapest-stop-32-fast,2282813976,VICTORY,11.447500000000002,13,283,32,True,2.326944444444446,9.614444444444446,1.8330555555555559,3.174444444444445,"{""100000"":6.504166666666667,""1000000"":8.273055555555556,""10000000"":10.51416666666667}","{""plinkoCenterLevel"":2,""plinkoMidLevel"":3,""plinkoJackpotLevel"":3,""plinkoAmplifierLevel"":4,""plinkoReturnLevel"":3,""plinkoSplitterLevel"":4,""plinkoJackpotBiasLevel"":4,""plinkoMaxBetLevel"":6,""plinkoCapacityLevel"":3,""plinkoInsuranceLevel"":0}"
holdout/control/cheapest-stop-32-fast,30059959,VICTORY,7.562222222222221,12,184,32,True,0.816111111111111,5.914722222222222,1.6474999999999995,2.8836111111111107,"{""100000"":4.190277777777777,""1000000"":4.678611111111111,""10000000"":5.914722222222222}","{""plinkoCenterLevel"":2,""plinkoMidLevel"":3,""plinkoJackpotLevel"":3,""plinkoAmplifierLevel"":4,""plinkoReturnLevel"":3,""plinkoSplitterLevel"":4,""plinkoJackpotBiasLevel"":4,""plinkoMaxBetLevel"":6,""plinkoCapacityLevel"":3,""plinkoInsuranceLevel"":0}"
holdout/control/cheapest-stop-32-fast,2673680178,VICTORY,13.41722222222222,11,275,32,True,2.669444444444443,12.312222222222221,1.1049999999999993,2.757777777777777,"{""100000"":8.99944444444444,""1000000"":10.659444444444443,""10000000"":13.05611111111111}","{""plinkoCenterLevel"":2,""plinkoMidLevel"":3,""plinkoJackpotLevel"":3,""plinkoAmplifierLevel"":4,""plinkoReturnLevel"":3,""plinkoSplitterLevel"":4,""plinkoJackpotBiasLevel"":4,""plinkoMaxBetLevel"":6,""plinkoCapacityLevel"":3,""plinkoInsuranceLevel"":0}"
holdout/control/cheapest-stop-32-fast,1743195454,VICTORY,11.16194444444445,9,251,32,True,1.4924999999999997,9.791111111111116,1.3708333333333333,2.6388888888888893,"{""100000"":6.2263888888888905,""1000000"":8.52305555555556,""10000000"":10.287222222222226}","{""plinkoCenterLevel"":2,""plinkoMidLevel"":3,""plinkoJackpotLevel"":3,""plinkoAmplifierLevel"":4,""plinkoReturnLevel"":3,""plinkoSplitterLevel"":4,""plinkoJackpotBiasLevel"":4,""plinkoMaxBetLevel"":6,""plinkoCapacityLevel"":3,""plinkoInsuranceLevel"":0}"
holdout/control/cheapest-stop-32-fast,1187533348,VICTORY,10.461944444444446,8,242,32,True,1.9797222222222213,9.30861111111111,1.153333333333336,2.5755555555555576,"{""100000"":6.838888888888888,""1000000"":7.886388888888889,""10000000"":9.566944444444443}","{""plinkoCenterLevel"":2,""plinkoMidLevel"":3,""plinkoJackpotLevel"":3,""plinkoAmplifierLevel"":4,""plinkoReturnLevel"":3,""plinkoSplitterLevel"":4,""plinkoJackpotBiasLevel"":4,""plinkoMaxBetLevel"":6,""plinkoCapacityLevel"":3,""plinkoInsuranceLevel"":0}"
holdout/control/cheapest-stop-32-fast,787554971,VICTORY,7.222222222222222,9,162,32,True,0.9122222222222225,5.971666666666666,1.250555555555556,1.8224999999999998,"{""100000"":3.417222222222222,""1000000"":5.3997222222222225,""10000000"":5.770277777777777}","{""plinkoCenterLevel"":2,""plinkoMidLevel"":3,""plinkoJackpotLevel"":3,""plinkoAmplifierLevel"":4,""plinkoReturnLevel"":3,""plinkoSplitterLevel"":4,""plinkoJackpotBiasLevel"":4,""plinkoMaxBetLevel"":6,""plinkoCapacityLevel"":3,""plinkoInsuranceLevel"":0}"
holdout/control/cheapest-stop-32-fast,3156266306,VICTORY,12.058611111111109,11,290,32,True,2.74361111111111,10.400277777777777,1.6583333333333314,3.830555555555552,"{""100000"":6.572500000000001,""1000000"":8.228055555555557,""10000000"":10.665833333333332}","{""plinkoCenterLevel"":2,""plinkoMidLevel"":3,""plinkoJackpotLevel"":3,""plinkoAmplifierLevel"":4,""plinkoReturnLevel"":3,""plinkoSplitterLevel"":4,""plinkoJackpotBiasLevel"":4,""plinkoMaxBetLevel"":6,""plinkoCapacityLevel"":3,""plinkoInsuranceLevel"":0}"
holdout/control/cheapest-stop-32-fast,449240800,VICTORY,12.381944444444448,8,292,32,True,2.5619444444444457,10.02555555555556,2.3563888888888886,3.4141666666666683,"{""100000"":8.003333333333336,""1000000"":8.96777777777778,""10000000"":10.02555555555556}","{""plinkoCenterLevel"":2,""plinkoMidLevel"":3,""plinkoJackpotLevel"":3,""plinkoAmplifierLevel"":4,""plinkoReturnLevel"":3,""plinkoSplitterLevel"":4,""plinkoJackpotBiasLevel"":4,""plinkoMaxBetLevel"":6,""plinkoCapacityLevel"":3,""plinkoInsuranceLevel"":0}"
holdout/control/cheapest-stop-32-fast,1014232512,VICTORY,10.560555555555554,10,235,32,True,1.0463888888888893,9.411111111111108,1.149444444444445,2.8633333333333333,"{""100000"":6.007499999999999,""1000000"":7.697222222222221,""10000000"":9.749999999999996}","{""plinkoCenterLevel"":2,""plinkoMidLevel"":3,""plinkoJackpotLevel"":3,""plinkoAmplifierLevel"":4,""plinkoReturnLevel"":3,""plinkoSplitterLevel"":4,""plinkoJackpotBiasLevel"":4,""plinkoMaxBetLevel"":6,""plinkoCapacityLevel"":3,""plinkoInsuranceLevel"":0}"
holdout/control/cheapest-stop-32-fast,46504585,VICTORY,9.666111111111109,10,227,32,True,1.6336111111111105,8.331944444444442,1.3341666666666658,3.1913888888888877,"{""100000"":2.6380555555555554,""1000000"":6.474722222222221,""10000000"":8.683888888888886}","{""plinkoCenterLevel"":2,""plinkoMidLevel"":3,""plinkoJackpotLevel"":3,""plinkoAmplifierLevel"":4,""plinkoReturnLevel"":3,""plinkoSplitterLevel"":4,""plinkoJackpotBiasLevel"":4,""plinkoMaxBetLevel"":6,""plinkoCapacityLevel"":3,""plinkoInsuranceLevel"":0}"
holdout/control/cheapest-stop-32-fast,1402300743,VICTORY,9.168055555555554,9,261,32,True,1.6311111111111116,7.292222222222221,1.8758333333333335,3.8408333333333324,"{""100000"":2.352222222222222,""1000000"":5.327222222222222,""10000000"":7.715555555555554}","{""plinkoCenterLevel"":2,""plinkoMidLevel"":3,""plinkoJackpotLevel"":3,""plinkoAmplifierLevel"":4,""plinkoReturnLevel"":3,""plinkoSplitterLevel"":4,""plinkoJackpotBiasLevel"":4,""plinkoMaxBetLevel"":6,""plinkoCapacityLevel"":3,""plinkoInsuranceLevel"":0}"
holdout/control/cheapest-stop-32-fast,3245164579,VICTORY,9.688055555555556,10,244,32,True,1.3861111111111108,7.92,1.7680555555555553,3.7808333333333337,"{""100000"":4.6802777777777775,""1000000"":5.907222222222222,""10000000"":7.92}","{""plinkoCenterLevel"":2,""plinkoMidLevel"":3,""plinkoJackpotLevel"":3,""plinkoAmplifierLevel"":4,""plinkoReturnLevel"":3,""plinkoSplitterLevel"":4,""plinkoJackpotBiasLevel"":4,""plinkoMaxBetLevel"":6,""plinkoCapacityLevel"":3,""plinkoInsuranceLevel"":0}"
holdout/control/cheapest-stop-32-fast,613989366,VICTORY,11.543333333333335,7,254,32,True,2.88027777777778,10.09638888888889,1.4469444444444453,2.6594444444444463,"{""100000"":7.443888888888891,""1000000"":8.883888888888889,""10000000"":10.53527777777778}","{""plinkoCenterLevel"":2,""plinkoMidLevel"":3,""plinkoJackpotLevel"":3,""plinkoAmplifierLevel"":4,""plinkoReturnLevel"":3,""plinkoSplitterLevel"":4,""plinkoJackpotBiasLevel"":4,""plinkoMaxBetLevel"":6,""plinkoCapacityLevel"":3,""plinkoInsuranceLevel"":0}"
holdout/control/cheapest-stop-none-fast,3897273837,VICTORY,9.321944444444448,13,207,35,False,1.4283333333333341,8.586944444444446,0.7350000000000004,3.2755555555555578,"{""100000"":2.8808333333333334,""1000000"":6.04638888888889,""10000000"":7.910000000000002}","{""plinkoCenterLevel"":2,""plinkoMidLevel"":3,""plinkoJackpotLevel"":3,""plinkoAmplifierLevel"":5,""plinkoReturnLevel"":4,""plinkoSplitterLevel"":5,""plinkoJackpotBiasLevel"":4,""plinkoMaxBetLevel"":6,""plinkoCapacityLevel"":3,""plinkoInsuranceLevel"":0}"
holdout/control/cheapest-stop-none-fast,2426331668,VICTORY,9.554444444444444,11,215,35,False,1.3061111111111108,8.590277777777779,0.9641666666666652,2.9383333333333326,"{""100000"":4.164722222222222,""1000000"":6.6161111111111115,""10000000"":8.077222222222224}","{""plinkoCenterLevel"":2,""plinkoMidLevel"":3,""plinkoJackpotLevel"":3,""plinkoAmplifierLevel"":5,""plinkoReturnLevel"":4,""plinkoSplitterLevel"":5,""plinkoJackpotBiasLevel"":4,""plinkoMaxBetLevel"":6,""plinkoCapacityLevel"":3,""plinkoInsuranceLevel"":0}"
holdout/control/cheapest-stop-none-fast,1039263005,VICTORY,9.851944444444445,14,231,35,False,1.4380555555555554,8.376111111111111,1.4758333333333336,3.557500000000002,"{""100000"":5.7325,""1000000"":6.294444444444443,""10000000"":7.864722222222222}","{""plinkoCenterLevel"":2,""plinkoMidLevel"":3,""plinkoJackpotLevel"":3,""plinkoAmplifierLevel"":5,""plinkoReturnLevel"":4,""plinkoSplitterLevel"":5,""plinkoJackpotBiasLevel"":4,""plinkoMaxBetLevel"":6,""plinkoCapacityLevel"":3,""plinkoInsuranceLevel"":0}"
holdout/control/cheapest-stop-none-fast,151507902,VICTORY,11.140000000000002,7,303,35,False,2.2519444444444434,9.825833333333334,1.3141666666666671,4.220277777777779,"{""100000"":1.9219444444444445,""1000000"":6.919722222222223,""10000000"":9.136111111111113}","{""plinkoCenterLevel"":2,""plinkoMidLevel"":3,""plinkoJackpotLevel"":3,""plinkoAmplifierLevel"":5,""plinkoReturnLevel"":4,""plinkoSplitterLevel"":5,""plinkoJackpotBiasLevel"":4,""plinkoMaxBetLevel"":6,""plinkoCapacityLevel"":3,""plinkoInsuranceLevel"":0}"
holdout/control/cheapest-stop-none-fast,3434515818,VICTORY,9.9025,9,228,35,False,2.0533333333333332,8.938888888888888,0.963611111111112,2.5236111111111104,"{""100000"":5.5874999999999995,""1000000"":7.3788888888888895,""10000000"":7.833333333333333}","{""plinkoCenterLevel"":2,""plinkoMidLevel"":3,""plinkoJackpotLevel"":3,""plinkoAmplifierLevel"":5,""plinkoReturnLevel"":4,""plinkoSplitterLevel"":5,""plinkoJackpotBiasLevel"":4,""plinkoMaxBetLevel"":6,""plinkoCapacityLevel"":3,""plinkoInsuranceLevel"":0}"
holdout/control/cheapest-stop-none-fast,2746961660,VICTORY,10.755555555555553,8,290,35,False,1.7908333333333326,9.70555555555555,1.0500000000000018,3.402499999999999,"{""100000"":3.3061111111111106,""1000000"":7.353055555555554,""10000000"":9.086944444444441}","{""plinkoCenterLevel"":2,""plinkoMidLevel"":3,""plinkoJackpotLevel"":3,""plinkoAmplifierLevel"":5,""plinkoReturnLevel"":4,""plinkoSplitterLevel"":5,""plinkoJackpotBiasLevel"":4,""plinkoMaxBetLevel"":6,""plinkoCapacityLevel"":3,""plinkoInsuranceLevel"":0}"
holdout/control/cheapest-stop-none-fast,2417627433,VICTORY,13.056388888888886,12,302,35,False,1.7777777777777777,11.65,1.406388888888887,4.192777777777774,"{""100000"":7.513611111111112,""1000000"":8.863611111111112,""10000000"":11.004166666666666}","{""plinkoCenterLevel"":2,""plinkoMidLevel"":3,""plinkoJackpotLevel"":3,""plinkoAmplifierLevel"":5,""plinkoReturnLevel"":4,""plinkoSplitterLevel"":5,""plinkoJackpotBiasLevel"":4,""plinkoMaxBetLevel"":6,""plinkoCapacityLevel"":3,""plinkoInsuranceLevel"":0}"
holdout/control/cheapest-stop-none-fast,1947903889,VICTORY,11.002777777777778,13,254,35,False,1.3336111111111109,9.786944444444446,1.215833333333334,3.5569444444444445,"{""100000"":3.8552777777777782,""1000000"":7.445833333333334,""10000000"":9.371666666666668}","{""plinkoCenterLevel"":2,""plinkoMidLevel"":3,""plinkoJackpotLevel"":3,""plinkoAmplifierLevel"":5,""plinkoReturnLevel"":4,""plinkoSplitterLevel"":5,""plinkoJackpotBiasLevel"":4,""plinkoMaxBetLevel"":6,""plinkoCapacityLevel"":3,""plinkoInsuranceLevel"":0}"
holdout/control/cheapest-stop-none-fast,4209997488,VICTORY,10.121944444444445,7,223,35,False,2.2525000000000004,9.114444444444445,1.0075000000000007,3.1919444444444434,"{""100000"":4.083611111111112,""1000000"":6.9300000000000015,""10000000"":8.655833333333334}","{""plinkoCenterLevel"":2,""plinkoMidLevel"":3,""plinkoJackpotLevel"":3,""plinkoAmplifierLevel"":5,""plinkoReturnLevel"":4,""plinkoSplitterLevel"":5,""plinkoJackpotBiasLevel"":4,""plinkoMaxBetLevel"":6,""plinkoCapacityLevel"":3,""plinkoInsuranceLevel"":0}"
holdout/control/cheapest-stop-none-fast,3563542517,VICTORY,16.71722222222223,19,302,35,False,2.5972222222222223,15.68333333333334,1.0338888888888884,3.1161111111111097,"{""100000"":11.920277777777782,""1000000"":13.60111111111112,""10000000"":14.777500000000007}","{""plinkoCenterLevel"":2,""plinkoMidLevel"":3,""plinkoJackpotLevel"":3,""plinkoAmplifierLevel"":5,""plinkoReturnLevel"":4,""plinkoSplitterLevel"":5,""plinkoJackpotBiasLevel"":4,""plinkoMaxBetLevel"":6,""plinkoCapacityLevel"":3,""plinkoInsuranceLevel"":0}"
holdout/control/cheapest-stop-none-fast,3154847900,VICTORY,6.340000000000001,4,207,35,False,0.9030555555555556,4.7411111111111115,1.598888888888889,3.690277777777778,"{""100000"":2.2222222222222223,""1000000"":2.6497222222222225,""10000000"":4.223333333333334}","{""plinkoCenterLevel"":2,""plinkoMidLevel"":3,""plinkoJackpotLevel"":3,""plinkoAmplifierLevel"":5,""plinkoReturnLevel"":4,""plinkoSplitterLevel"":5,""plinkoJackpotBiasLevel"":4,""plinkoMaxBetLevel"":6,""plinkoCapacityLevel"":3,""plinkoInsuranceLevel"":0}"
holdout/control/cheapest-stop-none-fast,2282813976,VICTORY,11.57916666666667,13,285,35,False,2.326944444444446,10.704722222222223,0.8744444444444449,3.3061111111111128,"{""100000"":6.504166666666667,""1000000"":8.273055555555556,""10000000"":10.186111111111112}","{""plinkoCenterLevel"":2,""plinkoMidLevel"":3,""plinkoJackpotLevel"":3,""plinkoAmplifierLevel"":5,""plinkoReturnLevel"":4,""plinkoSplitterLevel"":5,""plinkoJackpotBiasLevel"":4,""plinkoMaxBetLevel"":6,""plinkoCapacityLevel"":3,""plinkoInsuranceLevel"":0}"
holdout/control/cheapest-stop-none-fast,30059959,VICTORY,8.013055555555555,12,208,35,False,0.816111111111111,6.843333333333333,1.1697222222222214,3.3344444444444443,"{""100000"":4.190277777777777,""1000000"":4.678611111111111,""10000000"":5.914722222222222}","{""plinkoCenterLevel"":2,""plinkoMidLevel"":3,""plinkoJackpotLevel"":3,""plinkoAmplifierLevel"":5,""plinkoReturnLevel"":4,""plinkoSplitterLevel"":5,""plinkoJackpotBiasLevel"":4,""plinkoMaxBetLevel"":6,""plinkoCapacityLevel"":3,""plinkoInsuranceLevel"":0}"
holdout/control/cheapest-stop-none-fast,2673680178,VICTORY,14.180277777777775,11,307,35,False,2.669444444444443,13.131388888888887,1.048888888888888,3.520833333333332,"{""100000"":8.99944444444444,""1000000"":10.659444444444443,""10000000"":12.725555555555555}","{""plinkoCenterLevel"":2,""plinkoMidLevel"":3,""plinkoJackpotLevel"":3,""plinkoAmplifierLevel"":5,""plinkoReturnLevel"":4,""plinkoSplitterLevel"":5,""plinkoJackpotBiasLevel"":4,""plinkoMaxBetLevel"":6,""plinkoCapacityLevel"":3,""plinkoInsuranceLevel"":0}"
holdout/control/cheapest-stop-none-fast,1743195454,VICTORY,11.467777777777785,9,265,35,False,1.4924999999999997,10.542222222222227,0.9255555555555569,2.944722222222225,"{""100000"":6.2263888888888905,""1000000"":8.52305555555556,""10000000"":10.095000000000004}","{""plinkoCenterLevel"":2,""plinkoMidLevel"":3,""plinkoJackpotLevel"":3,""plinkoAmplifierLevel"":5,""plinkoReturnLevel"":4,""plinkoSplitterLevel"":5,""plinkoJackpotBiasLevel"":4,""plinkoMaxBetLevel"":6,""plinkoCapacityLevel"":3,""plinkoInsuranceLevel"":0}"
holdout/control/cheapest-stop-none-fast,1187533348,VICTORY,10.835555555555555,8,251,35,False,1.9797222222222213,10.055000000000001,0.7805555555555543,2.949166666666666,"{""100000"":6.838888888888888,""1000000"":7.886388888888889,""10000000"":9.502500000000001}","{""plinkoCenterLevel"":2,""plinkoMidLevel"":3,""plinkoJackpotLevel"":3,""plinkoAmplifierLevel"":5,""plinkoReturnLevel"":4,""plinkoSplitterLevel"":5,""plinkoJackpotBiasLevel"":4,""plinkoMaxBetLevel"":6,""plinkoCapacityLevel"":3,""plinkoInsuranceLevel"":0}"
holdout/control/cheapest-stop-none-fast,787554971,VICTORY,7.684444444444442,9,179,35,False,0.9122222222222225,6.975555555555554,0.7088888888888883,2.2847222222222197,"{""100000"":3.417222222222222,""1000000"":5.3997222222222225,""10000000"":5.770277777777777}","{""plinkoCenterLevel"":2,""plinkoMidLevel"":3,""plinkoJackpotLevel"":3,""plinkoAmplifierLevel"":5,""plinkoReturnLevel"":4,""plinkoSplitterLevel"":5,""plinkoJackpotBiasLevel"":4,""plinkoMaxBetLevel"":6,""plinkoCapacityLevel"":3,""plinkoInsuranceLevel"":0}"
holdout/control/cheapest-stop-none-fast,3156266306,VICTORY,12.815277777777775,11,321,35,False,2.74361111111111,11.111111111111109,1.7041666666666666,4.587222222222218,"{""100000"":6.572500000000001,""1000000"":8.228055555555557,""10000000"":10.600555555555555}","{""plinkoCenterLevel"":2,""plinkoMidLevel"":3,""plinkoJackpotLevel"":3,""plinkoAmplifierLevel"":5,""plinkoReturnLevel"":4,""plinkoSplitterLevel"":5,""plinkoJackpotBiasLevel"":4,""plinkoMaxBetLevel"":6,""plinkoCapacityLevel"":3,""plinkoInsuranceLevel"":0}"
holdout/control/cheapest-stop-none-fast,449240800,VICTORY,12.147500000000003,8,264,35,False,2.5619444444444457,11.281111111111112,0.8663888888888891,3.179722222222223,"{""100000"":8.003333333333336,""1000000"":8.96777777777778,""10000000"":10.02555555555556}","{""plinkoCenterLevel"":2,""plinkoMidLevel"":3,""plinkoJackpotLevel"":3,""plinkoAmplifierLevel"":5,""plinkoReturnLevel"":4,""plinkoSplitterLevel"":5,""plinkoJackpotBiasLevel"":4,""plinkoMaxBetLevel"":6,""plinkoCapacityLevel"":3,""plinkoInsuranceLevel"":0}"
holdout/control/cheapest-stop-none-fast,1014232512,VICTORY,11.275,10,271,35,False,1.0463888888888893,10.278333333333332,0.9966666666666678,3.5777777777777793,"{""100000"":6.007499999999999,""1000000"":7.697222222222221,""10000000"":9.589444444444442}","{""plinkoCenterLevel"":2,""plinkoMidLevel"":3,""plinkoJackpotLevel"":3,""plinkoAmplifierLevel"":5,""plinkoReturnLevel"":4,""plinkoSplitterLevel"":5,""plinkoJackpotBiasLevel"":4,""plinkoMaxBetLevel"":6,""plinkoCapacityLevel"":3,""plinkoInsuranceLevel"":0}"
holdout/control/cheapest-stop-none-fast,46504585,VICTORY,9.820555555555552,10,222,35,False,1.6336111111111105,9.101111111111107,0.7194444444444438,3.3458333333333314,"{""100000"":2.6380555555555554,""1000000"":6.474722222222221,""10000000"":8.484166666666663}","{""plinkoCenterLevel"":2,""plinkoMidLevel"":3,""plinkoJackpotLevel"":3,""plinkoAmplifierLevel"":5,""plinkoReturnLevel"":4,""plinkoSplitterLevel"":5,""plinkoJackpotBiasLevel"":4,""plinkoMaxBetLevel"":6,""plinkoCapacityLevel"":3,""plinkoInsuranceLevel"":0}"
holdout/control/cheapest-stop-none-fast,1402300743,VICTORY,9.103055555555553,9,247,35,False,1.6311111111111116,7.800277777777777,1.3027777777777763,3.775833333333331,"{""100000"":2.352222222222222,""1000000"":5.327222222222222,""10000000"":7.459444444444443}","{""plinkoCenterLevel"":2,""plinkoMidLevel"":3,""plinkoJackpotLevel"":3,""plinkoAmplifierLevel"":5,""plinkoReturnLevel"":4,""plinkoSplitterLevel"":5,""plinkoJackpotBiasLevel"":4,""plinkoMaxBetLevel"":6,""plinkoCapacityLevel"":3,""plinkoInsuranceLevel"":0}"
holdout/control/cheapest-stop-none-fast,3245164579,VICTORY,9.71472222222222,10,236,35,False,1.3861111111111108,8.659999999999998,1.0547222222222217,3.8074999999999974,"{""100000"":4.6802777777777775,""1000000"":5.907222222222222,""10000000"":7.92}","{""plinkoCenterLevel"":2,""plinkoMidLevel"":3,""plinkoJackpotLevel"":3,""plinkoAmplifierLevel"":5,""plinkoReturnLevel"":4,""plinkoSplitterLevel"":5,""plinkoJackpotBiasLevel"":4,""plinkoMaxBetLevel"":6,""plinkoCapacityLevel"":3,""plinkoInsuranceLevel"":0}"
holdout/control/cheapest-stop-none-fast,613989366,VICTORY,12.36027777777778,7,291,35,False,2.88027777777778,11.026944444444446,1.3333333333333333,3.4763888888888914,"{""100000"":7.443888888888891,""1000000"":8.883888888888889,""10000000"":10.352222222222224}","{""plinkoCenterLevel"":2,""plinkoMidLevel"":3,""plinkoJackpotLevel"":3,""plinkoAmplifierLevel"":5,""plinkoReturnLevel"":4,""plinkoSplitterLevel"":5,""plinkoJackpotBiasLevel"":4,""plinkoMaxBetLevel"":6,""plinkoCapacityLevel"":3,""plinkoInsuranceLevel"":0}"
holdout/control/insurance-first-stop-32-fast,3897273837,VICTORY,14.812222222222228,11,325,32,True,1.4149999999999996,11.963333333333338,2.8488888888888897,4.128055555555559,"{""100000"":8.806666666666668,""1000000"":10.68416666666667,""10000000"":12.83472222222223}","{""plinkoCenterLevel"":2,""plinkoMidLevel"":3,""plinkoJackpotLevel"":3,""plinkoAmplifierLevel"":4,""plinkoReturnLevel"":3,""plinkoSplitterLevel"":3,""plinkoJackpotBiasLevel"":3,""plinkoMaxBetLevel"":5,""plinkoCapacityLevel"":3,""plinkoInsuranceLevel"":3}"
holdout/control/insurance-first-stop-32-fast,2426331668,VICTORY,12.628055555555555,11,312,32,True,1.9602777777777782,9.765833333333331,2.8622222222222224,3.8083333333333336,"{""100000"":7.193611111111111,""1000000"":8.819722222222222,""10000000"":10.205555555555554}","{""plinkoCenterLevel"":2,""plinkoMidLevel"":3,""plinkoJackpotLevel"":3,""plinkoAmplifierLevel"":4,""plinkoReturnLevel"":3,""plinkoSplitterLevel"":3,""plinkoJackpotBiasLevel"":3,""plinkoMaxBetLevel"":5,""plinkoCapacityLevel"":3,""plinkoInsuranceLevel"":3}"
holdout/control/insurance-first-stop-32-fast,1039263005,VICTORY,7.818055555555556,8,237,32,True,0.9724999999999989,5.344444444444444,2.4736111111111123,3.356944444444446,"{""100000"":2.58,""1000000"":4.46111111111111,""10000000"":5.799166666666666}","{""plinkoCenterLevel"":2,""plinkoMidLevel"":3,""plinkoJackpotLevel"":3,""plinkoAmplifierLevel"":4,""plinkoReturnLevel"":3,""plinkoSplitterLevel"":3,""plinkoJackpotBiasLevel"":3,""plinkoMaxBetLevel"":5,""plinkoCapacityLevel"":3,""plinkoInsuranceLevel"":3}"
holdout/control/insurance-first-stop-32-fast,151507902,VICTORY,12.691111111111116,11,333,32,True,1.4733333333333325,9.512222222222224,3.178888888888891,4.690000000000003,"{""100000"":6.987500000000002,""1000000"":8.001111111111113,""10000000"":10.624722222222225}","{""plinkoCenterLevel"":2,""plinkoMidLevel"":3,""plinkoJackpotLevel"":3,""plinkoAmplifierLevel"":4,""plinkoReturnLevel"":3,""plinkoSplitterLevel"":3,""plinkoJackpotBiasLevel"":3,""plinkoMaxBetLevel"":5,""plinkoCapacityLevel"":3,""plinkoInsuranceLevel"":3}"
holdout/control/insurance-first-stop-32-fast,3434515818,VICTORY,10.59972222222222,9,308,32,True,1.687222222222221,7.4211111111111085,3.1786111111111097,3.8855555555555545,"{""100000"":5.40611111111111,""1000000"":6.714166666666665,""10000000"":8.41722222222222}","{""plinkoCenterLevel"":2,""plinkoMidLevel"":3,""plinkoJackpotLevel"":3,""plinkoAmplifierLevel"":4,""plinkoReturnLevel"":3,""plinkoSplitterLevel"":3,""plinkoJackpotBiasLevel"":3,""plinkoMaxBetLevel"":5,""plinkoCapacityLevel"":3,""plinkoInsuranceLevel"":3}"
holdout/control/insurance-first-stop-32-fast,2746961660,VICTORY,8.076944444444443,9,237,32,True,0.6744444444444447,5.830277777777777,2.246666666666667,3.2894444444444444,"{""100000"":3.36361111111111,""1000000"":4.787499999999999,""10000000"":6.102777777777777}","{""plinkoCenterLevel"":2,""plinkoMidLevel"":3,""plinkoJackpotLevel"":3,""plinkoAmplifierLevel"":4,""plinkoReturnLevel"":3,""plinkoSplitterLevel"":3,""plinkoJackpotBiasLevel"":3,""plinkoMaxBetLevel"":5,""plinkoCapacityLevel"":3,""plinkoInsuranceLevel"":3}"
holdout/control/insurance-first-stop-32-fast,2417627433,VICTORY,12.49666666666667,9,288,32,True,2.498333333333334,9.830833333333336,2.665833333333334,3.3200000000000003,"{""100000"":8.491666666666667,""1000000"":9.17666666666667,""10000000"":10.797500000000003}","{""plinkoCenterLevel"":2,""plinkoMidLevel"":3,""plinkoJackpotLevel"":3,""plinkoAmplifierLevel"":4,""plinkoReturnLevel"":3,""plinkoSplitterLevel"":3,""plinkoJackpotBiasLevel"":3,""plinkoMaxBetLevel"":5,""plinkoCapacityLevel"":3,""plinkoInsuranceLevel"":3}"
holdout/control/insurance-first-stop-32-fast,1947903889,VICTORY,10.340833333333334,12,277,32,True,1.3947222222222224,7.319166666666669,3.021666666666666,3.7072222222222226,"{""100000"":3.769444444444445,""1000000"":6.633611111111112,""10000000"":7.818333333333334}","{""plinkoCenterLevel"":2,""plinkoMidLevel"":3,""plinkoJackpotLevel"":3,""plinkoAmplifierLevel"":4,""plinkoReturnLevel"":3,""plinkoSplitterLevel"":3,""plinkoJackpotBiasLevel"":3,""plinkoMaxBetLevel"":5,""plinkoCapacityLevel"":3,""plinkoInsuranceLevel"":3}"
holdout/control/insurance-first-stop-32-fast,4209997488,VICTORY,10.014999999999997,12,278,32,True,1.4558333333333338,7.1083333333333325,2.9066666666666654,3.9772222222222195,"{""100000"":3.3583333333333334,""1000000"":6.0377777777777775,""10000000"":7.57722222222222}","{""plinkoCenterLevel"":2,""plinkoMidLevel"":3,""plinkoJackpotLevel"":3,""plinkoAmplifierLevel"":4,""plinkoReturnLevel"":3,""plinkoSplitterLevel"":3,""plinkoJackpotBiasLevel"":3,""plinkoMaxBetLevel"":5,""plinkoCapacityLevel"":3,""plinkoInsuranceLevel"":3}"
holdout/control/insurance-first-stop-32-fast,3563542517,VICTORY,14.318611111111114,16,325,32,True,1.7855555555555553,11.878055555555559,2.4405555555555547,3.969999999999999,"{""100000"":5.143888888888889,""1000000"":10.348611111111115,""10000000"":12.530833333333335}","{""plinkoCenterLevel"":2,""plinkoMidLevel"":3,""plinkoJackpotLevel"":3,""plinkoAmplifierLevel"":4,""plinkoReturnLevel"":3,""plinkoSplitterLevel"":3,""plinkoJackpotBiasLevel"":3,""plinkoMaxBetLevel"":5,""plinkoCapacityLevel"":3,""plinkoInsuranceLevel"":3}"
holdout/control/insurance-first-stop-32-fast,3154847900,VICTORY,10.125277777777775,7,263,32,True,1.7897222222222218,7.495833333333332,2.6294444444444443,3.072222222222222,"{""100000"":3.851666666666666,""1000000"":7.053055555555553,""10000000"":7.878055555555553}","{""plinkoCenterLevel"":2,""plinkoMidLevel"":3,""plinkoJackpotLevel"":3,""plinkoAmplifierLevel"":4,""plinkoReturnLevel"":3,""plinkoSplitterLevel"":3,""plinkoJackpotBiasLevel"":3,""plinkoMaxBetLevel"":5,""plinkoCapacityLevel"":3,""plinkoInsuranceLevel"":3}"
holdout/control/insurance-first-stop-32-fast,2282813976,VICTORY,14.550833333333332,15,335,32,True,2.2166666666666686,11.695277777777777,2.8555555555555543,3.9083333333333314,"{""100000"":9.916944444444445,""1000000"":10.6425,""10000000"":12.573611111111111}","{""plinkoCenterLevel"":2,""plinkoMidLevel"":3,""plinkoJackpotLevel"":3,""plinkoAmplifierLevel"":4,""plinkoReturnLevel"":3,""plinkoSplitterLevel"":3,""plinkoJackpotBiasLevel"":3,""plinkoMaxBetLevel"":5,""plinkoCapacityLevel"":3,""plinkoInsuranceLevel"":3}"
holdout/control/insurance-first-stop-32-fast,30059959,VICTORY,7.244444444444444,11,208,32,True,1.286388888888889,4.602777777777777,2.6416666666666666,2.8808333333333325,"{""100000"":1.734722222222222,""1000000"":4.363611111111111,""10000000"":5.626666666666667}","{""plinkoCenterLevel"":2,""plinkoMidLevel"":3,""plinkoJackpotLevel"":3,""plinkoAmplifierLevel"":4,""plinkoReturnLevel"":3,""plinkoSplitterLevel"":3,""plinkoJackpotBiasLevel"":3,""plinkoMaxBetLevel"":5,""plinkoCapacityLevel"":3,""plinkoInsuranceLevel"":3}"
holdout/control/insurance-first-stop-32-fast,2673680178,VICTORY,15.404999999999998,16,354,32,True,1.8197222222222227,12.738333333333333,2.6666666666666647,4.389999999999999,"{""100000"":10.004722222222222,""1000000"":11.014999999999999,""10000000"":13.169444444444444}","{""plinkoCenterLevel"":2,""plinkoMidLevel"":3,""plinkoJackpotLevel"":3,""plinkoAmplifierLevel"":4,""plinkoReturnLevel"":3,""plinkoSplitterLevel"":3,""plinkoJackpotBiasLevel"":3,""plinkoMaxBetLevel"":5,""plinkoCapacityLevel"":3,""plinkoInsuranceLevel"":3}"
holdout/control/insurance-first-stop-32-fast,1743195454,VICTORY,10.3875,10,320,32,True,1.5719444444444444,7.2363888888888885,3.151111111111111,4.209722222222221,"{""100000"":2.5594444444444444,""1000000"":6.177777777777778,""10000000"":7.79}","{""plinkoCenterLevel"":2,""plinkoMidLevel"":3,""plinkoJackpotLevel"":3,""plinkoAmplifierLevel"":4,""plinkoReturnLevel"":3,""plinkoSplitterLevel"":3,""plinkoJackpotBiasLevel"":3,""plinkoMaxBetLevel"":5,""plinkoCapacityLevel"":3,""plinkoInsuranceLevel"":3}"
holdout/control/insurance-first-stop-32-fast,1187533348,VICTORY,13.310555555555556,10,271,32,True,1.8502777777777775,11.074166666666667,2.236388888888888,2.8125,"{""100000"":9.854166666666666,""1000000"":10.498055555555556,""10000000"":11.937222222222223}","{""plinkoCenterLevel"":2,""plinkoMidLevel"":3,""plinkoJackpotLevel"":3,""plinkoAmplifierLevel"":4,""plinkoReturnLevel"":3,""plinkoSplitterLevel"":3,""plinkoJackpotBiasLevel"":3,""plinkoMaxBetLevel"":5,""plinkoCapacityLevel"":3,""plinkoInsuranceLevel"":3}"
holdout/control/insurance-first-stop-32-fast,787554971,VICTORY,9.051666666666666,10,234,32,True,1.2186111111111102,6.706666666666666,2.344999999999999,3.127777777777778,"{""100000"":4.012777777777777,""1000000"":5.923888888888888,""10000000"":7.431388888888889}","{""plinkoCenterLevel"":2,""plinkoMidLevel"":3,""plinkoJackpotLevel"":3,""plinkoAmplifierLevel"":4,""plinkoReturnLevel"":3,""plinkoSplitterLevel"":3,""plinkoJackpotBiasLevel"":3,""plinkoMaxBetLevel"":5,""plinkoCapacityLevel"":3,""plinkoInsuranceLevel"":3}"
holdout/control/insurance-first-stop-32-fast,3156266306,VICTORY,15.243055555555559,13,369,32,True,1.878055555555556,11.879444444444447,3.363611111111112,3.6877777777777805,"{""100000"":9.018333333333336,""1000000"":11.555277777777778,""10000000"":12.565000000000001}","{""plinkoCenterLevel"":2,""plinkoMidLevel"":3,""plinkoJackpotLevel"":3,""plinkoAmplifierLevel"":4,""plinkoReturnLevel"":3,""plinkoSplitterLevel"":3,""plinkoJackpotBiasLevel"":3,""plinkoMaxBetLevel"":5,""plinkoCapacityLevel"":3,""plinkoInsuranceLevel"":3}"
holdout/control/insurance-first-stop-32-fast,449240800,VICTORY,12.973055555555556,15,312,32,True,1.6644444444444446,9.972777777777775,3.0002777777777796,3.649166666666668,"{""100000"":8.423333333333334,""1000000"":9.323888888888888,""10000000"":10.903888888888888}","{""plinkoCenterLevel"":2,""plinkoMidLevel"":3,""plinkoJackpotLevel"":3,""plinkoAmplifierLevel"":4,""plinkoReturnLevel"":3,""plinkoSplitterLevel"":3,""plinkoJackpotBiasLevel"":3,""plinkoMaxBetLevel"":5,""plinkoCapacityLevel"":3,""plinkoInsuranceLevel"":3}"
holdout/control/insurance-first-stop-32-fast,1014232512,VICTORY,9.581666666666665,9,232,32,True,1.4316666666666662,7.663888888888888,1.9177777777777767,2.935833333333333,"{""100000"":5.886666666666667,""1000000"":6.645833333333332,""10000000"":8.554444444444444}","{""plinkoCenterLevel"":2,""plinkoMidLevel"":3,""plinkoJackpotLevel"":3,""plinkoAmplifierLevel"":4,""plinkoReturnLevel"":3,""plinkoSplitterLevel"":3,""plinkoJackpotBiasLevel"":3,""plinkoMaxBetLevel"":5,""plinkoCapacityLevel"":3,""plinkoInsuranceLevel"":3}"
holdout/control/insurance-first-stop-32-fast,46504585,VICTORY,12.716944444444442,9,350,32,True,1.8855555555555559,9.365833333333331,3.351111111111112,4.190277777777778,"{""100000"":5.987777777777778,""1000000"":8.526666666666664,""10000000"":9.913055555555554}","{""plinkoCenterLevel"":2,""plinkoMidLevel"":3,""plinkoJackpotLevel"":3,""plinkoAmplifierLevel"":4,""plinkoReturnLevel"":3,""plinkoSplitterLevel"":3,""plinkoJackpotBiasLevel"":3,""plinkoMaxBetLevel"":5,""plinkoCapacityLevel"":3,""plinkoInsuranceLevel"":3}"
holdout/control/insurance-first-stop-32-fast,1402300743,VICTORY,11.679722222222226,8,318,32,True,1.4863888888888888,8.195277777777779,3.4844444444444465,4.009444444444448,"{""100000"":5.8419444444444455,""1000000"":7.670277777777779,""10000000"":8.862500000000002}","{""plinkoCenterLevel"":2,""plinkoMidLevel"":3,""plinkoJackpotLevel"":3,""plinkoAmplifierLevel"":4,""plinkoReturnLevel"":3,""plinkoSplitterLevel"":3,""plinkoJackpotBiasLevel"":3,""plinkoMaxBetLevel"":5,""plinkoCapacityLevel"":3,""plinkoInsuranceLevel"":3}"
holdout/control/insurance-first-stop-32-fast,3245164579,VICTORY,12.795555555555557,8,339,32,True,2.5730555555555554,9.519722222222223,3.2758333333333343,4.530000000000001,"{""100000"":7.715833333333333,""1000000"":8.265555555555556,""10000000"":10.394166666666669}","{""plinkoCenterLevel"":2,""plinkoMidLevel"":3,""plinkoJackpotLevel"":3,""plinkoAmplifierLevel"":4,""plinkoReturnLevel"":3,""plinkoSplitterLevel"":3,""plinkoJackpotBiasLevel"":3,""plinkoMaxBetLevel"":5,""plinkoCapacityLevel"":3,""plinkoInsuranceLevel"":3}"
holdout/control/insurance-first-stop-32-fast,613989366,VICTORY,12.698611111111115,11,319,32,True,2.559166666666668,10.12277777777778,2.5758333333333345,3.4613888888888926,"{""100000"":7.936944444444445,""1000000"":9.237222222222222,""10000000"":10.411944444444446}","{""plinkoCenterLevel"":2,""plinkoMidLevel"":3,""plinkoJackpotLevel"":3,""plinkoAmplifierLevel"":4,""plinkoReturnLevel"":3,""plinkoSplitterLevel"":3,""plinkoJackpotBiasLevel"":3,""plinkoMaxBetLevel"":5,""plinkoCapacityLevel"":3,""plinkoInsuranceLevel"":3}"
holdout/control/insurance-first-stop-none-fast,3897273837,VICTORY,14.411944444444451,11,277,38,False,1.4149999999999996,13.381388888888894,1.0305555555555561,3.7277777777777814,"{""100000"":8.806666666666668,""1000000"":10.68416666666667,""10000000"":12.89472222222223}","{""plinkoCenterLevel"":2,""plinkoMidLevel"":3,""plinkoJackpotLevel"":3,""plinkoAmplifierLevel"":5,""plinkoReturnLevel"":4,""plinkoSplitterLevel"":5,""plinkoJackpotBiasLevel"":4,""plinkoMaxBetLevel"":6,""plinkoCapacityLevel"":3,""plinkoInsuranceLevel"":3}"
holdout/control/insurance-first-stop-none-fast,2426331668,VICTORY,11.93861111111111,11,258,38,False,1.9602777777777782,11.19111111111111,0.7474999999999985,3.118888888888888,"{""100000"":7.193611111111111,""1000000"":8.819722222222222,""10000000"":10.555}","{""plinkoCenterLevel"":2,""plinkoMidLevel"":3,""plinkoJackpotLevel"":3,""plinkoAmplifierLevel"":5,""plinkoReturnLevel"":4,""plinkoSplitterLevel"":5,""plinkoJackpotBiasLevel"":4,""plinkoMaxBetLevel"":6,""plinkoCapacityLevel"":3,""plinkoInsuranceLevel"":3}"
holdout/control/insurance-first-stop-none-fast,1039263005,VICTORY,7.823055555555555,8,218,38,False,0.9724999999999989,6.589722222222221,1.2333333333333343,3.361944444444445,"{""100000"":2.58,""1000000"":4.46111111111111,""10000000"":6.147222222222222}","{""plinkoCenterLevel"":2,""plinkoMidLevel"":3,""plinkoJackpotLevel"":3,""plinkoAmplifierLevel"":5,""plinkoReturnLevel"":4,""plinkoSplitterLevel"":5,""plinkoJackpotBiasLevel"":4,""plinkoMaxBetLevel"":6,""plinkoCapacityLevel"":3,""plinkoInsuranceLevel"":3}"
holdout/control/insurance-first-stop-none-fast,151507902,VICTORY,11.976944444444444,11,274,38,False,1.4733333333333325,10.848333333333333,1.1286111111111097,3.9758333333333304,"{""100000"":6.987500000000002,""1000000"":8.001111111111113,""10000000"":10.267222222222223}","{""plinkoCenterLevel"":2,""plinkoMidLevel"":3,""plinkoJackpotLevel"":3,""plinkoAmplifierLevel"":5,""plinkoReturnLevel"":4,""plinkoSplitterLevel"":5,""plinkoJackpotBiasLevel"":4,""plinkoMaxBetLevel"":6,""plinkoCapacityLevel"":3,""plinkoInsuranceLevel"":3}"
holdout/control/insurance-first-stop-none-fast,3434515818,VICTORY,9.691388888888888,9,238,38,False,1.687222222222221,8.967222222222222,0.7241666666666655,2.977222222222223,"{""100000"":5.40611111111111,""1000000"":6.714166666666665,""10000000"":8.194444444444443}","{""plinkoCenterLevel"":2,""plinkoMidLevel"":3,""plinkoJackpotLevel"":3,""plinkoAmplifierLevel"":5,""plinkoReturnLevel"":4,""plinkoSplitterLevel"":5,""plinkoJackpotBiasLevel"":4,""plinkoMaxBetLevel"":6,""plinkoCapacityLevel"":3,""plinkoInsuranceLevel"":3}"
holdout/control/insurance-first-stop-none-fast,2746961660,VICTORY,8.601111111111111,9,253,38,False,0.6744444444444447,7.08611111111111,1.5149999999999997,3.813611111111112,"{""100000"":3.36361111111111,""1000000"":4.787499999999999,""10000000"":6.4463888888888885}","{""plinkoCenterLevel"":2,""plinkoMidLevel"":3,""plinkoJackpotLevel"":3,""plinkoAmplifierLevel"":5,""plinkoReturnLevel"":4,""plinkoSplitterLevel"":5,""plinkoJackpotBiasLevel"":4,""plinkoMaxBetLevel"":6,""plinkoCapacityLevel"":3,""plinkoInsuranceLevel"":3}"
holdout/control/insurance-first-stop-none-fast,2417627433,VICTORY,12.596111111111112,9,278,38,False,2.498333333333334,11.46166666666667,1.1344444444444435,3.4194444444444425,"{""100000"":8.491666666666667,""1000000"":9.17666666666667,""10000000"":10.352500000000003}","{""plinkoCenterLevel"":2,""plinkoMidLevel"":3,""plinkoJackpotLevel"":3,""plinkoAmplifierLevel"":5,""plinkoReturnLevel"":4,""plinkoSplitterLevel"":5,""plinkoJackpotBiasLevel"":4,""plinkoMaxBetLevel"":6,""plinkoCapacityLevel"":3,""plinkoInsuranceLevel"":3}"
holdout/control/insurance-first-stop-none-fast,1947903889,VICTORY,9.771111111111114,12,224,38,False,1.3947222222222224,8.575833333333337,1.1952777777777783,3.137500000000003,"{""100000"":3.769444444444445,""1000000"":6.633611111111112,""10000000"":7.613333333333335}","{""plinkoCenterLevel"":2,""plinkoMidLevel"":3,""plinkoJackpotLevel"":3,""plinkoAmplifierLevel"":5,""plinkoReturnLevel"":4,""plinkoSplitterLevel"":5,""plinkoJackpotBiasLevel"":4,""plinkoMaxBetLevel"":6,""plinkoCapacityLevel"":3,""plinkoInsuranceLevel"":3}"
holdout/control/insurance-first-stop-none-fast,4209997488,VICTORY,9.56333333333333,12,232,38,False,1.4558333333333338,8.55222222222222,1.0111111111111104,3.5255555555555533,"{""100000"":3.3583333333333334,""1000000"":6.0377777777777775,""10000000"":7.863055555555553}","{""plinkoCenterLevel"":2,""plinkoMidLevel"":3,""plinkoJackpotLevel"":3,""plinkoAmplifierLevel"":5,""plinkoReturnLevel"":4,""plinkoSplitterLevel"":5,""plinkoJackpotBiasLevel"":4,""plinkoMaxBetLevel"":6,""plinkoCapacityLevel"":3,""plinkoInsuranceLevel"":3}"
holdout/control/insurance-first-stop-none-fast,3563542517,VICTORY,14.224722222222224,16,300,38,False,1.7855555555555553,13.199722222222224,1.025,3.8761111111111095,"{""100000"":5.143888888888889,""1000000"":10.348611111111115,""10000000"":12.51527777777778}","{""plinkoCenterLevel"":2,""plinkoMidLevel"":3,""plinkoJackpotLevel"":3,""plinkoAmplifierLevel"":5,""plinkoReturnLevel"":4,""plinkoSplitterLevel"":5,""plinkoJackpotBiasLevel"":4,""plinkoMaxBetLevel"":6,""plinkoCapacityLevel"":3,""plinkoInsuranceLevel"":3}"
holdout/control/insurance-first-stop-none-fast,3154847900,VICTORY,10.00583333333333,7,244,38,False,1.7897222222222218,8.72722222222222,1.2786111111111098,2.9527777777777766,"{""100000"":3.851666666666666,""1000000"":7.053055555555553,""10000000"":8.18861111111111}","{""plinkoCenterLevel"":2,""plinkoMidLevel"":3,""plinkoJackpotLevel"":3,""plinkoAmplifierLevel"":5,""plinkoReturnLevel"":4,""plinkoSplitterLevel"":5,""plinkoJackpotBiasLevel"":4,""plinkoMaxBetLevel"":6,""plinkoCapacityLevel"":3,""plinkoInsuranceLevel"":3}"
holdout/control/insurance-first-stop-none-fast,2282813976,VICTORY,13.944166666666666,15,285,38,False,2.2166666666666686,12.99472222222222,0.949444444444445,3.301666666666666,"{""100000"":9.916944444444445,""1000000"":10.6425,""10000000"":12.311388888888889}","{""plinkoCenterLevel"":2,""plinkoMidLevel"":3,""plinkoJackpotLevel"":3,""plinkoAmplifierLevel"":5,""plinkoReturnLevel"":4,""plinkoSplitterLevel"":5,""plinkoJackpotBiasLevel"":4,""plinkoMaxBetLevel"":6,""plinkoCapacityLevel"":3,""plinkoInsuranceLevel"":3}"
holdout/control/insurance-first-stop-none-fast,30059959,VICTORY,7.6644444444444435,11,213,38,False,1.286388888888889,6.258611111111111,1.4058333333333328,3.3008333333333324,"{""100000"":1.734722222222222,""1000000"":4.363611111111111,""10000000"":5.3549999999999995}","{""plinkoCenterLevel"":2,""plinkoMidLevel"":3,""plinkoJackpotLevel"":3,""plinkoAmplifierLevel"":5,""plinkoReturnLevel"":4,""plinkoSplitterLevel"":5,""plinkoJackpotBiasLevel"":4,""plinkoMaxBetLevel"":6,""plinkoCapacityLevel"":3,""plinkoInsuranceLevel"":3}"
holdout/control/insurance-first-stop-none-fast,2673680178,VICTORY,15.19277777777778,16,326,38,False,1.8197222222222227,14.0075,1.1852777777777779,4.177777777777781,"{""100000"":10.004722222222222,""1000000"":11.014999999999999,""10000000"":13.378055555555557}","{""plinkoCenterLevel"":2,""plinkoMidLevel"":3,""plinkoJackpotLevel"":3,""plinkoAmplifierLevel"":5,""plinkoReturnLevel"":4,""plinkoSplitterLevel"":5,""plinkoJackpotBiasLevel"":4,""plinkoMaxBetLevel"":6,""plinkoCapacityLevel"":3,""plinkoInsuranceLevel"":3}"
holdout/control/insurance-first-stop-none-fast,1743195454,VICTORY,9.49638888888889,10,248,38,False,1.5719444444444444,8.566666666666666,0.9297222222222217,3.318611111111111,"{""100000"":2.5594444444444444,""1000000"":6.177777777777778,""10000000"":8.05638888888889}","{""plinkoCenterLevel"":2,""plinkoMidLevel"":3,""plinkoJackpotLevel"":3,""plinkoAmplifierLevel"":5,""plinkoReturnLevel"":4,""plinkoSplitterLevel"":5,""plinkoJackpotBiasLevel"":4,""plinkoMaxBetLevel"":6,""plinkoCapacityLevel"":3,""plinkoInsuranceLevel"":3}"
holdout/control/insurance-first-stop-none-fast,1187533348,VICTORY,13.214444444444446,10,253,38,False,1.8502777777777775,12.298611111111112,0.915833333333334,2.71638888888889,"{""100000"":9.854166666666666,""1000000"":10.498055555555556,""10000000"":11.749722222222223}","{""plinkoCenterLevel"":2,""plinkoMidLevel"":3,""plinkoJackpotLevel"":3,""plinkoAmplifierLevel"":5,""plinkoReturnLevel"":4,""plinkoSplitterLevel"":5,""plinkoJackpotBiasLevel"":4,""plinkoMaxBetLevel"":6,""plinkoCapacityLevel"":3,""plinkoInsuranceLevel"":3}"
holdout/control/insurance-first-stop-none-fast,787554971,VICTORY,8.771666666666667,10,202,38,False,1.2186111111111102,7.982777777777778,0.7888888888888885,2.847777777777779,"{""100000"":4.012777777777777,""1000000"":5.923888888888888,""10000000"":7.715555555555555}","{""plinkoCenterLevel"":2,""plinkoMidLevel"":3,""plinkoJackpotLevel"":3,""plinkoAmplifierLevel"":5,""plinkoReturnLevel"":4,""plinkoSplitterLevel"":5,""plinkoJackpotBiasLevel"":4,""plinkoMaxBetLevel"":6,""plinkoCapacityLevel"":3,""plinkoInsuranceLevel"":3}"
holdout/control/insurance-first-stop-none-fast,3156266306,VICTORY,15.195000000000002,13,339,38,False,1.878055555555556,13.671111111111113,1.52388888888889,3.6397222222222236,"{""100000"":9.018333333333336,""1000000"":11.555277777777778,""10000000"":12.76277777777778}","{""plinkoCenterLevel"":2,""plinkoMidLevel"":3,""plinkoJackpotLevel"":3,""plinkoAmplifierLevel"":5,""plinkoReturnLevel"":4,""plinkoSplitterLevel"":5,""plinkoJackpotBiasLevel"":4,""plinkoMaxBetLevel"":6,""plinkoCapacityLevel"":3,""plinkoInsuranceLevel"":3}"
holdout/control/insurance-first-stop-none-fast,449240800,VICTORY,12.309166666666666,15,263,38,False,1.6644444444444446,11.430555555555554,0.8786111111111116,2.985277777777778,"{""100000"":8.423333333333334,""1000000"":9.323888888888888,""10000000"":10.811666666666666}","{""plinkoCenterLevel"":2,""plinkoMidLevel"":3,""plinkoJackpotLevel"":3,""plinkoAmplifierLevel"":5,""plinkoReturnLevel"":4,""plinkoSplitterLevel"":5,""plinkoJackpotBiasLevel"":4,""plinkoMaxBetLevel"":6,""plinkoCapacityLevel"":3,""plinkoInsuranceLevel"":3}"
holdout/control/insurance-first-stop-none-fast,1014232512,VICTORY,9.965277777777779,9,241,38,False,1.4316666666666662,9.064444444444444,0.9008333333333345,3.3194444444444464,"{""100000"":5.886666666666667,""1000000"":6.645833333333332,""10000000"":8.247499999999999}","{""plinkoCenterLevel"":2,""plinkoMidLevel"":3,""plinkoJackpotLevel"":3,""plinkoAmplifierLevel"":5,""plinkoReturnLevel"":4,""plinkoSplitterLevel"":5,""plinkoJackpotBiasLevel"":4,""plinkoMaxBetLevel"":6,""plinkoCapacityLevel"":3,""plinkoInsuranceLevel"":3}"
holdout/control/insurance-first-stop-none-fast,46504585,VICTORY,11.376666666666665,9,251,38,False,1.8855555555555559,10.512499999999998,0.8641666666666671,2.8500000000000014,"{""100000"":5.987777777777778,""1000000"":8.526666666666664,""10000000"":9.669444444444443}","{""plinkoCenterLevel"":2,""plinkoMidLevel"":3,""plinkoJackpotLevel"":3,""plinkoAmplifierLevel"":5,""plinkoReturnLevel"":4,""plinkoSplitterLevel"":5,""plinkoJackpotBiasLevel"":4,""plinkoMaxBetLevel"":6,""plinkoCapacityLevel"":3,""plinkoInsuranceLevel"":3}"
holdout/control/insurance-first-stop-none-fast,1402300743,VICTORY,10.636944444444447,8,246,38,False,1.4863888888888888,9.525277777777779,1.1116666666666675,2.9666666666666686,"{""100000"":5.8419444444444455,""1000000"":7.670277777777779,""10000000"":8.909166666666668}","{""plinkoCenterLevel"":2,""plinkoMidLevel"":3,""plinkoJackpotLevel"":3,""plinkoAmplifierLevel"":5,""plinkoReturnLevel"":4,""plinkoSplitterLevel"":5,""plinkoJackpotBiasLevel"":4,""plinkoMaxBetLevel"":6,""plinkoCapacityLevel"":3,""plinkoInsuranceLevel"":3}"
holdout/control/insurance-first-stop-none-fast,3245164579,VICTORY,11.834722222222222,8,278,38,False,2.5730555555555554,11.071666666666667,0.763055555555555,3.569166666666666,"{""100000"":7.715833333333333,""1000000"":8.265555555555556,""10000000"":10.135}","{""plinkoCenterLevel"":2,""plinkoMidLevel"":3,""plinkoJackpotLevel"":3,""plinkoAmplifierLevel"":5,""plinkoReturnLevel"":4,""plinkoSplitterLevel"":5,""plinkoJackpotBiasLevel"":4,""plinkoMaxBetLevel"":6,""plinkoCapacityLevel"":3,""plinkoInsuranceLevel"":3}"
holdout/control/insurance-first-stop-none-fast,613989366,VICTORY,12.447500000000002,11,283,38,False,2.559166666666668,11.230277777777781,1.2172222222222218,3.2102777777777796,"{""100000"":7.936944444444445,""1000000"":9.237222222222222,""10000000"":10.637222222222224}","{""plinkoCenterLevel"":2,""plinkoMidLevel"":3,""plinkoJackpotLevel"":3,""plinkoAmplifierLevel"":5,""plinkoReturnLevel"":4,""plinkoSplitterLevel"":5,""plinkoJackpotBiasLevel"":4,""plinkoMaxBetLevel"":6,""plinkoCapacityLevel"":3,""plinkoInsuranceLevel"":3}"
holdout/control/stake-first-stop-32-fast,3897273837,VICTORY,11.100277777777778,14,250,32,True,0.9372222222222225,9.141944444444444,1.9583333333333333,3.750000000000001,"{""100000"":2.8808333333333334,""1000000"":7.3502777777777775,""10000000"":10.12861111111111}","{""plinkoCenterLevel"":2,""plinkoMidLevel"":3,""plinkoJackpotLevel"":3,""plinkoAmplifierLevel"":4,""plinkoReturnLevel"":3,""plinkoSplitterLevel"":4,""plinkoJackpotBiasLevel"":4,""plinkoMaxBetLevel"":6,""plinkoCapacityLevel"":3,""plinkoInsuranceLevel"":0}"
holdout/control/stake-first-stop-32-fast,2426331668,VICTORY,9.95611111111111,11,229,32,True,1.3061111111111108,8.144444444444442,1.8116666666666665,3.66861111111111,"{""100000"":4.164722222222222,""1000000"":6.2875,""10000000"":8.144444444444442}","{""plinkoCenterLevel"":2,""plinkoMidLevel"":3,""plinkoJackpotLevel"":3,""plinkoAmplifierLevel"":4,""plinkoReturnLevel"":3,""plinkoSplitterLevel"":4,""plinkoJackpotBiasLevel"":4,""plinkoMaxBetLevel"":6,""plinkoCapacityLevel"":3,""plinkoInsuranceLevel"":0}"
holdout/control/stake-first-stop-32-fast,1039263005,VICTORY,9.989444444444446,14,216,32,True,1.4380555555555554,8.63777777777778,1.351666666666667,3.014166666666668,"{""100000"":5.7325,""1000000"":6.975277777777778,""10000000"":8.729444444444447}","{""plinkoCenterLevel"":2,""plinkoMidLevel"":3,""plinkoJackpotLevel"":3,""plinkoAmplifierLevel"":4,""plinkoReturnLevel"":3,""plinkoSplitterLevel"":4,""plinkoJackpotBiasLevel"":4,""plinkoMaxBetLevel"":6,""plinkoCapacityLevel"":3,""plinkoInsuranceLevel"":0}"
holdout/control/stake-first-stop-32-fast,151507902,VICTORY,11.109722222222222,7,265,32,True,2.2519444444444434,9.731666666666667,1.3780555555555547,3.434444444444444,"{""100000"":1.9219444444444445,""1000000"":7.6752777777777785,""10000000"":9.723333333333334}","{""plinkoCenterLevel"":2,""plinkoMidLevel"":3,""plinkoJackpotLevel"":3,""plinkoAmplifierLevel"":4,""plinkoReturnLevel"":3,""plinkoSplitterLevel"":4,""plinkoJackpotBiasLevel"":4,""plinkoMaxBetLevel"":6,""plinkoCapacityLevel"":3,""plinkoInsuranceLevel"":0}"
holdout/control/stake-first-stop-32-fast,3434515818,VICTORY,10.767777777777777,10,241,32,True,2.0533333333333332,8.902499999999998,1.8652777777777791,3.032222222222222,"{""100000"":5.5874999999999995,""1000000"":7.735555555555555,""10000000"":9.736944444444443}","{""plinkoCenterLevel"":2,""plinkoMidLevel"":3,""plinkoJackpotLevel"":3,""plinkoAmplifierLevel"":4,""plinkoReturnLevel"":3,""plinkoSplitterLevel"":4,""plinkoJackpotBiasLevel"":4,""plinkoMaxBetLevel"":6,""plinkoCapacityLevel"":3,""plinkoInsuranceLevel"":0}"
holdout/control/stake-first-stop-32-fast,2746961660,VICTORY,10.059166666666664,8,246,32,True,1.7908333333333326,8.833888888888884,1.2252777777777795,2.7061111111111105,"{""100000"":3.3061111111111106,""1000000"":7.353055555555554,""10000000"":9.10722222222222}","{""plinkoCenterLevel"":2,""plinkoMidLevel"":3,""plinkoJackpotLevel"":3,""plinkoAmplifierLevel"":4,""plinkoReturnLevel"":3,""plinkoSplitterLevel"":4,""plinkoJackpotBiasLevel"":4,""plinkoMaxBetLevel"":6,""plinkoCapacityLevel"":3,""plinkoInsuranceLevel"":0}"
holdout/control/stake-first-stop-32-fast,2417627433,VICTORY,11.401388888888894,13,250,32,True,2.0269444444444447,9.240000000000002,2.161388888888892,2.7166666666666686,"{""100000"":7.710833333333335,""1000000"":8.684722222222225,""10000000"":9.715555555555557}","{""plinkoCenterLevel"":2,""plinkoMidLevel"":3,""plinkoJackpotLevel"":3,""plinkoAmplifierLevel"":4,""plinkoReturnLevel"":3,""plinkoSplitterLevel"":4,""plinkoJackpotBiasLevel"":4,""plinkoMaxBetLevel"":6,""plinkoCapacityLevel"":3,""plinkoInsuranceLevel"":0}"
holdout/control/stake-first-stop-32-fast,1947903889,VICTORY,10.674166666666668,13,233,32,True,1.3336111111111109,9.1875,1.4866666666666675,3.2283333333333344,"{""100000"":3.8552777777777782,""1000000"":7.445833333333334,""10000000"":9.96}","{""plinkoCenterLevel"":2,""plinkoMidLevel"":3,""plinkoJackpotLevel"":3,""plinkoAmplifierLevel"":4,""plinkoReturnLevel"":3,""plinkoSplitterLevel"":4,""plinkoJackpotBiasLevel"":4,""plinkoMaxBetLevel"":6,""plinkoCapacityLevel"":3,""plinkoInsuranceLevel"":0}"
holdout/control/stake-first-stop-32-fast,4209997488,VICTORY,9.482222222222223,7,195,32,True,2.2525000000000004,8.264444444444445,1.2177777777777776,2.5522222222222215,"{""100000"":4.083611111111112,""1000000"":6.9300000000000015,""10000000"":8.748055555555558}","{""plinkoCenterLevel"":2,""plinkoMidLevel"":3,""plinkoJackpotLevel"":3,""plinkoAmplifierLevel"":4,""plinkoReturnLevel"":3,""plinkoSplitterLevel"":4,""plinkoJackpotBiasLevel"":4,""plinkoMaxBetLevel"":6,""plinkoCapacityLevel"":3,""plinkoInsuranceLevel"":0}"
holdout/control/stake-first-stop-32-fast,3563542517,VICTORY,18.55111111111112,19,316,32,True,2.5972222222222223,17.47777777777778,1.0733333333333348,3.9727777777777806,"{""100000"":11.920277777777782,""1000000"":14.578333333333338,""10000000"":17.473611111111115}","{""plinkoCenterLevel"":2,""plinkoMidLevel"":3,""plinkoJackpotLevel"":3,""plinkoAmplifierLevel"":4,""plinkoReturnLevel"":3,""plinkoSplitterLevel"":4,""plinkoJackpotBiasLevel"":4,""plinkoMaxBetLevel"":6,""plinkoCapacityLevel"":3,""plinkoInsuranceLevel"":0}"
holdout/control/stake-first-stop-32-fast,3154847900,VICTORY,6.255,8,155,32,True,1.4855555555555555,5.136388888888888,1.118611111111112,2.609166666666667,"{""100000"":2.713333333333333,""1000000"":3.645833333333333,""10000000"":5.136388888888888}","{""plinkoCenterLevel"":2,""plinkoMidLevel"":3,""plinkoJackpotLevel"":3,""plinkoAmplifierLevel"":4,""plinkoReturnLevel"":3,""plinkoSplitterLevel"":4,""plinkoJackpotBiasLevel"":4,""plinkoMaxBetLevel"":6,""plinkoCapacityLevel"":3,""plinkoInsuranceLevel"":0}"
holdout/control/stake-first-stop-32-fast,2282813976,VICTORY,13.913888888888888,15,260,32,True,2.341944444444446,12.458333333333334,1.4555555555555544,3.7780555555555537,"{""100000"":6.740555555555558,""1000000"":10.135833333333334,""10000000"":13.196388888888889}","{""plinkoCenterLevel"":2,""plinkoMidLevel"":3,""plinkoJackpotLevel"":3,""plinkoAmplifierLevel"":4,""plinkoReturnLevel"":3,""plinkoSplitterLevel"":4,""plinkoJackpotBiasLevel"":4,""plinkoMaxBetLevel"":6,""plinkoCapacityLevel"":3,""plinkoInsuranceLevel"":0}"
holdout/control/stake-first-stop-32-fast,30059959,VICTORY,8.28361111111111,12,200,32,True,0.816111111111111,6.992777777777777,1.290833333333333,3.264999999999999,"{""100000"":4.190277777777777,""1000000"":5.018611111111111,""10000000"":7.798888888888888}","{""plinkoCenterLevel"":2,""plinkoMidLevel"":3,""plinkoJackpotLevel"":3,""plinkoAmplifierLevel"":4,""plinkoReturnLevel"":3,""plinkoSplitterLevel"":4,""plinkoJackpotBiasLevel"":4,""plinkoMaxBetLevel"":6,""plinkoCapacityLevel"":3,""plinkoInsuranceLevel"":0}"
holdout/control/stake-first-stop-32-fast,2673680178,VICTORY,13.386944444444442,11,274,32,True,2.669444444444443,12.218055555555555,1.1688888888888869,2.727499999999999,"{""100000"":8.99944444444444,""1000000"":10.659444444444443,""10000000"":13.033888888888887}","{""plinkoCenterLevel"":2,""plinkoMidLevel"":3,""plinkoJackpotLevel"":3,""plinkoAmplifierLevel"":4,""plinkoReturnLevel"":3,""plinkoSplitterLevel"":4,""plinkoJackpotBiasLevel"":4,""plinkoMaxBetLevel"":6,""plinkoCapacityLevel"":3,""plinkoInsuranceLevel"":0}"
holdout/control/stake-first-stop-32-fast,1743195454,VICTORY,11.262777777777783,9,250,32,True,1.4924999999999997,9.939444444444451,1.323333333333333,2.7397222222222233,"{""100000"":6.2263888888888905,""1000000"":8.52305555555556,""10000000"":10.233611111111117}","{""plinkoCenterLevel"":2,""plinkoMidLevel"":3,""plinkoJackpotLevel"":3,""plinkoAmplifierLevel"":4,""plinkoReturnLevel"":3,""plinkoSplitterLevel"":4,""plinkoJackpotBiasLevel"":4,""plinkoMaxBetLevel"":6,""plinkoCapacityLevel"":3,""plinkoInsuranceLevel"":0}"
holdout/control/stake-first-stop-32-fast,1187533348,VICTORY,9.863611111111114,8,229,32,True,2.0349999999999997,8.742222222222221,1.121388888888892,2.2147222222222247,"{""100000"":1.4686111111111113,""1000000"":7.648888888888889,""10000000"":9.199722222222222}","{""plinkoCenterLevel"":2,""plinkoMidLevel"":3,""plinkoJackpotLevel"":3,""plinkoAmplifierLevel"":4,""plinkoReturnLevel"":3,""plinkoSplitterLevel"":4,""plinkoJackpotBiasLevel"":4,""plinkoMaxBetLevel"":6,""plinkoCapacityLevel"":3,""plinkoInsuranceLevel"":0}"
holdout/control/stake-first-stop-32-fast,787554971,VICTORY,6.87,10,154,32,True,0.75,5.515277777777778,1.3547222222222217,2.1852777777777774,"{""100000"":2.6030555555555557,""1000000"":4.684722222222223,""10000000"":5.511111111111111}","{""plinkoCenterLevel"":2,""plinkoMidLevel"":3,""plinkoJackpotLevel"":3,""plinkoAmplifierLevel"":4,""plinkoReturnLevel"":3,""plinkoSplitterLevel"":4,""plinkoJackpotBiasLevel"":4,""plinkoMaxBetLevel"":6,""plinkoCapacityLevel"":3,""plinkoInsuranceLevel"":0}"
holdout/control/stake-first-stop-32-fast,3156266306,VICTORY,11.742500000000001,11,284,32,True,2.74361111111111,9.96,1.7825000000000009,3.514444444444445,"{""100000"":6.572500000000001,""1000000"":8.228055555555557,""10000000"":9.951666666666666}","{""plinkoCenterLevel"":2,""plinkoMidLevel"":3,""plinkoJackpotLevel"":3,""plinkoAmplifierLevel"":4,""plinkoReturnLevel"":3,""plinkoSplitterLevel"":4,""plinkoJackpotBiasLevel"":4,""plinkoMaxBetLevel"":6,""plinkoCapacityLevel"":3,""plinkoInsuranceLevel"":0}"
holdout/control/stake-first-stop-32-fast,449240800,VICTORY,12.597222222222225,8,304,32,True,2.5619444444444457,10.293611111111113,2.3036111111111115,3.629444444444445,"{""100000"":8.003333333333336,""1000000"":8.96777777777778,""10000000"":10.634722222222225}","{""plinkoCenterLevel"":2,""plinkoMidLevel"":3,""plinkoJackpotLevel"":3,""plinkoAmplifierLevel"":4,""plinkoReturnLevel"":3,""plinkoSplitterLevel"":4,""plinkoJackpotBiasLevel"":4,""plinkoMaxBetLevel"":6,""plinkoCapacityLevel"":3,""plinkoInsuranceLevel"":0}"
holdout/control/stake-first-stop-32-fast,1014232512,VICTORY,10.54333333333333,10,234,32,True,1.0463888888888893,9.431666666666665,1.1116666666666655,2.8461111111111084,"{""100000"":6.007499999999999,""1000000"":7.697222222222221,""10000000"":9.431666666666665}","{""plinkoCenterLevel"":2,""plinkoMidLevel"":3,""plinkoJackpotLevel"":3,""plinkoAmplifierLevel"":4,""plinkoReturnLevel"":3,""plinkoSplitterLevel"":4,""plinkoJackpotBiasLevel"":4,""plinkoMaxBetLevel"":6,""plinkoCapacityLevel"":3,""plinkoInsuranceLevel"":0}"
holdout/control/stake-first-stop-32-fast,46504585,VICTORY,10.327777777777774,10,225,32,True,1.6336111111111105,8.961111111111107,1.3666666666666667,3.853055555555553,"{""100000"":2.6380555555555554,""1000000"":6.474722222222221,""10000000"":9.349166666666664}","{""plinkoCenterLevel"":2,""plinkoMidLevel"":3,""plinkoJackpotLevel"":3,""plinkoAmplifierLevel"":4,""plinkoReturnLevel"":3,""plinkoSplitterLevel"":4,""plinkoJackpotBiasLevel"":4,""plinkoMaxBetLevel"":6,""plinkoCapacityLevel"":3,""plinkoInsuranceLevel"":0}"
holdout/control/stake-first-stop-32-fast,1402300743,VICTORY,7.9547222222222205,7,246,32,True,1.1458333333333333,6.012777777777777,1.9419444444444431,3.5905555555555537,"{""100000"":2.424444444444444,""1000000"":4.364166666666667,""10000000"":6.654444444444443}","{""plinkoCenterLevel"":2,""plinkoMidLevel"":3,""plinkoJackpotLevel"":3,""plinkoAmplifierLevel"":4,""plinkoReturnLevel"":3,""plinkoSplitterLevel"":4,""plinkoJackpotBiasLevel"":4,""plinkoMaxBetLevel"":6,""plinkoCapacityLevel"":3,""plinkoInsuranceLevel"":0}"
holdout/control/stake-first-stop-32-fast,3245164579,VICTORY,10.392777777777779,9,245,32,True,1.713611111111111,8.88,1.5127777777777776,2.9783333333333344,"{""100000"":4.735277777777778,""1000000"":7.414444444444444,""10000000"":9.263333333333334}","{""plinkoCenterLevel"":2,""plinkoMidLevel"":3,""plinkoJackpotLevel"":3,""plinkoAmplifierLevel"":4,""plinkoReturnLevel"":3,""plinkoSplitterLevel"":4,""plinkoJackpotBiasLevel"":4,""plinkoMaxBetLevel"":6,""plinkoCapacityLevel"":3,""plinkoInsuranceLevel"":0}"
holdout/control/stake-first-stop-32-fast,613989366,VICTORY,10.659444444444448,6,252,32,True,2.1969444444444446,9.344722222222225,1.3147222222222221,2.6697222222222248,"{""100000"":7.014722222222223,""1000000"":7.989722222222223,""10000000"":9.340555555555559}","{""plinkoCenterLevel"":2,""plinkoMidLevel"":3,""plinkoJackpotLevel"":3,""plinkoAmplifierLevel"":4,""plinkoReturnLevel"":3,""plinkoSplitterLevel"":4,""plinkoJackpotBiasLevel"":4,""plinkoMaxBetLevel"":6,""plinkoCapacityLevel"":3,""plinkoInsuranceLevel"":0}"
holdout/control/stake-first-stop-none-fast,3897273837,VICTORY,11.337222222222222,14,250,35,False,0.9372222222222225,10.425833333333333,0.9113888888888899,3.986944444444444,"{""100000"":2.8808333333333334,""1000000"":7.3502777777777775,""10000000"":10.03361111111111}","{""plinkoCenterLevel"":2,""plinkoMidLevel"":3,""plinkoJackpotLevel"":3,""plinkoAmplifierLevel"":5,""plinkoReturnLevel"":4,""plinkoSplitterLevel"":5,""plinkoJackpotBiasLevel"":4,""plinkoMaxBetLevel"":6,""plinkoCapacityLevel"":3,""plinkoInsuranceLevel"":0}"
holdout/control/stake-first-stop-none-fast,2426331668,VICTORY,9.928888888888887,11,215,35,False,1.3061111111111108,8.875555555555556,1.0533333333333321,3.641388888888887,"{""100000"":4.164722222222222,""1000000"":6.2875,""10000000"":8.144444444444442}","{""plinkoCenterLevel"":2,""plinkoMidLevel"":3,""plinkoJackpotLevel"":3,""plinkoAmplifierLevel"":5,""plinkoReturnLevel"":4,""plinkoSplitterLevel"":5,""plinkoJackpotBiasLevel"":4,""plinkoMaxBetLevel"":6,""plinkoCapacityLevel"":3,""plinkoInsuranceLevel"":0}"
holdout/control/stake-first-stop-none-fast,1039263005,VICTORY,10.478611111111112,14,235,35,False,1.4380555555555554,9.345833333333333,1.1327777777777783,3.503333333333334,"{""100000"":5.7325,""1000000"":6.975277777777778,""10000000"":8.729444444444447}","{""plinkoCenterLevel"":2,""plinkoMidLevel"":3,""plinkoJackpotLevel"":3,""plinkoAmplifierLevel"":5,""plinkoReturnLevel"":4,""plinkoSplitterLevel"":5,""plinkoJackpotBiasLevel"":4,""plinkoMaxBetLevel"":6,""plinkoCapacityLevel"":3,""plinkoInsuranceLevel"":0}"
holdout/control/stake-first-stop-none-fast,151507902,VICTORY,11.68222222222222,7,288,35,False,2.2519444444444434,10.411388888888888,1.2708333333333333,4.006944444444442,"{""100000"":1.9219444444444445,""1000000"":7.6752777777777785,""10000000"":9.723333333333334}","{""plinkoCenterLevel"":2,""plinkoMidLevel"":3,""plinkoJackpotLevel"":3,""plinkoAmplifierLevel"":5,""plinkoReturnLevel"":4,""plinkoSplitterLevel"":5,""plinkoJackpotBiasLevel"":4,""plinkoMaxBetLevel"":6,""plinkoCapacityLevel"":3,""plinkoInsuranceLevel"":0}"
holdout/control/stake-first-stop-none-fast,3434515818,VICTORY,10.627777777777778,10,228,35,False,2.0533333333333332,9.741111111111111,0.8866666666666674,2.892222222222223,"{""100000"":5.5874999999999995,""1000000"":7.735555555555555,""10000000"":9.428055555555554}","{""plinkoCenterLevel"":2,""plinkoMidLevel"":3,""plinkoJackpotLevel"":3,""plinkoAmplifierLevel"":5,""plinkoReturnLevel"":4,""plinkoSplitterLevel"":5,""plinkoJackpotBiasLevel"":4,""plinkoMaxBetLevel"":6,""plinkoCapacityLevel"":3,""plinkoInsuranceLevel"":0}"
holdout/control/stake-first-stop-none-fast,2746961660,VICTORY,11.141944444444443,8,295,35,False,1.7908333333333326,9.986111111111109,1.1558333333333337,3.7888888888888888,"{""100000"":3.3061111111111106,""1000000"":7.353055555555554,""10000000"":9.080555555555552}","{""plinkoCenterLevel"":2,""plinkoMidLevel"":3,""plinkoJackpotLevel"":3,""plinkoAmplifierLevel"":5,""plinkoReturnLevel"":4,""plinkoSplitterLevel"":5,""plinkoJackpotBiasLevel"":4,""plinkoMaxBetLevel"":6,""plinkoCapacityLevel"":3,""plinkoInsuranceLevel"":0}"
holdout/control/stake-first-stop-none-fast,2417627433,VICTORY,11.79888888888889,13,256,35,False,2.0269444444444447,10.445555555555558,1.3533333333333322,3.114166666666664,"{""100000"":7.710833333333335,""1000000"":8.684722222222225,""10000000"":9.715555555555557}","{""plinkoCenterLevel"":2,""plinkoMidLevel"":3,""plinkoJackpotLevel"":3,""plinkoAmplifierLevel"":5,""plinkoReturnLevel"":4,""plinkoSplitterLevel"":5,""plinkoJackpotBiasLevel"":4,""plinkoMaxBetLevel"":6,""plinkoCapacityLevel"":3,""plinkoInsuranceLevel"":0}"
holdout/control/stake-first-stop-none-fast,1947903889,VICTORY,11.2425,13,252,35,False,1.3336111111111109,10.068333333333333,1.1741666666666655,3.796666666666666,"{""100000"":3.8552777777777782,""1000000"":7.445833333333334,""10000000"":9.570833333333333}","{""plinkoCenterLevel"":2,""plinkoMidLevel"":3,""plinkoJackpotLevel"":3,""plinkoAmplifierLevel"":5,""plinkoReturnLevel"":4,""plinkoSplitterLevel"":5,""plinkoJackpotBiasLevel"":4,""plinkoMaxBetLevel"":6,""plinkoCapacityLevel"":3,""plinkoInsuranceLevel"":0}"
holdout/control/stake-first-stop-none-fast,4209997488,VICTORY,10.135833333333334,7,223,35,False,2.2525000000000004,9.128333333333334,1.0075000000000007,3.2058333333333326,"{""100000"":4.083611111111112,""1000000"":6.9300000000000015,""10000000"":8.665555555555557}","{""plinkoCenterLevel"":2,""plinkoMidLevel"":3,""plinkoJackpotLevel"":3,""plinkoAmplifierLevel"":5,""plinkoReturnLevel"":4,""plinkoSplitterLevel"":5,""plinkoJackpotBiasLevel"":4,""plinkoMaxBetLevel"":6,""plinkoCapacityLevel"":3,""plinkoInsuranceLevel"":0}"
holdout/control/stake-first-stop-none-fast,3563542517,VICTORY,19.34111111111112,19,344,35,False,2.5972222222222223,18.289722222222228,1.0513888888888914,4.76277777777778,"{""100000"":11.920277777777782,""1000000"":14.578333333333338,""10000000"":17.473611111111115}","{""plinkoCenterLevel"":2,""plinkoMidLevel"":3,""plinkoJackpotLevel"":3,""plinkoAmplifierLevel"":5,""plinkoReturnLevel"":4,""plinkoSplitterLevel"":5,""plinkoJackpotBiasLevel"":4,""plinkoMaxBetLevel"":6,""plinkoCapacityLevel"":3,""plinkoInsuranceLevel"":0}"
holdout/control/stake-first-stop-none-fast,3154847900,VICTORY,7.085,8,189,35,False,1.4855555555555555,5.596666666666666,1.4883333333333344,3.439166666666667,"{""100000"":2.713333333333333,""1000000"":3.645833333333333,""10000000"":5.136388888888888}","{""plinkoCenterLevel"":2,""plinkoMidLevel"":3,""plinkoJackpotLevel"":3,""plinkoAmplifierLevel"":5,""plinkoReturnLevel"":4,""plinkoSplitterLevel"":5,""plinkoJackpotBiasLevel"":4,""plinkoMaxBetLevel"":6,""plinkoCapacityLevel"":3,""plinkoInsuranceLevel"":0}"
holdout/control/stake-first-stop-none-fast,2282813976,VICTORY,14.443888888888889,15,274,35,False,2.341944444444446,13.306944444444445,1.136944444444443,4.308055555555555,"{""100000"":6.740555555555558,""1000000"":10.135833333333334,""10000000"":12.664166666666667}","{""plinkoCenterLevel"":2,""plinkoMidLevel"":3,""plinkoJackpotLevel"":3,""plinkoAmplifierLevel"":5,""plinkoReturnLevel"":4,""plinkoSplitterLevel"":5,""plinkoJackpotBiasLevel"":4,""plinkoMaxBetLevel"":6,""plinkoCapacityLevel"":3,""plinkoInsuranceLevel"":0}"
holdout/control/stake-first-stop-none-fast,30059959,VICTORY,9.129444444444443,12,233,35,False,0.816111111111111,7.869166666666666,1.260277777777779,4.110833333333332,"{""100000"":4.190277777777777,""1000000"":5.018611111111111,""10000000"":7.2847222222222205}","{""plinkoCenterLevel"":2,""plinkoMidLevel"":3,""plinkoJackpotLevel"":3,""plinkoAmplifierLevel"":5,""plinkoReturnLevel"":4,""plinkoSplitterLevel"":5,""plinkoJackpotBiasLevel"":4,""plinkoMaxBetLevel"":6,""plinkoCapacityLevel"":3,""plinkoInsuranceLevel"":0}"
holdout/control/stake-first-stop-none-fast,2673680178,VICTORY,14.076944444444443,11,302,35,False,2.669444444444443,13.106944444444444,0.9699999999999989,3.4175000000000004,"{""100000"":8.99944444444444,""1000000"":10.659444444444443,""10000000"":12.703333333333331}","{""plinkoCenterLevel"":2,""plinkoMidLevel"":3,""plinkoJackpotLevel"":3,""plinkoAmplifierLevel"":5,""plinkoReturnLevel"":4,""plinkoSplitterLevel"":5,""plinkoJackpotBiasLevel"":4,""plinkoMaxBetLevel"":6,""plinkoCapacityLevel"":3,""plinkoInsuranceLevel"":0}"
holdout/control/stake-first-stop-none-fast,1743195454,VICTORY,11.534166666666671,9,257,35,False,1.4924999999999997,10.744166666666672,0.7899999999999996,3.011111111111111,"{""100000"":6.2263888888888905,""1000000"":8.52305555555556,""10000000"":10.233611111111117}","{""plinkoCenterLevel"":2,""plinkoMidLevel"":3,""plinkoJackpotLevel"":3,""plinkoAmplifierLevel"":5,""plinkoReturnLevel"":4,""plinkoSplitterLevel"":5,""plinkoJackpotBiasLevel"":4,""plinkoMaxBetLevel"":6,""plinkoCapacityLevel"":3,""plinkoInsuranceLevel"":0}"
holdout/control/stake-first-stop-none-fast,1187533348,VICTORY,10.317222222222224,8,247,35,False,2.0349999999999997,9.537222222222224,0.7799999999999992,2.668333333333335,"{""100000"":1.4686111111111113,""1000000"":7.648888888888889,""10000000"":9.053888888888888}","{""plinkoCenterLevel"":2,""plinkoMidLevel"":3,""plinkoJackpotLevel"":3,""plinkoAmplifierLevel"":5,""plinkoReturnLevel"":4,""plinkoSplitterLevel"":5,""plinkoJackpotBiasLevel"":4,""plinkoMaxBetLevel"":6,""plinkoCapacityLevel"":3,""plinkoInsuranceLevel"":0}"
holdout/control/stake-first-stop-none-fast,787554971,VICTORY,7.03861111111111,10,154,35,False,0.75,6.0955555555555545,0.9430555555555552,2.3538888888888874,"{""100000"":2.6030555555555557,""1000000"":4.684722222222223,""10000000"":5.511111111111111}","{""plinkoCenterLevel"":2,""plinkoMidLevel"":3,""plinkoJackpotLevel"":3,""plinkoAmplifierLevel"":5,""plinkoReturnLevel"":4,""plinkoSplitterLevel"":5,""plinkoJackpotBiasLevel"":4,""plinkoMaxBetLevel"":6,""plinkoCapacityLevel"":3,""plinkoInsuranceLevel"":0}"
holdout/control/stake-first-stop-none-fast,3156266306,VICTORY,12.752222222222224,11,327,35,False,2.74361111111111,11.007222222222223,1.7450000000000008,4.524166666666668,"{""100000"":6.572500000000001,""1000000"":8.228055555555557,""10000000"":9.951666666666666}","{""plinkoCenterLevel"":2,""plinkoMidLevel"":3,""plinkoJackpotLevel"":3,""plinkoAmplifierLevel"":5,""plinkoReturnLevel"":4,""plinkoSplitterLevel"":5,""plinkoJackpotBiasLevel"":4,""plinkoMaxBetLevel"":6,""plinkoCapacityLevel"":3,""plinkoInsuranceLevel"":0}"
holdout/control/stake-first-stop-none-fast,449240800,VICTORY,12.277222222222225,8,267,35,False,2.5619444444444457,11.429722222222223,0.8475000000000004,3.309444444444445,"{""100000"":8.003333333333336,""1000000"":8.96777777777778,""10000000"":10.600555555555557}","{""plinkoCenterLevel"":2,""plinkoMidLevel"":3,""plinkoJackpotLevel"":3,""plinkoAmplifierLevel"":5,""plinkoReturnLevel"":4,""plinkoSplitterLevel"":5,""plinkoJackpotBiasLevel"":4,""plinkoMaxBetLevel"":6,""plinkoCapacityLevel"":3,""plinkoInsuranceLevel"":0}"
holdout/control/stake-first-stop-none-fast,1014232512,VICTORY,11.318333333333332,10,271,35,False,1.0463888888888893,10.329999999999997,0.9883333333333345,3.6211111111111105,"{""100000"":6.007499999999999,""1000000"":7.697222222222221,""10000000"":9.431666666666665}","{""plinkoCenterLevel"":2,""plinkoMidLevel"":3,""plinkoJackpotLevel"":3,""plinkoAmplifierLevel"":5,""plinkoReturnLevel"":4,""plinkoSplitterLevel"":5,""plinkoJackpotBiasLevel"":4,""plinkoMaxBetLevel"":6,""plinkoCapacityLevel"":3,""plinkoInsuranceLevel"":0}"
holdout/control/stake-first-stop-none-fast,46504585,VICTORY,10.495277777777773,10,221,35,False,1.6336111111111105,9.51055555555555,0.9847222222222228,4.020555555555552,"{""100000"":2.6380555555555554,""1000000"":6.474722222222221,""10000000"":9.070555555555552}","{""plinkoCenterLevel"":2,""plinkoMidLevel"":3,""plinkoJackpotLevel"":3,""plinkoAmplifierLevel"":5,""plinkoReturnLevel"":4,""plinkoSplitterLevel"":5,""plinkoJackpotBiasLevel"":4,""plinkoMaxBetLevel"":6,""plinkoCapacityLevel"":3,""plinkoInsuranceLevel"":0}"
holdout/control/stake-first-stop-none-fast,1402300743,VICTORY,8.0525,7,245,35,False,1.1458333333333333,6.746388888888888,1.3061111111111112,3.6883333333333335,"{""100000"":2.424444444444444,""1000000"":4.364166666666667,""10000000"":6.411666666666665}","{""plinkoCenterLevel"":2,""plinkoMidLevel"":3,""plinkoJackpotLevel"":3,""plinkoAmplifierLevel"":5,""plinkoReturnLevel"":4,""plinkoSplitterLevel"":5,""plinkoJackpotBiasLevel"":4,""plinkoMaxBetLevel"":6,""plinkoCapacityLevel"":3,""plinkoInsuranceLevel"":0}"
holdout/control/stake-first-stop-none-fast,3245164579,VICTORY,10.995555555555557,9,272,35,False,1.713611111111111,9.97388888888889,1.0216666666666658,3.5811111111111122,"{""100000"":4.735277777777778,""1000000"":7.414444444444444,""10000000"":9.263333333333334}","{""plinkoCenterLevel"":2,""plinkoMidLevel"":3,""plinkoJackpotLevel"":3,""plinkoAmplifierLevel"":5,""plinkoReturnLevel"":4,""plinkoSplitterLevel"":5,""plinkoJackpotBiasLevel"":4,""plinkoMaxBetLevel"":6,""plinkoCapacityLevel"":3,""plinkoInsuranceLevel"":0}"
holdout/control/stake-first-stop-none-fast,613989366,VICTORY,11.288611111111114,6,276,35,False,2.1969444444444446,10.094444444444447,1.1941666666666664,3.298888888888891,"{""100000"":7.014722222222223,""1000000"":7.989722222222223,""10000000"":9.340555555555559}","{""plinkoCenterLevel"":2,""plinkoMidLevel"":3,""plinkoJackpotLevel"":3,""plinkoAmplifierLevel"":5,""plinkoReturnLevel"":4,""plinkoSplitterLevel"":5,""plinkoJackpotBiasLevel"":4,""plinkoMaxBetLevel"":6,""plinkoCapacityLevel"":3,""plinkoInsuranceLevel"":0}"
holdout/priced-middle/cheapest-stop-32-fast,3897273837,VICTORY,10.87388888888889,11,259,32,True,1.9727777777777784,9.719166666666668,1.1547222222222218,3.020277777777779,"{""100000"":4.045,""1000000"":7.853611111111111,""10000000"":9.8925}","{""plinkoCenterLevel"":2,""plinkoMidLevel"":3,""plinkoJackpotLevel"":3,""plinkoAmplifierLevel"":4,""plinkoReturnLevel"":3,""plinkoSplitterLevel"":4,""plinkoJackpotBiasLevel"":4,""plinkoMaxBetLevel"":6,""plinkoCapacityLevel"":3,""plinkoInsuranceLevel"":0}"
holdout/priced-middle/cheapest-stop-32-fast,2426331668,VICTORY,13.478611111111114,9,353,32,True,2.1349999999999976,11.955000000000002,1.5236111111111124,3.5244444444444465,"{""100000"":6.151111111111112,""1000000"":9.954166666666667,""10000000"":11.950833333333334}","{""plinkoCenterLevel"":2,""plinkoMidLevel"":3,""plinkoJackpotLevel"":3,""plinkoAmplifierLevel"":4,""plinkoReturnLevel"":3,""plinkoSplitterLevel"":4,""plinkoJackpotBiasLevel"":4,""plinkoMaxBetLevel"":6,""plinkoCapacityLevel"":3,""plinkoInsuranceLevel"":0}"
holdout/priced-middle/cheapest-stop-32-fast,1039263005,VICTORY,10.571111111111112,10,267,32,True,1.6680555555555543,9.54722222222222,1.02388888888889,2.2444444444444454,"{""100000"":3.201944444444444,""1000000"":8.326666666666666,""10000000"":9.543055555555554}","{""plinkoCenterLevel"":2,""plinkoMidLevel"":3,""plinkoJackpotLevel"":3,""plinkoAmplifierLevel"":4,""plinkoReturnLevel"":3,""plinkoSplitterLevel"":4,""plinkoJackpotBiasLevel"":4,""plinkoMaxBetLevel"":6,""plinkoCapacityLevel"":3,""plinkoInsuranceLevel"":0}"
holdout/priced-middle/cheapest-stop-32-fast,151507902,VICTORY,14.587499999999997,5,369,32,True,2.0349999999999997,12.196111111111106,2.3913888888888892,3.0230555555555565,"{""100000"":8.506944444444443,""1000000"":11.56444444444444,""10000000"":12.19194444444444}","{""plinkoCenterLevel"":2,""plinkoMidLevel"":3,""plinkoJackpotLevel"":3,""plinkoAmplifierLevel"":4,""plinkoReturnLevel"":3,""plinkoSplitterLevel"":4,""plinkoJackpotBiasLevel"":4,""plinkoMaxBetLevel"":6,""plinkoCapacityLevel"":3,""plinkoInsuranceLevel"":0}"
holdout/priced-middle/cheapest-stop-32-fast,3434515818,VICTORY,15.145833333333325,9,347,32,True,2.776111111111111,13.769166666666658,1.3766666666666671,2.687777777777775,"{""100000"":7.799722222222219,""1000000"":12.45805555555555,""10000000"":14.424444444444438}","{""plinkoCenterLevel"":2,""plinkoMidLevel"":3,""plinkoJackpotLevel"":3,""plinkoAmplifierLevel"":4,""plinkoReturnLevel"":3,""plinkoSplitterLevel"":4,""plinkoJackpotBiasLevel"":4,""plinkoMaxBetLevel"":6,""plinkoCapacityLevel"":3,""plinkoInsuranceLevel"":0}"
holdout/priced-middle/cheapest-stop-32-fast,2746961660,VICTORY,13.858888888888888,11,338,32,True,1.5225000000000013,12.161666666666665,1.6972222222222229,2.87222222222222,"{""100000"":9.549444444444445,""1000000"":10.986666666666668,""10000000"":12.593333333333332}","{""plinkoCenterLevel"":2,""plinkoMidLevel"":3,""plinkoJackpotLevel"":3,""plinkoAmplifierLevel"":4,""plinkoReturnLevel"":3,""plinkoSplitterLevel"":4,""plinkoJackpotBiasLevel"":4,""plinkoMaxBetLevel"":6,""plinkoCapacityLevel"":3,""plinkoInsuranceLevel"":0}"
holdout/priced-middle/cheapest-stop-32-fast,2417627433,VICTORY,13.144166666666669,8,317,32,True,3.9827777777777778,12.025000000000002,1.1191666666666662,3.4016666666666655,"{""100000"":8.404722222222224,""1000000"":9.742500000000003,""10000000"":12.473611111111113}","{""plinkoCenterLevel"":2,""plinkoMidLevel"":3,""plinkoJackpotLevel"":3,""plinkoAmplifierLevel"":4,""plinkoReturnLevel"":3,""plinkoSplitterLevel"":4,""plinkoJackpotBiasLevel"":4,""plinkoMaxBetLevel"":6,""plinkoCapacityLevel"":3,""plinkoInsuranceLevel"":0}"
holdout/priced-middle/cheapest-stop-32-fast,1947903889,VICTORY,14.66277777777778,10,363,32,True,2.2263888888888896,13.124444444444444,1.5383333333333344,3.2772222222222247,"{""100000"":6.501666666666667,""1000000"":11.385555555555555,""10000000"":13.315555555555557}","{""plinkoCenterLevel"":2,""plinkoMidLevel"":3,""plinkoJackpotLevel"":3,""plinkoAmplifierLevel"":4,""plinkoReturnLevel"":3,""plinkoSplitterLevel"":4,""plinkoJackpotBiasLevel"":4,""plinkoMaxBetLevel"":6,""plinkoCapacityLevel"":3,""plinkoInsuranceLevel"":0}"
holdout/priced-middle/cheapest-stop-32-fast,4209997488,VICTORY,10.988333333333335,6,284,32,True,2.2525000000000004,9.383055555555556,1.6052777777777787,2.860277777777778,"{""100000"":6.170555555555556,""1000000"":8.128055555555557,""10000000"":9.383055555555556}","{""plinkoCenterLevel"":2,""plinkoMidLevel"":3,""plinkoJackpotLevel"":3,""plinkoAmplifierLevel"":4,""plinkoReturnLevel"":3,""plinkoSplitterLevel"":4,""plinkoJackpotBiasLevel"":4,""plinkoMaxBetLevel"":6,""plinkoCapacityLevel"":3,""plinkoInsuranceLevel"":0}"
holdout/priced-middle/cheapest-stop-32-fast,3563542517,VICTORY,17.29638888888889,13,379,32,True,3.804444444444445,16.101111111111116,1.1952777777777763,2.2233333333333327,"{""100000"":14.343611111111112,""1000000"":15.073055555555559,""10000000"":16.09694444444445}","{""plinkoCenterLevel"":2,""plinkoMidLevel"":3,""plinkoJackpotLevel"":3,""plinkoAmplifierLevel"":4,""plinkoReturnLevel"":3,""plinkoSplitterLevel"":4,""plinkoJackpotBiasLevel"":4,""plinkoMaxBetLevel"":6,""plinkoCapacityLevel"":3,""plinkoInsuranceLevel"":0}"
holdout/priced-middle/cheapest-stop-32-fast,3154847900,VICTORY,5.859166666666667,4,201,32,True,0.5627777777777777,4.042222222222223,1.8169444444444447,3.0336111111111115,"{""100000"":1.4300000000000002,""1000000"":2.8255555555555554,""10000000"":4.305833333333334}","{""plinkoCenterLevel"":2,""plinkoMidLevel"":3,""plinkoJackpotLevel"":3,""plinkoAmplifierLevel"":4,""plinkoReturnLevel"":3,""plinkoSplitterLevel"":4,""plinkoJackpotBiasLevel"":4,""plinkoMaxBetLevel"":6,""plinkoCapacityLevel"":3,""plinkoInsuranceLevel"":0}"
holdout/priced-middle/cheapest-stop-32-fast,2282813976,VICTORY,13.663333333333334,10,294,32,True,3.2149999999999994,12.417500000000002,1.2458333333333313,2.3258333333333336,"{""100000"":7.783333333333332,""1000000"":11.3375,""10000000"":13.141944444444446}","{""plinkoCenterLevel"":2,""plinkoMidLevel"":3,""plinkoJackpotLevel"":3,""plinkoAmplifierLevel"":4,""plinkoReturnLevel"":3,""plinkoSplitterLevel"":4,""plinkoJackpotBiasLevel"":4,""plinkoMaxBetLevel"":6,""plinkoCapacityLevel"":3,""plinkoInsuranceLevel"":0}"
holdout/priced-middle/cheapest-stop-32-fast,30059959,VICTORY,9.443611111111112,8,270,32,True,1.2822222222222224,7.956388888888889,1.4872222222222224,2.839444444444445,"{""100000"":4.251111111111111,""1000000"":6.604166666666667,""10000000"":8.395277777777777}","{""plinkoCenterLevel"":2,""plinkoMidLevel"":3,""plinkoJackpotLevel"":3,""plinkoAmplifierLevel"":4,""plinkoReturnLevel"":3,""plinkoSplitterLevel"":4,""plinkoJackpotBiasLevel"":4,""plinkoMaxBetLevel"":6,""plinkoCapacityLevel"":3,""plinkoInsuranceLevel"":0}"
holdout/priced-middle/cheapest-stop-32-fast,2673680178,VICTORY,14.53361111111111,12,322,32,True,2.559166666666667,13.288888888888888,1.2447222222222232,2.4597222222222204,"{""100000"":8.956944444444442,""1000000"":12.07388888888889,""10000000"":13.288888888888888}","{""plinkoCenterLevel"":2,""plinkoMidLevel"":3,""plinkoJackpotLevel"":3,""plinkoAmplifierLevel"":4,""plinkoReturnLevel"":3,""plinkoSplitterLevel"":4,""plinkoJackpotBiasLevel"":4,""plinkoMaxBetLevel"":6,""plinkoCapacityLevel"":3,""plinkoInsuranceLevel"":0}"
holdout/priced-middle/cheapest-stop-32-fast,1743195454,VICTORY,14.6775,10,354,32,True,2.0247222222222225,12.641388888888887,2.0361111111111123,3.749722222222223,"{""100000"":7.4030555555555555,""1000000"":10.927777777777777,""10000000"":12.91861111111111}","{""plinkoCenterLevel"":2,""plinkoMidLevel"":3,""plinkoJackpotLevel"":3,""plinkoAmplifierLevel"":4,""plinkoReturnLevel"":3,""plinkoSplitterLevel"":4,""plinkoJackpotBiasLevel"":4,""plinkoMaxBetLevel"":6,""plinkoCapacityLevel"":3,""plinkoInsuranceLevel"":0}"
holdout/priced-middle/cheapest-stop-32-fast,1187533348,VICTORY,11.816944444444447,6,288,32,True,1.366944444444447,10.416666666666668,1.4002777777777775,3.2544444444444434,"{""100000"":6.760833333333337,""1000000"":8.562500000000004,""10000000"":10.987777777777781}","{""plinkoCenterLevel"":2,""plinkoMidLevel"":3,""plinkoJackpotLevel"":3,""plinkoAmplifierLevel"":4,""plinkoReturnLevel"":3,""plinkoSplitterLevel"":4,""plinkoJackpotBiasLevel"":4,""plinkoMaxBetLevel"":6,""plinkoCapacityLevel"":3,""plinkoInsuranceLevel"":0}"
holdout/priced-middle/cheapest-stop-32-fast,787554971,VICTORY,12.541111111111112,8,320,32,True,2.0733333333333337,10.867777777777777,1.673333333333335,3.3397222222222247,"{""100000"":4.583888888888888,""1000000"":9.201388888888888,""10000000"":11.150833333333333}","{""plinkoCenterLevel"":2,""plinkoMidLevel"":3,""plinkoJackpotLevel"":3,""plinkoAmplifierLevel"":4,""plinkoReturnLevel"":3,""plinkoSplitterLevel"":4,""plinkoJackpotBiasLevel"":4,""plinkoMaxBetLevel"":6,""plinkoCapacityLevel"":3,""plinkoInsuranceLevel"":0}"
holdout/priced-middle/cheapest-stop-32-fast,3156266306,VICTORY,12.067222222222222,7,341,32,True,2.230833333333334,9.966944444444444,2.1002777777777775,3.4161111111111104,"{""100000"":6.214444444444445,""1000000"":8.651111111111112,""10000000"":10.669166666666666}","{""plinkoCenterLevel"":2,""plinkoMidLevel"":3,""plinkoJackpotLevel"":3,""plinkoAmplifierLevel"":4,""plinkoReturnLevel"":3,""plinkoSplitterLevel"":4,""plinkoJackpotBiasLevel"":4,""plinkoMaxBetLevel"":6,""plinkoCapacityLevel"":3,""plinkoInsuranceLevel"":0}"
holdout/priced-middle/cheapest-stop-32-fast,449240800,VICTORY,13.291944444444445,8,349,32,True,2.810277777777777,11.526388888888887,1.7655555555555567,3.8180555555555564,"{""100000"":5.437222222222222,""1000000"":9.473888888888888,""10000000"":11.947222222222221}","{""plinkoCenterLevel"":2,""plinkoMidLevel"":3,""plinkoJackpotLevel"":3,""plinkoAmplifierLevel"":4,""plinkoReturnLevel"":3,""plinkoSplitterLevel"":4,""plinkoJackpotBiasLevel"":4,""plinkoMaxBetLevel"":6,""plinkoCapacityLevel"":3,""plinkoInsuranceLevel"":0}"
holdout/priced-middle/cheapest-stop-32-fast,1014232512,VICTORY,11.786111111111108,9,283,32,True,2.8247222222222206,10.498055555555554,1.288055555555555,2.779166666666667,"{""100000"":7.989444444444443,""1000000"":9.006944444444441,""10000000"":10.67972222222222}","{""plinkoCenterLevel"":2,""plinkoMidLevel"":3,""plinkoJackpotLevel"":3,""plinkoAmplifierLevel"":4,""plinkoReturnLevel"":3,""plinkoSplitterLevel"":4,""plinkoJackpotBiasLevel"":4,""plinkoMaxBetLevel"":6,""plinkoCapacityLevel"":3,""plinkoInsuranceLevel"":0}"
holdout/priced-middle/cheapest-stop-32-fast,46504585,VICTORY,12.373611111111105,9,346,32,True,2.7580555555555537,10.438055555555549,1.9355555555555555,4.243888888888884,"{""100000"":4.018888888888889,""1000000"":8.12972222222222,""10000000"":10.908611111111105}","{""plinkoCenterLevel"":2,""plinkoMidLevel"":3,""plinkoJackpotLevel"":3,""plinkoAmplifierLevel"":4,""plinkoReturnLevel"":3,""plinkoSplitterLevel"":4,""plinkoJackpotBiasLevel"":4,""plinkoMaxBetLevel"":6,""plinkoCapacityLevel"":3,""plinkoInsuranceLevel"":0}"
holdout/priced-middle/cheapest-stop-32-fast,1402300743,VICTORY,13.021944444444447,5,378,32,True,1.988055555555556,11.511944444444445,1.5100000000000022,3.430555555555557,"{""100000"":7.840833333333335,""1000000"":9.59138888888889,""10000000"":11.322222222222223}","{""plinkoCenterLevel"":2,""plinkoMidLevel"":3,""plinkoJackpotLevel"":3,""plinkoAmplifierLevel"":4,""plinkoReturnLevel"":3,""plinkoSplitterLevel"":4,""plinkoJackpotBiasLevel"":4,""plinkoMaxBetLevel"":6,""plinkoCapacityLevel"":3,""plinkoInsuranceLevel"":0}"
holdout/priced-middle/cheapest-stop-32-fast,3245164579,VICTORY,11.793055555555556,6,343,32,True,2.3572222222222226,9.856944444444443,1.9361111111111142,4.01777777777778,"{""100000"":5.143888888888889,""1000000"":7.775277777777776,""10000000"":9.856944444444443}","{""plinkoCenterLevel"":2,""plinkoMidLevel"":3,""plinkoJackpotLevel"":3,""plinkoAmplifierLevel"":4,""plinkoReturnLevel"":3,""plinkoSplitterLevel"":4,""plinkoJackpotBiasLevel"":4,""plinkoMaxBetLevel"":6,""plinkoCapacityLevel"":3,""plinkoInsuranceLevel"":0}"
holdout/priced-middle/cheapest-stop-32-fast,613989366,VICTORY,11.604722222222225,6,327,32,True,2.5038888888888886,9.834722222222224,1.7700000000000007,3.093888888888891,"{""100000"":5.134166666666666,""1000000"":8.510833333333334,""10000000"":9.715555555555559}","{""plinkoCenterLevel"":2,""plinkoMidLevel"":3,""plinkoJackpotLevel"":3,""plinkoAmplifierLevel"":4,""plinkoReturnLevel"":3,""plinkoSplitterLevel"":4,""plinkoJackpotBiasLevel"":4,""plinkoMaxBetLevel"":6,""plinkoCapacityLevel"":3,""plinkoInsuranceLevel"":0}"
holdout/priced-middle/cheapest-stop-none-fast,3897273837,VICTORY,11.436944444444444,11,281,35,False,1.9727777777777784,10.380833333333333,1.0561111111111112,3.583333333333333,"{""100000"":4.045,""1000000"":7.853611111111111,""10000000"":9.8925}","{""plinkoCenterLevel"":2,""plinkoMidLevel"":3,""plinkoJackpotLevel"":3,""plinkoAmplifierLevel"":5,""plinkoReturnLevel"":4,""plinkoSplitterLevel"":5,""plinkoJackpotBiasLevel"":4,""plinkoMaxBetLevel"":6,""plinkoCapacityLevel"":3,""plinkoInsuranceLevel"":0}"
holdout/priced-middle/cheapest-stop-none-fast,2426331668,VICTORY,14.02277777777778,9,368,35,False,2.1349999999999976,12.984722222222224,1.038055555555555,4.068611111111112,"{""100000"":6.151111111111112,""1000000"":9.954166666666667,""10000000"":11.950833333333334}","{""plinkoCenterLevel"":2,""plinkoMidLevel"":3,""plinkoJackpotLevel"":3,""plinkoAmplifierLevel"":5,""plinkoReturnLevel"":4,""plinkoSplitterLevel"":5,""plinkoJackpotBiasLevel"":4,""plinkoMaxBetLevel"":6,""plinkoCapacityLevel"":3,""plinkoInsuranceLevel"":0}"
holdout/priced-middle/cheapest-stop-none-fast,1039263005,VICTORY,11.285833333333334,10,296,35,False,1.6680555555555543,10.130277777777776,1.1555555555555581,2.9591666666666683,"{""100000"":3.201944444444444,""1000000"":8.326666666666666,""10000000"":9.543055555555554}","{""plinkoCenterLevel"":2,""plinkoMidLevel"":3,""plinkoJackpotLevel"":3,""plinkoAmplifierLevel"":5,""plinkoReturnLevel"":4,""plinkoSplitterLevel"":5,""plinkoJackpotBiasLevel"":4,""plinkoMaxBetLevel"":6,""plinkoCapacityLevel"":3,""plinkoInsuranceLevel"":0}"
holdout/priced-middle/cheapest-stop-none-fast,151507902,VICTORY,14.993055555555552,5,379,35,False,2.0349999999999997,13.674999999999995,1.3180555555555562,3.4286111111111115,"{""100000"":8.506944444444443,""1000000"":11.56444444444444,""10000000"":12.19194444444444}","{""plinkoCenterLevel"":2,""plinkoMidLevel"":3,""plinkoJackpotLevel"":3,""plinkoAmplifierLevel"":5,""plinkoReturnLevel"":4,""plinkoSplitterLevel"":5,""plinkoJackpotBiasLevel"":4,""plinkoMaxBetLevel"":6,""plinkoCapacityLevel"":3,""plinkoInsuranceLevel"":0}"
holdout/priced-middle/cheapest-stop-none-fast,3434515818,VICTORY,15.59027777777777,9,364,35,False,2.776111111111111,14.577499999999992,1.0127777777777776,3.13222222222222,"{""100000"":7.799722222222219,""1000000"":12.45805555555555,""10000000"":14.24777777777777}","{""plinkoCenterLevel"":2,""plinkoMidLevel"":3,""plinkoJackpotLevel"":3,""plinkoAmplifierLevel"":5,""plinkoReturnLevel"":4,""plinkoSplitterLevel"":5,""plinkoJackpotBiasLevel"":4,""plinkoMaxBetLevel"":6,""plinkoCapacityLevel"":3,""plinkoInsuranceLevel"":0}"
holdout/priced-middle/cheapest-stop-none-fast,2746961660,VICTORY,13.599166666666664,11,317,35,False,1.5225000000000013,12.81472222222222,0.7844444444444434,2.6124999999999954,"{""100000"":9.549444444444445,""1000000"":10.986666666666668,""10000000"":12.367777777777777}","{""plinkoCenterLevel"":2,""plinkoMidLevel"":3,""plinkoJackpotLevel"":3,""plinkoAmplifierLevel"":5,""plinkoReturnLevel"":4,""plinkoSplitterLevel"":5,""plinkoJackpotBiasLevel"":4,""plinkoMaxBetLevel"":6,""plinkoCapacityLevel"":3,""plinkoInsuranceLevel"":0}"
holdout/priced-middle/cheapest-stop-none-fast,2417627433,VICTORY,13.809722222222224,8,347,35,False,3.9827777777777778,12.534166666666668,1.275555555555555,4.06722222222222,"{""100000"":8.404722222222224,""1000000"":9.742500000000003,""10000000"":12.227500000000001}","{""plinkoCenterLevel"":2,""plinkoMidLevel"":3,""plinkoJackpotLevel"":3,""plinkoAmplifierLevel"":5,""plinkoReturnLevel"":4,""plinkoSplitterLevel"":5,""plinkoJackpotBiasLevel"":4,""plinkoMaxBetLevel"":6,""plinkoCapacityLevel"":3,""plinkoInsuranceLevel"":0}"
holdout/priced-middle/cheapest-stop-none-fast,1947903889,VICTORY,14.684166666666668,10,349,35,False,2.2263888888888896,13.832500000000001,0.851666666666667,3.2986111111111125,"{""100000"":6.501666666666667,""1000000"":11.385555555555555,""10000000"":13.29}","{""plinkoCenterLevel"":2,""plinkoMidLevel"":3,""plinkoJackpotLevel"":3,""plinkoAmplifierLevel"":5,""plinkoReturnLevel"":4,""plinkoSplitterLevel"":5,""plinkoJackpotBiasLevel"":4,""plinkoMaxBetLevel"":6,""plinkoCapacityLevel"":3,""plinkoInsuranceLevel"":0}"
holdout/priced-middle/cheapest-stop-none-fast,4209997488,VICTORY,11.053888888888888,6,274,35,False,2.2525000000000004,9.933333333333335,1.120555555555554,2.9258333333333315,"{""100000"":6.170555555555556,""1000000"":8.128055555555557,""10000000"":9.383055555555556}","{""plinkoCenterLevel"":2,""plinkoMidLevel"":3,""plinkoJackpotLevel"":3,""plinkoAmplifierLevel"":5,""plinkoReturnLevel"":4,""plinkoSplitterLevel"":5,""plinkoJackpotBiasLevel"":4,""plinkoMaxBetLevel"":6,""plinkoCapacityLevel"":3,""plinkoInsuranceLevel"":0}"
holdout/priced-middle/cheapest-stop-none-fast,3563542517,VICTORY,18.126666666666672,13,417,35,False,3.804444444444445,17.05055555555556,1.076111111111112,3.0536111111111133,"{""100000"":14.343611111111112,""1000000"":15.073055555555559,""10000000"":16.09694444444445}","{""plinkoCenterLevel"":2,""plinkoMidLevel"":3,""plinkoJackpotLevel"":3,""plinkoAmplifierLevel"":5,""plinkoReturnLevel"":4,""plinkoSplitterLevel"":5,""plinkoJackpotBiasLevel"":4,""plinkoMaxBetLevel"":6,""plinkoCapacityLevel"":3,""plinkoInsuranceLevel"":0}"
holdout/priced-middle/cheapest-stop-none-fast,3154847900,VICTORY,6.566666666666666,4,233,35,False,0.5627777777777777,5.0761111111111115,1.4905555555555556,3.741111111111111,"{""100000"":1.4300000000000002,""1000000"":2.8255555555555554,""10000000"":4.305833333333334}","{""plinkoCenterLevel"":2,""plinkoMidLevel"":3,""plinkoJackpotLevel"":3,""plinkoAmplifierLevel"":5,""plinkoReturnLevel"":4,""plinkoSplitterLevel"":5,""plinkoJackpotBiasLevel"":4,""plinkoMaxBetLevel"":6,""plinkoCapacityLevel"":3,""plinkoInsuranceLevel"":0}"
holdout/priced-middle/cheapest-stop-none-fast,2282813976,VICTORY,14.306666666666668,10,318,35,False,3.2149999999999994,13.245000000000003,1.0616666666666654,2.969166666666668,"{""100000"":7.783333333333332,""1000000"":11.3375,""10000000"":12.800833333333337}","{""plinkoCenterLevel"":2,""plinkoMidLevel"":3,""plinkoJackpotLevel"":3,""plinkoAmplifierLevel"":5,""plinkoReturnLevel"":4,""plinkoSplitterLevel"":5,""plinkoJackpotBiasLevel"":4,""plinkoMaxBetLevel"":6,""plinkoCapacityLevel"":3,""plinkoInsuranceLevel"":0}"
holdout/priced-middle/cheapest-stop-none-fast,30059959,VICTORY,9.77861111111111,8,276,35,False,1.2822222222222224,8.614166666666666,1.1644444444444446,3.1744444444444424,"{""100000"":4.251111111111111,""1000000"":6.604166666666667,""10000000"":8.125}","{""plinkoCenterLevel"":2,""plinkoMidLevel"":3,""plinkoJackpotLevel"":3,""plinkoAmplifierLevel"":5,""plinkoReturnLevel"":4,""plinkoSplitterLevel"":5,""plinkoJackpotBiasLevel"":4,""plinkoMaxBetLevel"":6,""plinkoCapacityLevel"":3,""plinkoInsuranceLevel"":0}"
holdout/priced-middle/cheapest-stop-none-fast,2673680178,VICTORY,14.897777777777778,12,331,35,False,2.559166666666667,13.848888888888888,1.0488888888888899,2.823888888888888,"{""100000"":8.956944444444442,""1000000"":12.07388888888889,""10000000"":13.288888888888888}","{""plinkoCenterLevel"":2,""plinkoMidLevel"":3,""plinkoJackpotLevel"":3,""plinkoAmplifierLevel"":5,""plinkoReturnLevel"":4,""plinkoSplitterLevel"":5,""plinkoJackpotBiasLevel"":4,""plinkoMaxBetLevel"":6,""plinkoCapacityLevel"":3,""plinkoInsuranceLevel"":0}"
holdout/priced-middle/cheapest-stop-none-fast,1743195454,VICTORY,15.000555555555556,10,359,35,False,2.0247222222222225,13.560277777777777,1.440277777777777,4.0727777777777785,"{""100000"":7.4030555555555555,""1000000"":10.927777777777777,""10000000"":12.809444444444443}","{""plinkoCenterLevel"":2,""plinkoMidLevel"":3,""plinkoJackpotLevel"":3,""plinkoAmplifierLevel"":5,""plinkoReturnLevel"":4,""plinkoSplitterLevel"":5,""plinkoJackpotBiasLevel"":4,""plinkoMaxBetLevel"":6,""plinkoCapacityLevel"":3,""plinkoInsuranceLevel"":0}"
holdout/priced-middle/cheapest-stop-none-fast,1187533348,VICTORY,12.577222222222224,6,317,35,False,1.366944444444447,11.413888888888891,1.1633333333333327,4.01472222222222,"{""100000"":6.760833333333337,""1000000"":8.562500000000004,""10000000"":10.803333333333336}","{""plinkoCenterLevel"":2,""plinkoMidLevel"":3,""plinkoJackpotLevel"":3,""plinkoAmplifierLevel"":5,""plinkoReturnLevel"":4,""plinkoSplitterLevel"":5,""plinkoJackpotBiasLevel"":4,""plinkoMaxBetLevel"":6,""plinkoCapacityLevel"":3,""plinkoInsuranceLevel"":0}"
holdout/priced-middle/cheapest-stop-none-fast,787554971,VICTORY,12.734166666666669,8,317,35,False,2.0733333333333337,11.502222222222223,1.2319444444444456,3.532777777777781,"{""100000"":4.583888888888888,""1000000"":9.201388888888888,""10000000"":11.115555555555554}","{""plinkoCenterLevel"":2,""plinkoMidLevel"":3,""plinkoJackpotLevel"":3,""plinkoAmplifierLevel"":5,""plinkoReturnLevel"":4,""plinkoSplitterLevel"":5,""plinkoJackpotBiasLevel"":4,""plinkoMaxBetLevel"":6,""plinkoCapacityLevel"":3,""plinkoInsuranceLevel"":0}"
holdout/priced-middle/cheapest-stop-none-fast,3156266306,VICTORY,12.441111111111109,7,344,35,False,2.230833333333334,10.741666666666667,1.699444444444443,3.7899999999999974,"{""100000"":6.214444444444445,""1000000"":8.651111111111112,""10000000"":10.39472222222222}","{""plinkoCenterLevel"":2,""plinkoMidLevel"":3,""plinkoJackpotLevel"":3,""plinkoAmplifierLevel"":5,""plinkoReturnLevel"":4,""plinkoSplitterLevel"":5,""plinkoJackpotBiasLevel"":4,""plinkoMaxBetLevel"":6,""plinkoCapacityLevel"":3,""plinkoInsuranceLevel"":0}"
holdout/priced-middle/cheapest-stop-none-fast,449240800,VICTORY,13.132222222222222,8,320,35,False,2.810277777777777,12.338055555555554,0.7941666666666662,3.658333333333333,"{""100000"":5.437222222222222,""1000000"":9.473888888888888,""10000000"":11.861944444444443}","{""plinkoCenterLevel"":2,""plinkoMidLevel"":3,""plinkoJackpotLevel"":3,""plinkoAmplifierLevel"":5,""plinkoReturnLevel"":4,""plinkoSplitterLevel"":5,""plinkoJackpotBiasLevel"":4,""plinkoMaxBetLevel"":6,""plinkoCapacityLevel"":3,""plinkoInsuranceLevel"":0}"
holdout/priced-middle/cheapest-stop-none-fast,1014232512,VICTORY,12.371666666666664,9,313,35,False,2.8247222222222206,11.09083333333333,1.2808333333333337,3.3647222222222233,"{""100000"":7.989444444444443,""1000000"":9.006944444444441,""10000000"":10.67972222222222}","{""plinkoCenterLevel"":2,""plinkoMidLevel"":3,""plinkoJackpotLevel"":3,""plinkoAmplifierLevel"":5,""plinkoReturnLevel"":4,""plinkoSplitterLevel"":5,""plinkoJackpotBiasLevel"":4,""plinkoMaxBetLevel"":6,""plinkoCapacityLevel"":3,""plinkoInsuranceLevel"":0}"
holdout/priced-middle/cheapest-stop-none-fast,46504585,VICTORY,12.60527777777777,9,341,35,False,2.7580555555555537,11.463055555555549,1.1422222222222218,4.47555555555555,"{""100000"":4.018888888888889,""1000000"":8.12972222222222,""10000000"":10.907222222222215}","{""plinkoCenterLevel"":2,""plinkoMidLevel"":3,""plinkoJackpotLevel"":3,""plinkoAmplifierLevel"":5,""plinkoReturnLevel"":4,""plinkoSplitterLevel"":5,""plinkoJackpotBiasLevel"":4,""plinkoMaxBetLevel"":6,""plinkoCapacityLevel"":3,""plinkoInsuranceLevel"":0}"
holdout/priced-middle/cheapest-stop-none-fast,1402300743,VICTORY,13.030000000000001,5,366,35,False,1.988055555555556,12.161111111111113,0.8688888888888887,3.4386111111111113,"{""100000"":7.840833333333335,""1000000"":9.59138888888889,""10000000"":11.322222222222223}","{""plinkoCenterLevel"":2,""plinkoMidLevel"":3,""plinkoJackpotLevel"":3,""plinkoAmplifierLevel"":5,""plinkoReturnLevel"":4,""plinkoSplitterLevel"":5,""plinkoJackpotBiasLevel"":4,""plinkoMaxBetLevel"":6,""plinkoCapacityLevel"":3,""plinkoInsuranceLevel"":0}"
holdout/priced-middle/cheapest-stop-none-fast,3245164579,VICTORY,11.746944444444441,6,334,35,False,2.3572222222222226,10.687222222222221,1.059722222222221,3.971666666666665,"{""100000"":5.143888888888889,""1000000"":7.775277777777776,""10000000"":9.856944444444443}","{""plinkoCenterLevel"":2,""plinkoMidLevel"":3,""plinkoJackpotLevel"":3,""plinkoAmplifierLevel"":5,""plinkoReturnLevel"":4,""plinkoSplitterLevel"":5,""plinkoJackpotBiasLevel"":4,""plinkoMaxBetLevel"":6,""plinkoCapacityLevel"":3,""plinkoInsuranceLevel"":0}"
holdout/priced-middle/cheapest-stop-none-fast,613989366,VICTORY,11.890277777777781,6,330,35,False,2.5038888888888886,10.960000000000004,0.9302777777777768,3.379444444444447,"{""100000"":5.134166666666666,""1000000"":8.510833333333334,""10000000"":9.715555555555559}","{""plinkoCenterLevel"":2,""plinkoMidLevel"":3,""plinkoJackpotLevel"":3,""plinkoAmplifierLevel"":5,""plinkoReturnLevel"":4,""plinkoSplitterLevel"":5,""plinkoJackpotBiasLevel"":4,""plinkoMaxBetLevel"":6,""plinkoCapacityLevel"":3,""plinkoInsuranceLevel"":0}"
holdout/priced-middle/insurance-first-stop-32-fast,3897273837,VICTORY,18.026111111111103,11,457,32,True,2.897222222222223,15.182499999999994,2.8436111111111093,3.8002777777777776,"{""100000"":11.144444444444442,""1000000"":14.225833333333325,""10000000"":16.09999999999999}","{""plinkoCenterLevel"":2,""plinkoMidLevel"":3,""plinkoJackpotLevel"":3,""plinkoAmplifierLevel"":4,""plinkoReturnLevel"":3,""plinkoSplitterLevel"":3,""plinkoJackpotBiasLevel"":3,""plinkoMaxBetLevel"":5,""plinkoCapacityLevel"":3,""plinkoInsuranceLevel"":3}"
holdout/priced-middle/insurance-first-stop-32-fast,2426331668,VICTORY,16.48444444444444,10,416,32,True,1.9602777777777782,13.911111111111108,2.573333333333331,3.2680555555555504,"{""100000"":11.130277777777776,""1000000"":13.216388888888888,""10000000"":14.450277777777774}","{""plinkoCenterLevel"":2,""plinkoMidLevel"":3,""plinkoJackpotLevel"":3,""plinkoAmplifierLevel"":4,""plinkoReturnLevel"":3,""plinkoSplitterLevel"":3,""plinkoJackpotBiasLevel"":3,""plinkoMaxBetLevel"":5,""plinkoCapacityLevel"":3,""plinkoInsuranceLevel"":3}"
holdout/priced-middle/insurance-first-stop-32-fast,1039263005,VICTORY,9.223888888888888,7,285,32,True,0.7838888888888889,6.916388888888887,2.3075000000000006,3.6066666666666665,"{""100000"":4.611111111111111,""1000000"":5.617222222222222,""10000000"":7.27111111111111}","{""plinkoCenterLevel"":2,""plinkoMidLevel"":3,""plinkoJackpotLevel"":3,""plinkoAmplifierLevel"":4,""plinkoReturnLevel"":3,""plinkoSplitterLevel"":3,""plinkoJackpotBiasLevel"":3,""plinkoMaxBetLevel"":5,""plinkoCapacityLevel"":3,""plinkoInsuranceLevel"":3}"
holdout/priced-middle/insurance-first-stop-32-fast,151507902,VICTORY,14.849444444444442,8,390,32,True,2.5191666666666643,11.675833333333332,3.1736111111111125,4.0805555555555575,"{""100000"":9.639166666666664,""1000000"":10.768888888888885,""10000000"":12.050833333333332}","{""plinkoCenterLevel"":2,""plinkoMidLevel"":3,""plinkoJackpotLevel"":3,""plinkoAmplifierLevel"":4,""plinkoReturnLevel"":3,""plinkoSplitterLevel"":3,""plinkoJackpotBiasLevel"":3,""plinkoMaxBetLevel"":5,""plinkoCapacityLevel"":3,""plinkoInsuranceLevel"":3}"
holdout/priced-middle/insurance-first-stop-32-fast,3434515818,VICTORY,12.54027777777778,9,371,32,True,1.6033333333333322,9.812777777777777,2.7275000000000014,4.016666666666669,"{""100000"":5.584444444444444,""1000000"":8.52361111111111,""10000000"":10.437777777777777}","{""plinkoCenterLevel"":2,""plinkoMidLevel"":3,""plinkoJackpotLevel"":3,""plinkoAmplifierLevel"":4,""plinkoReturnLevel"":3,""plinkoSplitterLevel"":3,""plinkoJackpotBiasLevel"":3,""plinkoMaxBetLevel"":5,""plinkoCapacityLevel"":3,""plinkoInsuranceLevel"":3}"
holdout/priced-middle/insurance-first-stop-32-fast,2746961660,VICTORY,14.183055555555558,9,380,32,True,3.031666666666667,11.61277777777778,2.570277777777778,3.7488888888888905,"{""100000"":9.24888888888889,""1000000"":10.434166666666668,""10000000"":12.060555555555558}","{""plinkoCenterLevel"":2,""plinkoMidLevel"":3,""plinkoJackpotLevel"":3,""plinkoAmplifierLevel"":4,""plinkoReturnLevel"":3,""plinkoSplitterLevel"":3,""plinkoJackpotBiasLevel"":3,""plinkoMaxBetLevel"":5,""plinkoCapacityLevel"":3,""plinkoInsuranceLevel"":3}"
holdout/priced-middle/insurance-first-stop-32-fast,2417627433,VICTORY,12.401111111111115,11,362,32,True,1.668055555555559,9.307222222222226,3.0938888888888907,3.788611111111111,"{""100000"":5.618611111111111,""1000000"":8.612500000000004,""10000000"":10.656944444444447}","{""plinkoCenterLevel"":2,""plinkoMidLevel"":3,""plinkoJackpotLevel"":3,""plinkoAmplifierLevel"":4,""plinkoReturnLevel"":3,""plinkoSplitterLevel"":3,""plinkoJackpotBiasLevel"":3,""plinkoMaxBetLevel"":5,""plinkoCapacityLevel"":3,""plinkoInsuranceLevel"":3}"
holdout/priced-middle/insurance-first-stop-32-fast,1947903889,VICTORY,11.724444444444446,12,325,32,True,1.6838888888888883,9.108333333333333,2.6161111111111115,3.5869444444444447,"{""100000"":4.374444444444445,""1000000"":8.137500000000001,""10000000"":9.548611111111112}","{""plinkoCenterLevel"":2,""plinkoMidLevel"":3,""plinkoJackpotLevel"":3,""plinkoAmplifierLevel"":4,""plinkoReturnLevel"":3,""plinkoSplitterLevel"":3,""plinkoJackpotBiasLevel"":3,""plinkoMaxBetLevel"":5,""plinkoCapacityLevel"":3,""plinkoInsuranceLevel"":3}"
holdout/priced-middle/insurance-first-stop-32-fast,4209997488,VICTORY,13.919444444444444,8,402,32,True,1.7375,10.503333333333332,3.4161111111111118,4.814166666666667,"{""100000"":8.031111111111109,""1000000"":9.105277777777777,""10000000"":11.031944444444443}","{""plinkoCenterLevel"":2,""plinkoMidLevel"":3,""plinkoJackpotLevel"":3,""plinkoAmplifierLevel"":4,""plinkoReturnLevel"":3,""plinkoSplitterLevel"":3,""plinkoJackpotBiasLevel"":3,""plinkoMaxBetLevel"":5,""plinkoCapacityLevel"":3,""plinkoInsuranceLevel"":3}"
holdout/priced-middle/insurance-first-stop-32-fast,3563542517,VICTORY,18.35666666666667,12,429,32,True,2.3,16.170833333333338,2.185833333333331,2.994999999999999,"{""100000"":13.676944444444443,""1000000"":15.36166666666667,""10000000"":16.29055555555556}","{""plinkoCenterLevel"":2,""plinkoMidLevel"":3,""plinkoJackpotLevel"":3,""plinkoAmplifierLevel"":4,""plinkoReturnLevel"":3,""plinkoSplitterLevel"":3,""plinkoJackpotBiasLevel"":3,""plinkoMaxBetLevel"":5,""plinkoCapacityLevel"":3,""plinkoInsuranceLevel"":3}"
holdout/priced-middle/insurance-first-stop-32-fast,3154847900,VICTORY,12.312499999999996,5,361,32,True,1.7897222222222218,9.494166666666667,2.81833333333333,3.886944444444442,"{""100000"":6.335555555555556,""1000000"":8.425555555555555,""10000000"":9.865833333333333}","{""plinkoCenterLevel"":2,""plinkoMidLevel"":3,""plinkoJackpotLevel"":3,""plinkoAmplifierLevel"":4,""plinkoReturnLevel"":3,""plinkoSplitterLevel"":3,""plinkoJackpotBiasLevel"":3,""plinkoMaxBetLevel"":5,""plinkoCapacityLevel"":3,""plinkoInsuranceLevel"":3}"
holdout/priced-middle/insurance-first-stop-32-fast,2282813976,VICTORY,15.567777777777776,12,475,32,True,1.5836111111111113,11.172500000000003,4.395277777777775,5.330833333333331,"{""100000"":9.60916666666667,""1000000"":10.236944444444445,""10000000"":12.073333333333334}","{""plinkoCenterLevel"":2,""plinkoMidLevel"":3,""plinkoJackpotLevel"":3,""plinkoAmplifierLevel"":4,""plinkoReturnLevel"":3,""plinkoSplitterLevel"":3,""plinkoJackpotBiasLevel"":3,""plinkoMaxBetLevel"":5,""plinkoCapacityLevel"":3,""plinkoInsuranceLevel"":3}"
holdout/priced-middle/insurance-first-stop-32-fast,30059959,VICTORY,9.350277777777778,5,298,32,True,0.8877777777777778,6.546388888888888,2.8038888888888893,3.8850000000000007,"{""100000"":4.354722222222222,""1000000"":5.465277777777778,""10000000"":7.018333333333333}","{""plinkoCenterLevel"":2,""plinkoMidLevel"":3,""plinkoJackpotLevel"":3,""plinkoAmplifierLevel"":4,""plinkoReturnLevel"":3,""plinkoSplitterLevel"":3,""plinkoJackpotBiasLevel"":3,""plinkoMaxBetLevel"":5,""plinkoCapacityLevel"":3,""plinkoInsuranceLevel"":3}"
holdout/priced-middle/insurance-first-stop-32-fast,2673680178,VICTORY,12.302499999999998,11,346,32,True,1.4311111111111112,9.088055555555554,3.214444444444443,3.9813888888888886,"{""100000"":6.460277777777776,""1000000"":8.32111111111111,""10000000"":10.199166666666665}","{""plinkoCenterLevel"":2,""plinkoMidLevel"":3,""plinkoJackpotLevel"":3,""plinkoAmplifierLevel"":4,""plinkoReturnLevel"":3,""plinkoSplitterLevel"":3,""plinkoJackpotBiasLevel"":3,""plinkoMaxBetLevel"":5,""plinkoCapacityLevel"":3,""plinkoInsuranceLevel"":3}"
holdout/priced-middle/insurance-first-stop-32-fast,1743195454,VICTORY,13.011388888888888,12,379,32,True,1.3358333333333359,9.943055555555556,3.068333333333332,4.708611111111109,"{""100000"":4.944722222222222,""1000000"":8.302777777777779,""10000000"":10.851944444444445}","{""plinkoCenterLevel"":2,""plinkoMidLevel"":3,""plinkoJackpotLevel"":3,""plinkoAmplifierLevel"":4,""plinkoReturnLevel"":3,""plinkoSplitterLevel"":3,""plinkoJackpotBiasLevel"":3,""plinkoMaxBetLevel"":5,""plinkoCapacityLevel"":3,""plinkoInsuranceLevel"":3}"
holdout/priced-middle/insurance-first-stop-32-fast,1187533348,VICTORY,13.611388888888893,7,351,32,True,1.7861111111111114,11.407777777777783,2.2036111111111114,2.762500000000001,"{""100000"":8.969444444444445,""1000000"":10.848888888888892,""10000000"":11.678055555555561}","{""plinkoCenterLevel"":2,""plinkoMidLevel"":3,""plinkoJackpotLevel"":3,""plinkoAmplifierLevel"":4,""plinkoReturnLevel"":3,""plinkoSplitterLevel"":3,""plinkoJackpotBiasLevel"":3,""plinkoMaxBetLevel"":5,""plinkoCapacityLevel"":3,""plinkoInsuranceLevel"":3}"
holdout/priced-middle/insurance-first-stop-32-fast,787554971,VICTORY,15.418611111111108,7,403,32,True,3.330555555555556,12.192499999999997,3.22611111111111,4.005277777777778,"{""100000"":6.580833333333332,""1000000"":11.41333333333333,""10000000"":12.707499999999998}","{""plinkoCenterLevel"":2,""plinkoMidLevel"":3,""plinkoJackpotLevel"":3,""plinkoAmplifierLevel"":4,""plinkoReturnLevel"":3,""plinkoSplitterLevel"":3,""plinkoJackpotBiasLevel"":3,""plinkoMaxBetLevel"":5,""plinkoCapacityLevel"":3,""plinkoInsuranceLevel"":3}"
holdout/priced-middle/insurance-first-stop-32-fast,3156266306,VICTORY,14.23111111111111,9,420,32,True,1.5763888888888893,10.955555555555554,3.275555555555555,4.6019444444444435,"{""100000"":7.835555555555556,""1000000"":9.629166666666666,""10000000"":11.873888888888889}","{""plinkoCenterLevel"":2,""plinkoMidLevel"":3,""plinkoJackpotLevel"":3,""plinkoAmplifierLevel"":4,""plinkoReturnLevel"":3,""plinkoSplitterLevel"":3,""plinkoJackpotBiasLevel"":3,""plinkoMaxBetLevel"":5,""plinkoCapacityLevel"":3,""plinkoInsuranceLevel"":3}"
holdout/priced-middle/insurance-first-stop-32-fast,449240800,VICTORY,16.964722222222225,12,402,32,True,3.2619444444444454,14.025277777777777,2.9394444444444465,3.665277777777778,"{""100000"":10.911944444444442,""1000000"":13.299444444444447,""10000000"":14.555555555555555}","{""plinkoCenterLevel"":2,""plinkoMidLevel"":3,""plinkoJackpotLevel"":3,""plinkoAmplifierLevel"":4,""plinkoReturnLevel"":3,""plinkoSplitterLevel"":3,""plinkoJackpotBiasLevel"":3,""plinkoMaxBetLevel"":5,""plinkoCapacityLevel"":3,""plinkoInsuranceLevel"":3}"
holdout/priced-middle/insurance-first-stop-32-fast,1014232512,VICTORY,12.620000000000003,12,325,32,True,1.673333333333333,10.557500000000001,2.0625000000000018,2.6638888888888896,"{""100000"":8.649166666666668,""1000000"":9.956111111111113,""10000000"":10.999166666666667}","{""plinkoCenterLevel"":2,""plinkoMidLevel"":3,""plinkoJackpotLevel"":3,""plinkoAmplifierLevel"":4,""plinkoReturnLevel"":3,""plinkoSplitterLevel"":3,""plinkoJackpotBiasLevel"":3,""plinkoMaxBetLevel"":5,""plinkoCapacityLevel"":3,""plinkoInsuranceLevel"":3}"
holdout/priced-middle/insurance-first-stop-32-fast,46504585,VICTORY,16.403055555555554,10,468,32,True,1.4555555555555555,12.161388888888887,4.241666666666666,5.105277777777779,"{""100000"":9.65055555555555,""1000000"":11.297777777777775,""10000000"":13.058611111111107}","{""plinkoCenterLevel"":2,""plinkoMidLevel"":3,""plinkoJackpotLevel"":3,""plinkoAmplifierLevel"":4,""plinkoReturnLevel"":3,""plinkoSplitterLevel"":3,""plinkoJackpotBiasLevel"":3,""plinkoMaxBetLevel"":5,""plinkoCapacityLevel"":3,""plinkoInsuranceLevel"":3}"
holdout/priced-middle/insurance-first-stop-32-fast,1402300743,VICTORY,15.128333333333334,7,403,32,True,2.4313888888888924,12.145555555555557,2.9827777777777764,3.6827777777777744,"{""100000"":6.578055555555554,""1000000"":11.44555555555556,""10000000"":13.171666666666669}","{""plinkoCenterLevel"":2,""plinkoMidLevel"":3,""plinkoJackpotLevel"":3,""plinkoAmplifierLevel"":4,""plinkoReturnLevel"":3,""plinkoSplitterLevel"":3,""plinkoJackpotBiasLevel"":3,""plinkoMaxBetLevel"":5,""plinkoCapacityLevel"":3,""plinkoInsuranceLevel"":3}"
holdout/priced-middle/insurance-first-stop-32-fast,3245164579,VICTORY,15.843333333333332,9,384,32,True,2.5730555555555554,13.214166666666666,2.629166666666667,3.435833333333333,"{""100000"":10.616388888888888,""1000000"":12.407499999999999,""10000000"":13.667499999999997}","{""plinkoCenterLevel"":2,""plinkoMidLevel"":3,""plinkoJackpotLevel"":3,""plinkoAmplifierLevel"":4,""plinkoReturnLevel"":3,""plinkoSplitterLevel"":3,""plinkoJackpotBiasLevel"":3,""plinkoMaxBetLevel"":5,""plinkoCapacityLevel"":3,""plinkoInsuranceLevel"":3}"
holdout/priced-middle/insurance-first-stop-32-fast,613989366,VICTORY,13.786111111111115,9,423,32,True,2.189166666666666,9.799722222222226,3.986388888888888,4.782222222222222,"{""100000"":7.299166666666667,""1000000"":9.003888888888893,""10000000"":10.063333333333336}","{""plinkoCenterLevel"":2,""plinkoMidLevel"":3,""plinkoJackpotLevel"":3,""plinkoAmplifierLevel"":4,""plinkoReturnLevel"":3,""plinkoSplitterLevel"":3,""plinkoJackpotBiasLevel"":3,""plinkoMaxBetLevel"":5,""plinkoCapacityLevel"":3,""plinkoInsuranceLevel"":3}"
holdout/priced-middle/insurance-first-stop-none-fast,3897273837,VICTORY,18.19749999999999,11,444,38,False,2.897222222222223,16.864444444444437,1.3330555555555539,3.971666666666666,"{""100000"":11.144444444444442,""1000000"":14.225833333333325,""10000000"":16.204444444444437}","{""plinkoCenterLevel"":2,""plinkoMidLevel"":3,""plinkoJackpotLevel"":3,""plinkoAmplifierLevel"":5,""plinkoReturnLevel"":4,""plinkoSplitterLevel"":5,""plinkoJackpotBiasLevel"":4,""plinkoMaxBetLevel"":6,""plinkoCapacityLevel"":3,""plinkoInsuranceLevel"":3}"
holdout/priced-middle/insurance-first-stop-none-fast,2426331668,VICTORY,16.360833333333332,10,383,38,False,1.9602777777777782,15.102499999999996,1.2583333333333353,3.144444444444444,"{""100000"":11.130277777777776,""1000000"":13.216388888888888,""10000000"":14.839999999999996}","{""plinkoCenterLevel"":2,""plinkoMidLevel"":3,""plinkoJackpotLevel"":3,""plinkoAmplifierLevel"":5,""plinkoReturnLevel"":4,""plinkoSplitterLevel"":5,""plinkoJackpotBiasLevel"":4,""plinkoMaxBetLevel"":6,""plinkoCapacityLevel"":3,""plinkoInsuranceLevel"":3}"
holdout/priced-middle/insurance-first-stop-none-fast,1039263005,VICTORY,9.283611111111108,7,262,38,False,0.7838888888888889,8.375555555555554,0.9080555555555558,3.6663888888888865,"{""100000"":4.611111111111111,""1000000"":5.617222222222222,""10000000"":7.665555555555554}","{""plinkoCenterLevel"":2,""plinkoMidLevel"":3,""plinkoJackpotLevel"":3,""plinkoAmplifierLevel"":5,""plinkoReturnLevel"":4,""plinkoSplitterLevel"":5,""plinkoJackpotBiasLevel"":4,""plinkoMaxBetLevel"":6,""plinkoCapacityLevel"":3,""plinkoInsuranceLevel"":3}"
holdout/priced-middle/insurance-first-stop-none-fast,151507902,VICTORY,14.543611111111108,8,353,38,False,2.5191666666666643,12.95305555555555,1.5905555555555566,3.7747222222222234,"{""100000"":9.639166666666664,""1000000"":10.768888888888885,""10000000"":12.71305555555555}","{""plinkoCenterLevel"":2,""plinkoMidLevel"":3,""plinkoJackpotLevel"":3,""plinkoAmplifierLevel"":5,""plinkoReturnLevel"":4,""plinkoSplitterLevel"":5,""plinkoJackpotBiasLevel"":4,""plinkoMaxBetLevel"":6,""plinkoCapacityLevel"":3,""plinkoInsuranceLevel"":3}"
holdout/priced-middle/insurance-first-stop-none-fast,3434515818,VICTORY,12.078055555555554,9,326,38,False,1.6033333333333322,11.323888888888888,0.7541666666666667,3.554444444444444,"{""100000"":5.584444444444444,""1000000"":8.52361111111111,""10000000"":10.915277777777778}","{""plinkoCenterLevel"":2,""plinkoMidLevel"":3,""plinkoJackpotLevel"":3,""plinkoAmplifierLevel"":5,""plinkoReturnLevel"":4,""plinkoSplitterLevel"":5,""plinkoJackpotBiasLevel"":4,""plinkoMaxBetLevel"":6,""plinkoCapacityLevel"":3,""plinkoInsuranceLevel"":3}"
holdout/priced-middle/insurance-first-stop-none-fast,2746961660,VICTORY,13.616944444444448,9,325,38,False,3.031666666666667,12.763333333333334,0.8536111111111135,3.1827777777777797,"{""100000"":9.24888888888889,""1000000"":10.434166666666668,""10000000"":12.050555555555556}","{""plinkoCenterLevel"":2,""plinkoMidLevel"":3,""plinkoJackpotLevel"":3,""plinkoAmplifierLevel"":5,""plinkoReturnLevel"":4,""plinkoSplitterLevel"":5,""plinkoJackpotBiasLevel"":4,""plinkoMaxBetLevel"":6,""plinkoCapacityLevel"":3,""plinkoInsuranceLevel"":3}"
holdout/priced-middle/insurance-first-stop-none-fast,2417627433,VICTORY,12.22027777777778,11,334,38,False,1.668055555555559,11.17638888888889,1.0438888888888889,3.607777777777775,"{""100000"":5.618611111111111,""1000000"":8.612500000000004,""10000000"":10.926111111111114}","{""plinkoCenterLevel"":2,""plinkoMidLevel"":3,""plinkoJackpotLevel"":3,""plinkoAmplifierLevel"":5,""plinkoReturnLevel"":4,""plinkoSplitterLevel"":5,""plinkoJackpotBiasLevel"":4,""plinkoMaxBetLevel"":6,""plinkoCapacityLevel"":3,""plinkoInsuranceLevel"":3}"
holdout/priced-middle/insurance-first-stop-none-fast,1947903889,VICTORY,11.157777777777776,12,289,38,False,1.6838888888888883,10.284444444444444,0.8733333333333311,3.0202777777777747,"{""100000"":4.374444444444445,""1000000"":8.137500000000001,""10000000"":9.770277777777778}","{""plinkoCenterLevel"":2,""plinkoMidLevel"":3,""plinkoJackpotLevel"":3,""plinkoAmplifierLevel"":5,""plinkoReturnLevel"":4,""plinkoSplitterLevel"":5,""plinkoJackpotBiasLevel"":4,""plinkoMaxBetLevel"":6,""plinkoCapacityLevel"":3,""plinkoInsuranceLevel"":3}"
holdout/priced-middle/insurance-first-stop-none-fast,4209997488,VICTORY,13.198888888888888,8,333,38,False,1.7375,12.083333333333332,1.1155555555555565,4.093611111111111,"{""100000"":8.031111111111109,""1000000"":9.105277777777777,""10000000"":11.712777777777776}","{""plinkoCenterLevel"":2,""plinkoMidLevel"":3,""plinkoJackpotLevel"":3,""plinkoAmplifierLevel"":5,""plinkoReturnLevel"":4,""plinkoSplitterLevel"":5,""plinkoJackpotBiasLevel"":4,""plinkoMaxBetLevel"":6,""plinkoCapacityLevel"":3,""plinkoInsuranceLevel"":3}"
holdout/priced-middle/insurance-first-stop-none-fast,3563542517,VICTORY,18.16416666666667,12,404,38,False,2.3,17.04027777777778,1.123888888888888,2.8025,"{""100000"":13.676944444444443,""1000000"":15.36166666666667,""10000000"":16.51138888888889}","{""plinkoCenterLevel"":2,""plinkoMidLevel"":3,""plinkoJackpotLevel"":3,""plinkoAmplifierLevel"":5,""plinkoReturnLevel"":4,""plinkoSplitterLevel"":5,""plinkoJackpotBiasLevel"":4,""plinkoMaxBetLevel"":6,""plinkoCapacityLevel"":3,""plinkoInsuranceLevel"":3}"
holdout/priced-middle/insurance-first-stop-none-fast,3154847900,VICTORY,11.71888888888889,5,300,38,False,1.7897222222222218,10.337500000000002,1.3813888888888868,3.293333333333335,"{""100000"":6.335555555555556,""1000000"":8.425555555555555,""10000000"":9.88138888888889}","{""plinkoCenterLevel"":2,""plinkoMidLevel"":3,""plinkoJackpotLevel"":3,""plinkoAmplifierLevel"":5,""plinkoReturnLevel"":4,""plinkoSplitterLevel"":5,""plinkoJackpotBiasLevel"":4,""plinkoMaxBetLevel"":6,""plinkoCapacityLevel"":3,""plinkoInsuranceLevel"":3}"
holdout/priced-middle/insurance-first-stop-none-fast,2282813976,VICTORY,13.623611111111112,12,337,38,False,1.5836111111111113,12.520277777777778,1.1033333333333342,3.3866666666666667,"{""100000"":9.60916666666667,""1000000"":10.236944444444445,""10000000"":12.0425}","{""plinkoCenterLevel"":2,""plinkoMidLevel"":3,""plinkoJackpotLevel"":3,""plinkoAmplifierLevel"":5,""plinkoReturnLevel"":4,""plinkoSplitterLevel"":5,""plinkoJackpotBiasLevel"":4,""plinkoMaxBetLevel"":6,""plinkoCapacityLevel"":3,""plinkoInsuranceLevel"":3}"
holdout/priced-middle/insurance-first-stop-none-fast,30059959,VICTORY,9.334166666666667,5,274,38,False,0.8877777777777778,8.09222222222222,1.2419444444444452,3.868888888888889,"{""100000"":4.354722222222222,""1000000"":5.465277777777778,""10000000"":7.436666666666666}","{""plinkoCenterLevel"":2,""plinkoMidLevel"":3,""plinkoJackpotLevel"":3,""plinkoAmplifierLevel"":5,""plinkoReturnLevel"":4,""plinkoSplitterLevel"":5,""plinkoJackpotBiasLevel"":4,""plinkoMaxBetLevel"":6,""plinkoCapacityLevel"":3,""plinkoInsuranceLevel"":3}"
holdout/priced-middle/insurance-first-stop-none-fast,2673680178,VICTORY,11.906388888888888,11,303,38,False,1.4311111111111112,11.021944444444443,0.8844444444444435,3.585277777777778,"{""100000"":6.460277777777776,""1000000"":8.32111111111111,""10000000"":10.65861111111111}","{""plinkoCenterLevel"":2,""plinkoMidLevel"":3,""plinkoJackpotLevel"":3,""plinkoAmplifierLevel"":5,""plinkoReturnLevel"":4,""plinkoSplitterLevel"":5,""plinkoJackpotBiasLevel"":4,""plinkoMaxBetLevel"":6,""plinkoCapacityLevel"":3,""plinkoInsuranceLevel"":3}"
holdout/priced-middle/insurance-first-stop-none-fast,1743195454,VICTORY,12.82,12,335,38,False,1.3358333333333359,11.438611111111111,1.3813888888888888,4.517222222222221,"{""100000"":4.944722222222222,""1000000"":8.302777777777779,""10000000"":10.819166666666668}","{""plinkoCenterLevel"":2,""plinkoMidLevel"":3,""plinkoJackpotLevel"":3,""plinkoAmplifierLevel"":5,""plinkoReturnLevel"":4,""plinkoSplitterLevel"":5,""plinkoJackpotBiasLevel"":4,""plinkoMaxBetLevel"":6,""plinkoCapacityLevel"":3,""plinkoInsuranceLevel"":3}"
holdout/priced-middle/insurance-first-stop-none-fast,1187533348,VICTORY,13.87972222222223,7,351,38,False,1.7861111111111114,12.56083333333334,1.3188888888888888,3.0308333333333373,"{""100000"":8.969444444444445,""1000000"":10.848888888888892,""10000000"":11.977222222222228}","{""plinkoCenterLevel"":2,""plinkoMidLevel"":3,""plinkoJackpotLevel"":3,""plinkoAmplifierLevel"":5,""plinkoReturnLevel"":4,""plinkoSplitterLevel"":5,""plinkoJackpotBiasLevel"":4,""plinkoMaxBetLevel"":6,""plinkoCapacityLevel"":3,""plinkoInsuranceLevel"":3}"
holdout/priced-middle/insurance-first-stop-none-fast,787554971,VICTORY,14.782222222222218,7,345,38,False,3.330555555555556,13.48194444444444,1.3002777777777774,3.368888888888888,"{""100000"":6.580833333333332,""1000000"":11.41333333333333,""10000000"":12.497222222222218}","{""plinkoCenterLevel"":2,""plinkoMidLevel"":3,""plinkoJackpotLevel"":3,""plinkoAmplifierLevel"":5,""plinkoReturnLevel"":4,""plinkoSplitterLevel"":5,""plinkoJackpotBiasLevel"":4,""plinkoMaxBetLevel"":6,""plinkoCapacityLevel"":3,""plinkoInsuranceLevel"":3}"
holdout/priced-middle/insurance-first-stop-none-fast,3156266306,VICTORY,14.285000000000002,9,401,38,False,1.5763888888888893,12.948333333333334,1.3366666666666673,4.6558333333333355,"{""100000"":7.835555555555556,""1000000"":9.629166666666666,""10000000"":11.957777777777778}","{""plinkoCenterLevel"":2,""plinkoMidLevel"":3,""plinkoJackpotLevel"":3,""plinkoAmplifierLevel"":5,""plinkoReturnLevel"":4,""plinkoSplitterLevel"":5,""plinkoJackpotBiasLevel"":4,""plinkoMaxBetLevel"":6,""plinkoCapacityLevel"":3,""plinkoInsuranceLevel"":3}"
holdout/priced-middle/insurance-first-stop-none-fast,449240800,VICTORY,16.38,12,352,38,False,3.2619444444444454,15.540555555555555,0.8394444444444427,3.080555555555552,"{""100000"":10.911944444444442,""1000000"":13.299444444444447,""10000000"":14.994166666666667}","{""plinkoCenterLevel"":2,""plinkoMidLevel"":3,""plinkoJackpotLevel"":3,""plinkoAmplifierLevel"":5,""plinkoReturnLevel"":4,""plinkoSplitterLevel"":5,""plinkoJackpotBiasLevel"":4,""plinkoMaxBetLevel"":6,""plinkoCapacityLevel"":3,""plinkoInsuranceLevel"":3}"
holdout/priced-middle/insurance-first-stop-none-fast,1014232512,VICTORY,13.067222222222224,12,323,38,False,1.673333333333333,11.754444444444447,1.3127777777777776,3.1111111111111107,"{""100000"":8.649166666666668,""1000000"":9.956111111111113,""10000000"":10.965555555555557}","{""plinkoCenterLevel"":2,""plinkoMidLevel"":3,""plinkoJackpotLevel"":3,""plinkoAmplifierLevel"":5,""plinkoReturnLevel"":4,""plinkoSplitterLevel"":5,""plinkoJackpotBiasLevel"":4,""plinkoMaxBetLevel"":6,""plinkoCapacityLevel"":3,""plinkoInsuranceLevel"":3}"
holdout/priced-middle/insurance-first-stop-none-fast,46504585,VICTORY,15.222499999999997,10,380,38,False,1.4555555555555555,13.919444444444443,1.3030555555555547,3.924722222222222,"{""100000"":9.65055555555555,""1000000"":11.297777777777775,""10000000"":13.375277777777773}","{""plinkoCenterLevel"":2,""plinkoMidLevel"":3,""plinkoJackpotLevel"":3,""plinkoAmplifierLevel"":5,""plinkoReturnLevel"":4,""plinkoSplitterLevel"":5,""plinkoJackpotBiasLevel"":4,""plinkoMaxBetLevel"":6,""plinkoCapacityLevel"":3,""plinkoInsuranceLevel"":3}"
holdout/priced-middle/insurance-first-stop-none-fast,1402300743,VICTORY,14.629444444444447,7,351,38,False,2.4313888888888924,13.904722222222226,0.7247222222222206,3.1838888888888874,"{""100000"":6.578055555555554,""1000000"":11.44555555555556,""10000000"":13.027500000000003}","{""plinkoCenterLevel"":2,""plinkoMidLevel"":3,""plinkoJackpotLevel"":3,""plinkoAmplifierLevel"":5,""plinkoReturnLevel"":4,""plinkoSplitterLevel"":5,""plinkoJackpotBiasLevel"":4,""plinkoMaxBetLevel"":6,""plinkoCapacityLevel"":3,""plinkoInsuranceLevel"":3}"
holdout/priced-middle/insurance-first-stop-none-fast,3245164579,VICTORY,15.147222222222222,9,324,38,False,2.5730555555555554,14.194999999999999,0.952222222222224,2.7397222222222233,"{""100000"":10.616388888888888,""1000000"":12.407499999999999,""10000000"":13.446944444444444}","{""plinkoCenterLevel"":2,""plinkoMidLevel"":3,""plinkoJackpotLevel"":3,""plinkoAmplifierLevel"":5,""plinkoReturnLevel"":4,""plinkoSplitterLevel"":5,""plinkoJackpotBiasLevel"":4,""plinkoMaxBetLevel"":6,""plinkoCapacityLevel"":3,""plinkoInsuranceLevel"":3}"
holdout/priced-middle/insurance-first-stop-none-fast,613989366,VICTORY,12.043888888888889,9,312,38,False,2.189166666666666,11.281111111111112,0.7627777777777757,3.0399999999999956,"{""100000"":7.299166666666667,""1000000"":9.003888888888893,""10000000"":9.999444444444448}","{""plinkoCenterLevel"":2,""plinkoMidLevel"":3,""plinkoJackpotLevel"":3,""plinkoAmplifierLevel"":5,""plinkoReturnLevel"":4,""plinkoSplitterLevel"":5,""plinkoJackpotBiasLevel"":4,""plinkoMaxBetLevel"":6,""plinkoCapacityLevel"":3,""plinkoInsuranceLevel"":3}"
holdout/priced-middle/stake-first-stop-32-fast,3897273837,VICTORY,12.155833333333334,11,267,32,True,1.451388888888889,11.022500000000003,1.1333333333333315,2.689166666666667,"{""100000"":4.045,""1000000"":9.466666666666667,""10000000"":11.280000000000001}","{""plinkoCenterLevel"":2,""plinkoMidLevel"":3,""plinkoJackpotLevel"":3,""plinkoAmplifierLevel"":4,""plinkoReturnLevel"":3,""plinkoSplitterLevel"":4,""plinkoJackpotBiasLevel"":4,""plinkoMaxBetLevel"":6,""plinkoCapacityLevel"":3,""plinkoInsuranceLevel"":0}"
holdout/priced-middle/stake-first-stop-32-fast,2426331668,VICTORY,12.457222222222223,9,310,32,True,1.2605555555555554,10.733055555555554,1.7241666666666693,3.135555555555557,"{""100000"":6.151111111111112,""1000000"":9.321666666666665,""10000000"":11.289722222222222}","{""plinkoCenterLevel"":2,""plinkoMidLevel"":3,""plinkoJackpotLevel"":3,""plinkoAmplifierLevel"":4,""plinkoReturnLevel"":3,""plinkoSplitterLevel"":4,""plinkoJackpotBiasLevel"":4,""plinkoMaxBetLevel"":6,""plinkoCapacityLevel"":3,""plinkoInsuranceLevel"":0}"
holdout/priced-middle/stake-first-stop-32-fast,1039263005,VICTORY,7.057499999999999,9,191,32,True,0.7622222222222222,5.683888888888888,1.3736111111111104,2.38,"{""100000"":3.201944444444444,""1000000"":4.677499999999999,""10000000"":6.18361111111111}","{""plinkoCenterLevel"":2,""plinkoMidLevel"":3,""plinkoJackpotLevel"":3,""plinkoAmplifierLevel"":4,""plinkoReturnLevel"":3,""plinkoSplitterLevel"":4,""plinkoJackpotBiasLevel"":4,""plinkoMaxBetLevel"":6,""plinkoCapacityLevel"":3,""plinkoInsuranceLevel"":0}"
holdout/priced-middle/stake-first-stop-32-fast,151507902,VICTORY,12.326388888888882,5,314,32,True,2.0349999999999997,10.642222222222218,1.684166666666664,3.0913888888888863,"{""100000"":8.506944444444443,""1000000"":9.234999999999996,""10000000"":10.76194444444444}","{""plinkoCenterLevel"":2,""plinkoMidLevel"":3,""plinkoJackpotLevel"":3,""plinkoAmplifierLevel"":4,""plinkoReturnLevel"":3,""plinkoSplitterLevel"":4,""plinkoJackpotBiasLevel"":4,""plinkoMaxBetLevel"":6,""plinkoCapacityLevel"":3,""plinkoInsuranceLevel"":0}"
holdout/priced-middle/stake-first-stop-32-fast,3434515818,VICTORY,14.260833333333332,10,318,32,True,2.0533333333333332,13.113333333333333,1.1475000000000004,2.272499999999999,"{""100000"":7.799722222222219,""1000000"":11.988333333333333,""10000000"":13.300277777777778}","{""plinkoCenterLevel"":2,""plinkoMidLevel"":3,""plinkoJackpotLevel"":3,""plinkoAmplifierLevel"":4,""plinkoReturnLevel"":3,""plinkoSplitterLevel"":4,""plinkoJackpotBiasLevel"":4,""plinkoMaxBetLevel"":6,""plinkoCapacityLevel"":3,""plinkoInsuranceLevel"":0}"
holdout/priced-middle/stake-first-stop-32-fast,2746961660,VICTORY,13.749166666666666,11,317,32,True,1.5225000000000013,12.517777777777777,1.2313888888888889,2.7624999999999975,"{""100000"":9.549444444444445,""1000000"":10.986666666666668,""10000000"":12.517777777777777}","{""plinkoCenterLevel"":2,""plinkoMidLevel"":3,""plinkoJackpotLevel"":3,""plinkoAmplifierLevel"":4,""plinkoReturnLevel"":3,""plinkoSplitterLevel"":4,""plinkoJackpotBiasLevel"":4,""plinkoMaxBetLevel"":6,""plinkoCapacityLevel"":3,""plinkoInsuranceLevel"":0}"
holdout/priced-middle/stake-first-stop-32-fast,2417627433,VICTORY,13.724166666666667,8,306,32,True,3.9827777777777778,12.751111111111111,0.9730555555555555,3.295,"{""100000"":8.404722222222224,""1000000"":10.429166666666667,""10000000"":12.738611111111112}","{""plinkoCenterLevel"":2,""plinkoMidLevel"":3,""plinkoJackpotLevel"":3,""plinkoAmplifierLevel"":4,""plinkoReturnLevel"":3,""plinkoSplitterLevel"":4,""plinkoJackpotBiasLevel"":4,""plinkoMaxBetLevel"":6,""plinkoCapacityLevel"":3,""plinkoInsuranceLevel"":0}"
holdout/priced-middle/stake-first-stop-32-fast,1947903889,VICTORY,13.630833333333335,15,276,32,True,1.3611111111111105,12.420277777777782,1.2105555555555536,2.804999999999998,"{""100000"":5.620833333333334,""1000000"":10.825833333333337,""10000000"":12.41194444444445}","{""plinkoCenterLevel"":2,""plinkoMidLevel"":3,""plinkoJackpotLevel"":3,""plinkoAmplifierLevel"":4,""plinkoReturnLevel"":3,""plinkoSplitterLevel"":4,""plinkoJackpotBiasLevel"":4,""plinkoMaxBetLevel"":6,""plinkoCapacityLevel"":3,""plinkoInsuranceLevel"":0}"
holdout/priced-middle/stake-first-stop-32-fast,4209997488,BARRY_LOSS,7.039166666666666,10,79,14,False,2.2525000000000004,6.756666666666666,0.2824999999999998,,"{""100000"":6.748333333333333,""1000000"":null,""10000000"":null}","{""plinkoCenterLevel"":2,""plinkoMidLevel"":2,""plinkoJackpotLevel"":1,""plinkoAmplifierLevel"":1,""plinkoReturnLevel"":1,""plinkoSplitterLevel"":1,""plinkoJackpotBiasLevel"":1,""plinkoMaxBetLevel"":3,""plinkoCapacityLevel"":2,""plinkoInsuranceLevel"":0}"
holdout/priced-middle/stake-first-stop-32-fast,3563542517,VICTORY,18.95222222222223,13,412,32,True,3.804444444444445,17.95666666666667,0.9955555555555559,2.7919444444444466,"{""100000"":14.343611111111112,""1000000"":16.160277777777782,""10000000"":18.347222222222225}","{""plinkoCenterLevel"":2,""plinkoMidLevel"":3,""plinkoJackpotLevel"":3,""plinkoAmplifierLevel"":4,""plinkoReturnLevel"":3,""plinkoSplitterLevel"":4,""plinkoJackpotBiasLevel"":4,""plinkoMaxBetLevel"":6,""plinkoCapacityLevel"":3,""plinkoInsuranceLevel"":0}"
holdout/priced-middle/stake-first-stop-32-fast,3154847900,VICTORY,5.873055555555555,5,160,32,True,0.7858333333333333,4.620277777777778,1.252777777777777,2.1969444444444446,"{""100000"":2.2186111111111106,""1000000"":3.6761111111111107,""10000000"":4.808055555555556}","{""plinkoCenterLevel"":2,""plinkoMidLevel"":3,""plinkoJackpotLevel"":3,""plinkoAmplifierLevel"":4,""plinkoReturnLevel"":3,""plinkoSplitterLevel"":4,""plinkoJackpotBiasLevel"":4,""plinkoMaxBetLevel"":6,""plinkoCapacityLevel"":3,""plinkoInsuranceLevel"":0}"
holdout/priced-middle/stake-first-stop-32-fast,2282813976,VICTORY,14.337777777777776,11,290,32,True,2.1805555555555562,12.980833333333331,1.3569444444444438,2.308055555555555,"{""100000"":7.783333333333332,""1000000"":12.02972222222222,""10000000"":13.355555555555554}","{""plinkoCenterLevel"":2,""plinkoMidLevel"":3,""plinkoJackpotLevel"":3,""plinkoAmplifierLevel"":4,""plinkoReturnLevel"":3,""plinkoSplitterLevel"":4,""plinkoJackpotBiasLevel"":4,""plinkoMaxBetLevel"":6,""plinkoCapacityLevel"":3,""plinkoInsuranceLevel"":0}"
holdout/priced-middle/stake-first-stop-32-fast,30059959,VICTORY,8.860555555555555,8,248,32,True,1.117777777777778,7.3116666666666665,1.548888888888889,3.144722222222221,"{""100000"":4.251111111111111,""1000000"":5.715833333333334,""10000000"":7.701944444444445}","{""plinkoCenterLevel"":2,""plinkoMidLevel"":3,""plinkoJackpotLevel"":3,""plinkoAmplifierLevel"":4,""plinkoReturnLevel"":3,""plinkoSplitterLevel"":4,""plinkoJackpotBiasLevel"":4,""plinkoMaxBetLevel"":6,""plinkoCapacityLevel"":3,""plinkoInsuranceLevel"":0}"
holdout/priced-middle/stake-first-stop-32-fast,2673680178,VICTORY,15.370000000000006,13,300,32,True,2.559166666666667,14.11444444444445,1.2555555555555562,2.993333333333334,"{""100000"":8.956944444444442,""1000000"":12.376666666666672,""10000000"":14.320555555555561}","{""plinkoCenterLevel"":2,""plinkoMidLevel"":3,""plinkoJackpotLevel"":3,""plinkoAmplifierLevel"":4,""plinkoReturnLevel"":3,""plinkoSplitterLevel"":4,""plinkoJackpotBiasLevel"":4,""plinkoMaxBetLevel"":6,""plinkoCapacityLevel"":3,""plinkoInsuranceLevel"":0}"
holdout/priced-middle/stake-first-stop-32-fast,1743195454,VICTORY,15.679999999999996,11,359,32,True,1.6583333333333314,13.715555555555552,1.9644444444444427,2.6480555555555547,"{""100000"":7.4030555555555555,""1000000"":13.031944444444441,""10000000"":14.377499999999996}","{""plinkoCenterLevel"":2,""plinkoMidLevel"":3,""plinkoJackpotLevel"":3,""plinkoAmplifierLevel"":4,""plinkoReturnLevel"":3,""plinkoSplitterLevel"":4,""plinkoJackpotBiasLevel"":4,""plinkoMaxBetLevel"":6,""plinkoCapacityLevel"":3,""plinkoInsuranceLevel"":0}"
holdout/priced-middle/stake-first-stop-32-fast,1187533348,VICTORY,11.45555555555556,6,277,32,True,1.366944444444447,10.198611111111115,1.2569444444444458,2.153611111111113,"{""100000"":6.760833333333337,""1000000"":9.301944444444446,""10000000"":10.824722222222226}","{""plinkoCenterLevel"":2,""plinkoMidLevel"":3,""plinkoJackpotLevel"":3,""plinkoAmplifierLevel"":4,""plinkoReturnLevel"":3,""plinkoSplitterLevel"":4,""plinkoJackpotBiasLevel"":4,""plinkoMaxBetLevel"":6,""plinkoCapacityLevel"":3,""plinkoInsuranceLevel"":0}"
holdout/priced-middle/stake-first-stop-32-fast,787554971,VICTORY,11.555833333333332,8,291,32,True,1.824444444444444,10.053888888888887,1.5019444444444445,2.8127777777777787,"{""100000"":4.583888888888888,""1000000"":8.743055555555554,""10000000"":10.66611111111111}","{""plinkoCenterLevel"":2,""plinkoMidLevel"":3,""plinkoJackpotLevel"":3,""plinkoAmplifierLevel"":4,""plinkoReturnLevel"":3,""plinkoSplitterLevel"":4,""plinkoJackpotBiasLevel"":4,""plinkoMaxBetLevel"":6,""plinkoCapacityLevel"":3,""plinkoInsuranceLevel"":0}"
holdout/priced-middle/stake-first-stop-32-fast,3156266306,VICTORY,11.854166666666664,7,330,32,True,2.230833333333334,9.95361111111111,1.900555555555555,3.224722222222221,"{""100000"":6.214444444444445,""1000000"":8.629444444444443,""10000000"":9.95361111111111}","{""plinkoCenterLevel"":2,""plinkoMidLevel"":3,""plinkoJackpotLevel"":3,""plinkoAmplifierLevel"":4,""plinkoReturnLevel"":3,""plinkoSplitterLevel"":4,""plinkoJackpotBiasLevel"":4,""plinkoMaxBetLevel"":6,""plinkoCapacityLevel"":3,""plinkoInsuranceLevel"":0}"
holdout/priced-middle/stake-first-stop-32-fast,449240800,VICTORY,15.469722222222224,11,342,32,True,2.614722222222222,13.415833333333333,2.0538888888888893,4.971388888888892,"{""100000"":5.437222222222222,""1000000"":10.498333333333331,""10000000"":14.0625}","{""plinkoCenterLevel"":2,""plinkoMidLevel"":3,""plinkoJackpotLevel"":3,""plinkoAmplifierLevel"":4,""plinkoReturnLevel"":3,""plinkoSplitterLevel"":4,""plinkoJackpotBiasLevel"":4,""plinkoMaxBetLevel"":6,""plinkoCapacityLevel"":3,""plinkoInsuranceLevel"":0}"
holdout/priced-middle/stake-first-stop-32-fast,1014232512,VICTORY,12.856388888888887,10,293,32,True,2.8247222222222206,11.337777777777777,1.5186111111111094,2.2702777777777765,"{""100000"":7.989444444444443,""1000000"":10.58611111111111,""10000000"":11.61111111111111}","{""plinkoCenterLevel"":2,""plinkoMidLevel"":3,""plinkoJackpotLevel"":3,""plinkoAmplifierLevel"":4,""plinkoReturnLevel"":3,""plinkoSplitterLevel"":4,""plinkoJackpotBiasLevel"":4,""plinkoMaxBetLevel"":6,""plinkoCapacityLevel"":3,""plinkoInsuranceLevel"":0}"
holdout/priced-middle/stake-first-stop-32-fast,46504585,VICTORY,12.455833333333326,7,311,32,True,2.510833333333333,10.589722222222216,1.8661111111111097,3.529722222222219,"{""100000"":4.018888888888889,""1000000"":8.926111111111107,""10000000"":10.589722222222216}","{""plinkoCenterLevel"":2,""plinkoMidLevel"":3,""plinkoJackpotLevel"":3,""plinkoAmplifierLevel"":4,""plinkoReturnLevel"":3,""plinkoSplitterLevel"":4,""plinkoJackpotBiasLevel"":4,""plinkoMaxBetLevel"":6,""plinkoCapacityLevel"":3,""plinkoInsuranceLevel"":0}"
holdout/priced-middle/stake-first-stop-32-fast,1402300743,VICTORY,14.634722222222221,5,387,32,True,1.988055555555556,13.3875,1.247222222222221,4.30111111111111,"{""100000"":7.840833333333335,""1000000"":10.33361111111111,""10000000"":13.56}","{""plinkoCenterLevel"":2,""plinkoMidLevel"":3,""plinkoJackpotLevel"":3,""plinkoAmplifierLevel"":4,""plinkoReturnLevel"":3,""plinkoSplitterLevel"":4,""plinkoJackpotBiasLevel"":4,""plinkoMaxBetLevel"":6,""plinkoCapacityLevel"":3,""plinkoInsuranceLevel"":0}"
holdout/priced-middle/stake-first-stop-32-fast,3245164579,VICTORY,10.46472222222222,5,276,32,True,2.3572222222222226,9.210277777777776,1.2544444444444443,3.432777777777776,"{""100000"":5.143888888888889,""1000000"":7.031944444444443,""10000000"":9.983055555555554}","{""plinkoCenterLevel"":2,""plinkoMidLevel"":3,""plinkoJackpotLevel"":3,""plinkoAmplifierLevel"":4,""plinkoReturnLevel"":3,""plinkoSplitterLevel"":4,""plinkoJackpotBiasLevel"":4,""plinkoMaxBetLevel"":6,""plinkoCapacityLevel"":3,""plinkoInsuranceLevel"":0}"
holdout/priced-middle/stake-first-stop-32-fast,613989366,VICTORY,11.666666666666666,7,305,32,True,2.1430555555555553,10.25,1.4166666666666667,3.033333333333335,"{""100000"":5.80972222222222,""1000000"":8.633333333333331,""10000000"":10.25}","{""plinkoCenterLevel"":2,""plinkoMidLevel"":3,""plinkoJackpotLevel"":3,""plinkoAmplifierLevel"":4,""plinkoReturnLevel"":3,""plinkoSplitterLevel"":4,""plinkoJackpotBiasLevel"":4,""plinkoMaxBetLevel"":6,""plinkoCapacityLevel"":3,""plinkoInsuranceLevel"":0}"
holdout/priced-middle/stake-first-stop-none-fast,3897273837,VICTORY,12.67666666666667,11,291,35,False,1.451388888888889,11.64916666666667,1.0274999999999996,3.2100000000000026,"{""100000"":4.045,""1000000"":9.466666666666667,""10000000"":11.227500000000001}","{""plinkoCenterLevel"":2,""plinkoMidLevel"":3,""plinkoJackpotLevel"":3,""plinkoAmplifierLevel"":5,""plinkoReturnLevel"":4,""plinkoSplitterLevel"":5,""plinkoJackpotBiasLevel"":4,""plinkoMaxBetLevel"":6,""plinkoCapacityLevel"":3,""plinkoInsuranceLevel"":0}"
holdout/priced-middle/stake-first-stop-none-fast,2426331668,VICTORY,13.414722222222224,9,353,35,False,1.2605555555555554,11.42388888888889,1.9908333333333341,4.0930555555555586,"{""100000"":6.151111111111112,""1000000"":9.321666666666665,""10000000"":11.029166666666667}","{""plinkoCenterLevel"":2,""plinkoMidLevel"":3,""plinkoJackpotLevel"":3,""plinkoAmplifierLevel"":5,""plinkoReturnLevel"":4,""plinkoSplitterLevel"":5,""plinkoJackpotBiasLevel"":4,""plinkoMaxBetLevel"":6,""plinkoCapacityLevel"":3,""plinkoInsuranceLevel"":0}"
holdout/priced-middle/stake-first-stop-none-fast,1039263005,VICTORY,7.7044444444444435,9,221,35,False,0.7622222222222222,6.4897222222222215,1.214722222222222,3.026944444444444,"{""100000"":3.201944444444444,""1000000"":4.677499999999999,""10000000"":6.092777777777777}","{""plinkoCenterLevel"":2,""plinkoMidLevel"":3,""plinkoJackpotLevel"":3,""plinkoAmplifierLevel"":5,""plinkoReturnLevel"":4,""plinkoSplitterLevel"":5,""plinkoJackpotBiasLevel"":4,""plinkoMaxBetLevel"":6,""plinkoCapacityLevel"":3,""plinkoInsuranceLevel"":0}"
holdout/priced-middle/stake-first-stop-none-fast,151507902,VICTORY,12.55166666666666,5,309,35,False,2.0349999999999997,11.202222222222218,1.3494444444444431,3.3166666666666647,"{""100000"":8.506944444444443,""1000000"":9.234999999999996,""10000000"":10.76194444444444}","{""plinkoCenterLevel"":2,""plinkoMidLevel"":3,""plinkoJackpotLevel"":3,""plinkoAmplifierLevel"":5,""plinkoReturnLevel"":4,""plinkoSplitterLevel"":5,""plinkoJackpotBiasLevel"":4,""plinkoMaxBetLevel"":6,""plinkoCapacityLevel"":3,""plinkoInsuranceLevel"":0}"
holdout/priced-middle/stake-first-stop-none-fast,3434515818,VICTORY,15.025833333333335,10,342,35,False,2.0533333333333332,13.880833333333333,1.1450000000000007,3.0375000000000014,"{""100000"":7.799722222222219,""1000000"":11.988333333333333,""10000000"":13.65611111111111}","{""plinkoCenterLevel"":2,""plinkoMidLevel"":3,""plinkoJackpotLevel"":3,""plinkoAmplifierLevel"":5,""plinkoReturnLevel"":4,""plinkoSplitterLevel"":5,""plinkoJackpotBiasLevel"":4,""plinkoMaxBetLevel"":6,""plinkoCapacityLevel"":3,""plinkoInsuranceLevel"":0}"
holdout/priced-middle/stake-first-stop-none-fast,2746961660,VICTORY,13.993055555555554,11,317,35,False,1.5225000000000013,13.195277777777777,0.7977777777777779,3.0063888888888854,"{""100000"":9.549444444444445,""1000000"":10.986666666666668,""10000000"":12.517777777777777}","{""plinkoCenterLevel"":2,""plinkoMidLevel"":3,""plinkoJackpotLevel"":3,""plinkoAmplifierLevel"":5,""plinkoReturnLevel"":4,""plinkoSplitterLevel"":5,""plinkoJackpotBiasLevel"":4,""plinkoMaxBetLevel"":6,""plinkoCapacityLevel"":3,""plinkoInsuranceLevel"":0}"
holdout/priced-middle/stake-first-stop-none-fast,2417627433,VICTORY,14.634166666666667,8,347,35,False,3.9827777777777778,13.33138888888889,1.3027777777777771,4.205,"{""100000"":8.404722222222224,""1000000"":10.429166666666667,""10000000"":12.738611111111112}","{""plinkoCenterLevel"":2,""plinkoMidLevel"":3,""plinkoJackpotLevel"":3,""plinkoAmplifierLevel"":5,""plinkoReturnLevel"":4,""plinkoSplitterLevel"":5,""plinkoJackpotBiasLevel"":4,""plinkoMaxBetLevel"":6,""plinkoCapacityLevel"":3,""plinkoInsuranceLevel"":0}"
holdout/priced-middle/stake-first-stop-none-fast,1947903889,VICTORY,13.764166666666672,15,276,35,False,1.3611111111111105,13.066388888888893,0.6977777777777779,2.9383333333333344,"{""100000"":5.620833333333334,""1000000"":10.825833333333337,""10000000"":12.41194444444445}","{""plinkoCenterLevel"":2,""plinkoMidLevel"":3,""plinkoJackpotLevel"":3,""plinkoAmplifierLevel"":5,""plinkoReturnLevel"":4,""plinkoSplitterLevel"":5,""plinkoJackpotBiasLevel"":4,""plinkoMaxBetLevel"":6,""plinkoCapacityLevel"":3,""plinkoInsuranceLevel"":0}"
holdout/priced-middle/stake-first-stop-none-fast,4209997488,BARRY_LOSS,7.039166666666666,10,79,14,False,2.2525000000000004,6.756666666666666,0.2824999999999998,,"{""100000"":6.748333333333333,""1000000"":null,""10000000"":null}","{""plinkoCenterLevel"":2,""plinkoMidLevel"":2,""plinkoJackpotLevel"":1,""plinkoAmplifierLevel"":1,""plinkoReturnLevel"":1,""plinkoSplitterLevel"":1,""plinkoJackpotBiasLevel"":1,""plinkoMaxBetLevel"":3,""plinkoCapacityLevel"":2,""plinkoInsuranceLevel"":0}"
holdout/priced-middle/stake-first-stop-none-fast,3563542517,VICTORY,19.511388888888895,13,436,35,False,3.804444444444445,18.412500000000005,1.09888888888889,3.3511111111111127,"{""100000"":14.343611111111112,""1000000"":16.160277777777782,""10000000"":18.105277777777783}","{""plinkoCenterLevel"":2,""plinkoMidLevel"":3,""plinkoJackpotLevel"":3,""plinkoAmplifierLevel"":5,""plinkoReturnLevel"":4,""plinkoSplitterLevel"":5,""plinkoJackpotBiasLevel"":4,""plinkoMaxBetLevel"":6,""plinkoCapacityLevel"":3,""plinkoInsuranceLevel"":0}"
holdout/priced-middle/stake-first-stop-none-fast,3154847900,VICTORY,6.969722222222223,5,200,35,False,0.7858333333333333,5.2716666666666665,1.6980555555555563,3.293611111111112,"{""100000"":2.2186111111111106,""1000000"":3.6761111111111107,""10000000"":4.8005555555555555}","{""plinkoCenterLevel"":2,""plinkoMidLevel"":3,""plinkoJackpotLevel"":3,""plinkoAmplifierLevel"":5,""plinkoReturnLevel"":4,""plinkoSplitterLevel"":5,""plinkoJackpotBiasLevel"":4,""plinkoMaxBetLevel"":6,""plinkoCapacityLevel"":3,""plinkoInsuranceLevel"":0}"
holdout/priced-middle/stake-first-stop-none-fast,2282813976,VICTORY,14.865555555555554,11,308,35,False,2.1805555555555562,13.793055555555554,1.0725000000000005,2.8358333333333334,"{""100000"":7.783333333333332,""1000000"":12.02972222222222,""10000000"":13.538888888888888}","{""plinkoCenterLevel"":2,""plinkoMidLevel"":3,""plinkoJackpotLevel"":3,""plinkoAmplifierLevel"":5,""plinkoReturnLevel"":4,""plinkoSplitterLevel"":5,""plinkoJackpotBiasLevel"":4,""plinkoMaxBetLevel"":6,""plinkoCapacityLevel"":3,""plinkoInsuranceLevel"":0}"
holdout/priced-middle/stake-first-stop-none-fast,30059959,VICTORY,9.479722222222222,8,264,35,False,1.117777777777778,8.458055555555555,1.0216666666666658,3.7638888888888875,"{""100000"":4.251111111111111,""1000000"":5.715833333333334,""10000000"":7.664722222222222}","{""plinkoCenterLevel"":2,""plinkoMidLevel"":3,""plinkoJackpotLevel"":3,""plinkoAmplifierLevel"":5,""plinkoReturnLevel"":4,""plinkoSplitterLevel"":5,""plinkoJackpotBiasLevel"":4,""plinkoMaxBetLevel"":6,""plinkoCapacityLevel"":3,""plinkoInsuranceLevel"":0}"
holdout/priced-middle/stake-first-stop-none-fast,2673680178,VICTORY,15.78805555555556,13,328,35,False,2.559166666666667,14.625555555555561,1.1625,3.4113888888888884,"{""100000"":8.956944444444442,""1000000"":12.376666666666672,""10000000"":14.320555555555561}","{""plinkoCenterLevel"":2,""plinkoMidLevel"":3,""plinkoJackpotLevel"":3,""plinkoAmplifierLevel"":5,""plinkoReturnLevel"":4,""plinkoSplitterLevel"":5,""plinkoJackpotBiasLevel"":4,""plinkoMaxBetLevel"":6,""plinkoCapacityLevel"":3,""plinkoInsuranceLevel"":0}"
holdout/priced-middle/stake-first-stop-none-fast,1743195454,VICTORY,16.383888888888883,11,370,35,False,1.6583333333333314,14.791388888888884,1.5924999999999991,3.3519444444444417,"{""100000"":7.4030555555555555,""1000000"":13.031944444444441,""10000000"":14.186111111111106}","{""plinkoCenterLevel"":2,""plinkoMidLevel"":3,""plinkoJackpotLevel"":3,""plinkoAmplifierLevel"":5,""plinkoReturnLevel"":4,""plinkoSplitterLevel"":5,""plinkoJackpotBiasLevel"":4,""plinkoMaxBetLevel"":6,""plinkoCapacityLevel"":3,""plinkoInsuranceLevel"":0}"
holdout/priced-middle/stake-first-stop-none-fast,1187533348,VICTORY,11.99888888888889,6,298,35,False,1.366944444444447,10.941111111111114,1.0577777777777764,2.696944444444444,"{""100000"":6.760833333333337,""1000000"":9.301944444444446,""10000000"":10.490833333333336}","{""plinkoCenterLevel"":2,""plinkoMidLevel"":3,""plinkoJackpotLevel"":3,""plinkoAmplifierLevel"":5,""plinkoReturnLevel"":4,""plinkoSplitterLevel"":5,""plinkoJackpotBiasLevel"":4,""plinkoMaxBetLevel"":6,""plinkoCapacityLevel"":3,""plinkoInsuranceLevel"":0}"
holdout/priced-middle/stake-first-stop-none-fast,787554971,VICTORY,12.21,8,315,35,False,1.824444444444444,11.043333333333331,1.1666666666666685,3.4669444444444473,"{""100000"":4.583888888888888,""1000000"":8.743055555555554,""10000000"":10.38583333333333}","{""plinkoCenterLevel"":2,""plinkoMidLevel"":3,""plinkoJackpotLevel"":3,""plinkoAmplifierLevel"":5,""plinkoReturnLevel"":4,""plinkoSplitterLevel"":5,""plinkoJackpotBiasLevel"":4,""plinkoMaxBetLevel"":6,""plinkoCapacityLevel"":3,""plinkoInsuranceLevel"":0}"
holdout/priced-middle/stake-first-stop-none-fast,3156266306,VICTORY,12.399166666666664,7,341,35,False,2.230833333333334,10.774444444444443,1.6247222222222206,3.769722222222221,"{""100000"":6.214444444444445,""1000000"":8.629444444444443,""10000000"":9.95361111111111}","{""plinkoCenterLevel"":2,""plinkoMidLevel"":3,""plinkoJackpotLevel"":3,""plinkoAmplifierLevel"":5,""plinkoReturnLevel"":4,""plinkoSplitterLevel"":5,""plinkoJackpotBiasLevel"":4,""plinkoMaxBetLevel"":6,""plinkoCapacityLevel"":3,""plinkoInsuranceLevel"":0}"
holdout/priced-middle/stake-first-stop-none-fast,449240800,VICTORY,15.213611111111112,11,313,35,False,2.614722222222222,14.4125,0.801111111111112,4.71527777777778,"{""100000"":5.437222222222222,""1000000"":10.498333333333331,""10000000"":14.0}","{""plinkoCenterLevel"":2,""plinkoMidLevel"":3,""plinkoJackpotLevel"":3,""plinkoAmplifierLevel"":5,""plinkoReturnLevel"":4,""plinkoSplitterLevel"":5,""plinkoJackpotBiasLevel"":4,""plinkoMaxBetLevel"":6,""plinkoCapacityLevel"":3,""plinkoInsuranceLevel"":0}"
holdout/priced-middle/stake-first-stop-none-fast,1014232512,VICTORY,13.198888888888888,10,309,35,False,2.8247222222222206,11.889722222222222,1.309166666666666,2.6127777777777776,"{""100000"":7.989444444444443,""1000000"":10.58611111111111,""10000000"":11.589444444444444}","{""plinkoCenterLevel"":2,""plinkoMidLevel"":3,""plinkoJackpotLevel"":3,""plinkoAmplifierLevel"":5,""plinkoReturnLevel"":4,""plinkoSplitterLevel"":5,""plinkoJackpotBiasLevel"":4,""plinkoMaxBetLevel"":6,""plinkoCapacityLevel"":3,""plinkoInsuranceLevel"":0}"
holdout/priced-middle/stake-first-stop-none-fast,46504585,VICTORY,12.585277777777772,7,301,35,False,2.510833333333333,11.45194444444444,1.1333333333333333,3.659166666666666,"{""100000"":4.018888888888889,""1000000"":8.926111111111107,""10000000"":10.589722222222216}","{""plinkoCenterLevel"":2,""plinkoMidLevel"":3,""plinkoJackpotLevel"":3,""plinkoAmplifierLevel"":5,""plinkoReturnLevel"":4,""plinkoSplitterLevel"":5,""plinkoJackpotBiasLevel"":4,""plinkoMaxBetLevel"":6,""plinkoCapacityLevel"":3,""plinkoInsuranceLevel"":0}"
holdout/priced-middle/stake-first-stop-none-fast,1402300743,VICTORY,14.673055555555553,5,371,35,False,1.988055555555556,13.923055555555555,0.7499999999999981,4.339444444444442,"{""100000"":7.840833333333335,""1000000"":10.33361111111111,""10000000"":13.56}","{""plinkoCenterLevel"":2,""plinkoMidLevel"":3,""plinkoJackpotLevel"":3,""plinkoAmplifierLevel"":5,""plinkoReturnLevel"":4,""plinkoSplitterLevel"":5,""plinkoJackpotBiasLevel"":4,""plinkoMaxBetLevel"":6,""plinkoCapacityLevel"":3,""plinkoInsuranceLevel"":0}"
holdout/priced-middle/stake-first-stop-none-fast,3245164579,VICTORY,11.324722222222219,5,315,35,False,2.3572222222222226,9.97722222222222,1.3474999999999986,4.292777777777776,"{""100000"":5.143888888888889,""1000000"":7.031944444444443,""10000000"":9.619999999999997}","{""plinkoCenterLevel"":2,""plinkoMidLevel"":3,""plinkoJackpotLevel"":3,""plinkoAmplifierLevel"":5,""plinkoReturnLevel"":4,""plinkoSplitterLevel"":5,""plinkoJackpotBiasLevel"":4,""plinkoMaxBetLevel"":6,""plinkoCapacityLevel"":3,""plinkoInsuranceLevel"":0}"
holdout/priced-middle/stake-first-stop-none-fast,613989366,VICTORY,11.974444444444446,7,309,35,False,2.1430555555555553,10.897222222222222,1.077222222222222,3.3411111111111147,"{""100000"":5.80972222222222,""1000000"":8.633333333333331,""10000000"":10.25}","{""plinkoCenterLevel"":2,""plinkoMidLevel"":3,""plinkoJackpotLevel"":3,""plinkoAmplifierLevel"":5,""plinkoReturnLevel"":4,""plinkoSplitterLevel"":5,""plinkoJackpotBiasLevel"":4,""plinkoMaxBetLevel"":6,""plinkoCapacityLevel"":3,""plinkoInsuranceLevel"":0}"
ordinary/control/cheapest-stop-32-ordinary,3897273837,VICTORY,13.866388888888888,9,224,32,True,2.9730555555555562,12.177500000000002,1.6888888888888876,3.2980555555555533,"{""100000"":4.942222222222222,""1000000"":10.568333333333335,""10000000"":12.647222222222222}","{""plinkoCenterLevel"":2,""plinkoMidLevel"":3,""plinkoJackpotLevel"":3,""plinkoAmplifierLevel"":4,""plinkoReturnLevel"":3,""plinkoSplitterLevel"":4,""plinkoJackpotBiasLevel"":4,""plinkoMaxBetLevel"":6,""plinkoCapacityLevel"":3,""plinkoInsuranceLevel"":0}"
ordinary/control/cheapest-stop-32-ordinary,2426331668,VICTORY,16.755277777777778,13,231,32,True,2.7116666666666673,14.990833333333333,1.7644444444444445,3.6625000000000014,"{""100000"":9.313333333333333,""1000000"":13.092777777777776,""10000000"":15.275555555555554}","{""plinkoCenterLevel"":2,""plinkoMidLevel"":3,""plinkoJackpotLevel"":3,""plinkoAmplifierLevel"":4,""plinkoReturnLevel"":3,""plinkoSplitterLevel"":4,""plinkoJackpotBiasLevel"":4,""plinkoMaxBetLevel"":6,""plinkoCapacityLevel"":3,""plinkoInsuranceLevel"":0}"
ordinary/control/cheapest-stop-32-ordinary,1039263005,VICTORY,12.43861111111111,10,196,32,True,2.4577777777777774,11.198611111111111,1.2399999999999995,3.6161111111111115,"{""100000"":8.225833333333332,""1000000"":8.822499999999998,""10000000"":11.634722222222221}","{""plinkoCenterLevel"":2,""plinkoMidLevel"":3,""plinkoJackpotLevel"":3,""plinkoAmplifierLevel"":4,""plinkoReturnLevel"":3,""plinkoSplitterLevel"":4,""plinkoJackpotBiasLevel"":4,""plinkoMaxBetLevel"":6,""plinkoCapacityLevel"":3,""plinkoInsuranceLevel"":0}"
ordinary/control/cheapest-stop-32-ordinary,151507902,VICTORY,16.951944444444443,10,294,32,True,2.436388888888889,14.821666666666665,2.1302777777777786,4.819444444444443,"{""100000"":3.8241666666666663,""1000000"":12.1325,""10000000"":14.821666666666665}","{""plinkoCenterLevel"":2,""plinkoMidLevel"":3,""plinkoJackpotLevel"":3,""plinkoAmplifierLevel"":4,""plinkoReturnLevel"":3,""plinkoSplitterLevel"":4,""plinkoJackpotBiasLevel"":4,""plinkoMaxBetLevel"":6,""plinkoCapacityLevel"":3,""plinkoInsuranceLevel"":0}"
ordinary/control/cheapest-stop-32-ordinary,3434515818,VICTORY,14.111388888888886,10,237,32,True,3.1661111111111113,11.986388888888886,2.125,4.142499999999998,"{""100000"":8.834999999999999,""1000000"":9.968888888888888,""10000000"":11.34472222222222}","{""plinkoCenterLevel"":2,""plinkoMidLevel"":3,""plinkoJackpotLevel"":3,""plinkoAmplifierLevel"":4,""plinkoReturnLevel"":3,""plinkoSplitterLevel"":4,""plinkoJackpotBiasLevel"":4,""plinkoMaxBetLevel"":6,""plinkoCapacityLevel"":3,""plinkoInsuranceLevel"":0}"
ordinary/control/cheapest-stop-32-ordinary,2746961660,VICTORY,15.267777777777777,10,248,32,True,2.444722222222221,14.291944444444445,0.9758333333333326,3.19027777777778,"{""100000"":5.448333333333333,""1000000"":12.077499999999997,""10000000"":14.258611111111112}","{""plinkoCenterLevel"":2,""plinkoMidLevel"":3,""plinkoJackpotLevel"":3,""plinkoAmplifierLevel"":4,""plinkoReturnLevel"":3,""plinkoSplitterLevel"":4,""plinkoJackpotBiasLevel"":4,""plinkoMaxBetLevel"":6,""plinkoCapacityLevel"":3,""plinkoInsuranceLevel"":0}"
ordinary/control/cheapest-stop-32-ordinary,2417627433,VICTORY,19.188333333333336,10,267,32,True,3.9611111111111126,16.642500000000005,2.5458333333333316,3.758333333333331,"{""100000"":13.28027777777778,""1000000"":15.430000000000005,""10000000"":16.60916666666667}","{""plinkoCenterLevel"":2,""plinkoMidLevel"":3,""plinkoJackpotLevel"":3,""plinkoAmplifierLevel"":4,""plinkoReturnLevel"":3,""plinkoSplitterLevel"":4,""plinkoJackpotBiasLevel"":4,""plinkoMaxBetLevel"":6,""plinkoCapacityLevel"":3,""plinkoInsuranceLevel"":0}"
ordinary/control/cheapest-stop-32-ordinary,1947903889,VICTORY,13.70361111111111,11,211,32,True,2.0969444444444445,11.895277777777777,1.8083333333333333,3.8802777777777777,"{""100000"":6.4413888888888895,""1000000"":9.823333333333332,""10000000"":11.895277777777777}","{""plinkoCenterLevel"":2,""plinkoMidLevel"":3,""plinkoJackpotLevel"":3,""plinkoAmplifierLevel"":4,""plinkoReturnLevel"":3,""plinkoSplitterLevel"":4,""plinkoJackpotBiasLevel"":4,""plinkoMaxBetLevel"":6,""plinkoCapacityLevel"":3,""plinkoInsuranceLevel"":0}"
ordinary/control/cheapest-stop-32-ordinary,4209997488,VICTORY,14.61083333333333,9,197,32,True,2.331111111111112,13.255555555555555,1.3552777777777767,3.21361111111111,"{""100000"":7.166666666666667,""1000000"":11.39722222222222,""10000000"":13.757499999999997}","{""plinkoCenterLevel"":2,""plinkoMidLevel"":3,""plinkoJackpotLevel"":3,""plinkoAmplifierLevel"":4,""plinkoReturnLevel"":3,""plinkoSplitterLevel"":4,""plinkoJackpotBiasLevel"":4,""plinkoMaxBetLevel"":6,""plinkoCapacityLevel"":3,""plinkoInsuranceLevel"":0}"
ordinary/control/cheapest-stop-32-ordinary,3563542517,VICTORY,21.966388888888897,13,306,32,True,3.3200000000000007,20.051944444444455,1.9144444444444426,4.628611111111116,"{""100000"":16.863333333333337,""1000000"":17.33777777777778,""10000000"":20.051944444444455}","{""plinkoCenterLevel"":2,""plinkoMidLevel"":3,""plinkoJackpotLevel"":3,""plinkoAmplifierLevel"":4,""plinkoReturnLevel"":3,""plinkoSplitterLevel"":4,""plinkoJackpotBiasLevel"":4,""plinkoMaxBetLevel"":6,""plinkoCapacityLevel"":3,""plinkoInsuranceLevel"":0}"
ordinary/control/cheapest-stop-32-ordinary,3154847900,VICTORY,8.018055555555556,4,161,32,True,1.411388888888889,6.826111111111112,1.1919444444444443,2.9775,"{""100000"":3.876388888888889,""1000000"":5.040555555555556,""10000000"":6.826111111111112}","{""plinkoCenterLevel"":2,""plinkoMidLevel"":3,""plinkoJackpotLevel"":3,""plinkoAmplifierLevel"":4,""plinkoReturnLevel"":3,""plinkoSplitterLevel"":4,""plinkoJackpotBiasLevel"":4,""plinkoMaxBetLevel"":6,""plinkoCapacityLevel"":3,""plinkoInsuranceLevel"":0}"
ordinary/control/cheapest-stop-32-ordinary,2282813976,VICTORY,14.647777777777778,12,251,32,True,1.9438888888888897,12.963888888888887,1.6838888888888903,3.22388888888889,"{""100000"":6.659722222222222,""1000000"":11.423888888888888,""10000000"":12.930555555555554}","{""plinkoCenterLevel"":2,""plinkoMidLevel"":3,""plinkoJackpotLevel"":3,""plinkoAmplifierLevel"":4,""plinkoReturnLevel"":3,""plinkoSplitterLevel"":4,""plinkoJackpotBiasLevel"":4,""plinkoMaxBetLevel"":6,""plinkoCapacityLevel"":3,""plinkoInsuranceLevel"":0}"
ordinary/control/cheapest-stop-32-ordinary,30059959,VICTORY,11.505555555555555,8,184,32,True,3.021666666666667,9.6575,1.8480555555555536,3.435833333333333,"{""100000"":3.686388888888889,""1000000"":8.069722222222222,""10000000"":10.364444444444445}","{""plinkoCenterLevel"":2,""plinkoMidLevel"":3,""plinkoJackpotLevel"":3,""plinkoAmplifierLevel"":4,""plinkoReturnLevel"":3,""plinkoSplitterLevel"":4,""plinkoJackpotBiasLevel"":4,""plinkoMaxBetLevel"":6,""plinkoCapacityLevel"":3,""plinkoInsuranceLevel"":0}"
ordinary/control/cheapest-stop-32-ordinary,2673680178,VICTORY,20.331666666666663,11,293,32,True,5.355000000000001,18.98194444444444,1.3497222222222225,3.8994444444444447,"{""100000"":13.774999999999999,""1000000"":16.43222222222222,""10000000"":19.36722222222222}","{""plinkoCenterLevel"":2,""plinkoMidLevel"":3,""plinkoJackpotLevel"":3,""plinkoAmplifierLevel"":4,""plinkoReturnLevel"":3,""plinkoSplitterLevel"":4,""plinkoJackpotBiasLevel"":4,""plinkoMaxBetLevel"":6,""plinkoCapacityLevel"":3,""plinkoInsuranceLevel"":0}"
ordinary/control/cheapest-stop-32-ordinary,1743195454,VICTORY,15.48888888888889,12,242,32,True,1.8366666666666664,14.077222222222224,1.4116666666666675,3.5136111111111106,"{""100000"":8.7575,""1000000"":11.97527777777778,""10000000"":14.04388888888889}","{""plinkoCenterLevel"":2,""plinkoMidLevel"":3,""plinkoJackpotLevel"":3,""plinkoAmplifierLevel"":4,""plinkoReturnLevel"":3,""plinkoSplitterLevel"":4,""plinkoJackpotBiasLevel"":4,""plinkoMaxBetLevel"":6,""plinkoCapacityLevel"":3,""plinkoInsuranceLevel"":0}"
ordinary/control/cheapest-stop-32-ordinary,1187533348,VICTORY,16.739722222222223,8,250,32,True,4.417222222222223,15.38861111111111,1.351111111111112,3.6461111111111126,"{""100000"":2.8280555555555558,""1000000"":13.09361111111111,""10000000"":15.355277777777777}","{""plinkoCenterLevel"":2,""plinkoMidLevel"":3,""plinkoJackpotLevel"":3,""plinkoAmplifierLevel"":4,""plinkoReturnLevel"":3,""plinkoSplitterLevel"":4,""plinkoJackpotBiasLevel"":4,""plinkoMaxBetLevel"":6,""plinkoCapacityLevel"":3,""plinkoInsuranceLevel"":0}"
ordinary/control/cheapest-stop-none-ordinary,3897273837,VICTORY,14.189722222222224,9,218,35,False,2.9730555555555562,13.246666666666668,0.9430555555555562,3.621388888888889,"{""100000"":4.942222222222222,""1000000"":10.568333333333335,""10000000"":12.611944444444445}","{""plinkoCenterLevel"":2,""plinkoMidLevel"":3,""plinkoJackpotLevel"":3,""plinkoAmplifierLevel"":5,""plinkoReturnLevel"":4,""plinkoSplitterLevel"":5,""plinkoJackpotBiasLevel"":4,""plinkoMaxBetLevel"":6,""plinkoCapacityLevel"":3,""plinkoInsuranceLevel"":0}"
ordinary/control/cheapest-stop-none-ordinary,2426331668,VICTORY,16.94694444444444,13,223,35,False,2.7116666666666673,15.805555555555554,1.1413888888888872,3.8541666666666643,"{""100000"":9.313333333333333,""1000000"":13.092777777777776,""10000000"":15.590555555555552}","{""plinkoCenterLevel"":2,""plinkoMidLevel"":3,""plinkoJackpotLevel"":3,""plinkoAmplifierLevel"":5,""plinkoReturnLevel"":4,""plinkoSplitterLevel"":5,""plinkoJackpotBiasLevel"":4,""plinkoMaxBetLevel"":6,""plinkoCapacityLevel"":3,""plinkoInsuranceLevel"":0}"
ordinary/control/cheapest-stop-none-ordinary,1039263005,VICTORY,13.615833333333335,10,219,35,False,2.4577777777777774,11.936944444444444,1.678888888888889,4.7933333333333366,"{""100000"":8.225833333333332,""1000000"":8.822499999999998,""10000000"":11.43222222222222}","{""plinkoCenterLevel"":2,""plinkoMidLevel"":3,""plinkoJackpotLevel"":3,""plinkoAmplifierLevel"":5,""plinkoReturnLevel"":4,""plinkoSplitterLevel"":5,""plinkoJackpotBiasLevel"":4,""plinkoMaxBetLevel"":6,""plinkoCapacityLevel"":3,""plinkoInsuranceLevel"":0}"
ordinary/control/cheapest-stop-none-ordinary,151507902,VICTORY,17.2775,10,298,35,False,2.436388888888889,15.711666666666668,1.565833333333334,5.145,"{""100000"":3.8241666666666663,""1000000"":12.1325,""10000000"":14.821666666666665}","{""plinkoCenterLevel"":2,""plinkoMidLevel"":3,""plinkoJackpotLevel"":3,""plinkoAmplifierLevel"":5,""plinkoReturnLevel"":4,""plinkoSplitterLevel"":5,""plinkoJackpotBiasLevel"":4,""plinkoMaxBetLevel"":6,""plinkoCapacityLevel"":3,""plinkoInsuranceLevel"":0}"
ordinary/control/cheapest-stop-none-ordinary,3434515818,VICTORY,14.10722222222222,10,226,35,False,3.1661111111111113,13.161388888888887,0.9458333333333333,4.138333333333332,"{""100000"":8.834999999999999,""1000000"":9.968888888888888,""10000000"":11.34472222222222}","{""plinkoCenterLevel"":2,""plinkoMidLevel"":3,""plinkoJackpotLevel"":3,""plinkoAmplifierLevel"":5,""plinkoReturnLevel"":4,""plinkoSplitterLevel"":5,""plinkoJackpotBiasLevel"":4,""plinkoMaxBetLevel"":6,""plinkoCapacityLevel"":3,""plinkoInsuranceLevel"":0}"
ordinary/control/cheapest-stop-none-ordinary,2746961660,VICTORY,16.515,10,290,35,False,2.444722222222221,15.259166666666665,1.2558333333333338,4.4375000000000036,"{""100000"":5.448333333333333,""1000000"":12.077499999999997,""10000000"":14.258611111111112}","{""plinkoCenterLevel"":2,""plinkoMidLevel"":3,""plinkoJackpotLevel"":3,""plinkoAmplifierLevel"":5,""plinkoReturnLevel"":4,""plinkoSplitterLevel"":5,""plinkoJackpotBiasLevel"":4,""plinkoMaxBetLevel"":6,""plinkoCapacityLevel"":3,""plinkoInsuranceLevel"":0}"
ordinary/control/cheapest-stop-none-ordinary,2417627433,VICTORY,19.60250000000001,10,275,35,False,3.9611111111111126,17.999444444444453,1.6030555555555566,4.172500000000005,"{""100000"":13.28027777777778,""1000000"":15.430000000000005,""10000000"":16.60916666666667}","{""plinkoCenterLevel"":2,""plinkoMidLevel"":3,""plinkoJackpotLevel"":3,""plinkoAmplifierLevel"":5,""plinkoReturnLevel"":4,""plinkoSplitterLevel"":5,""plinkoJackpotBiasLevel"":4,""plinkoMaxBetLevel"":6,""plinkoCapacityLevel"":3,""plinkoInsuranceLevel"":0}"
ordinary/control/cheapest-stop-none-ordinary,1947903889,VICTORY,14.0125,11,199,35,False,2.0969444444444445,13.057777777777776,0.9547222222222236,4.189166666666667,"{""100000"":6.4413888888888895,""1000000"":9.823333333333332,""10000000"":11.895277777777777}","{""plinkoCenterLevel"":2,""plinkoMidLevel"":3,""plinkoJackpotLevel"":3,""plinkoAmplifierLevel"":5,""plinkoReturnLevel"":4,""plinkoSplitterLevel"":5,""plinkoJackpotBiasLevel"":4,""plinkoMaxBetLevel"":6,""plinkoCapacityLevel"":3,""plinkoInsuranceLevel"":0}"
ordinary/control/cheapest-stop-none-ordinary,4209997488,VICTORY,15.279166666666663,9,221,35,False,2.331111111111112,13.900277777777776,1.3788888888888873,3.881944444444443,"{""100000"":7.166666666666667,""1000000"":11.39722222222222,""10000000"":13.48361111111111}","{""plinkoCenterLevel"":2,""plinkoMidLevel"":3,""plinkoJackpotLevel"":3,""plinkoAmplifierLevel"":5,""plinkoReturnLevel"":4,""plinkoSplitterLevel"":5,""plinkoJackpotBiasLevel"":4,""plinkoMaxBetLevel"":6,""plinkoCapacityLevel"":3,""plinkoInsuranceLevel"":0}"
ordinary/control/cheapest-stop-none-ordinary,3563542517,VICTORY,22.454166666666673,13,309,35,False,3.3200000000000007,20.981666666666676,1.4724999999999986,5.116388888888892,"{""100000"":16.863333333333337,""1000000"":17.33777777777778,""10000000"":20.051944444444455}","{""plinkoCenterLevel"":2,""plinkoMidLevel"":3,""plinkoJackpotLevel"":3,""plinkoAmplifierLevel"":5,""plinkoReturnLevel"":4,""plinkoSplitterLevel"":5,""plinkoJackpotBiasLevel"":4,""plinkoMaxBetLevel"":6,""plinkoCapacityLevel"":3,""plinkoInsuranceLevel"":0}"
ordinary/control/cheapest-stop-none-ordinary,3154847900,VICTORY,9.50638888888889,4,209,35,False,1.411388888888889,7.970555555555555,1.535833333333335,4.465833333333335,"{""100000"":3.876388888888889,""1000000"":5.040555555555556,""10000000"":6.826111111111112}","{""plinkoCenterLevel"":2,""plinkoMidLevel"":3,""plinkoJackpotLevel"":3,""plinkoAmplifierLevel"":5,""plinkoReturnLevel"":4,""plinkoSplitterLevel"":5,""plinkoJackpotBiasLevel"":4,""plinkoMaxBetLevel"":6,""plinkoCapacityLevel"":3,""plinkoInsuranceLevel"":0}"
ordinary/control/cheapest-stop-none-ordinary,2282813976,VICTORY,15.226666666666665,12,264,35,False,1.9438888888888897,13.62111111111111,1.6055555555555543,3.802777777777777,"{""100000"":6.659722222222222,""1000000"":11.423888888888888,""10000000"":12.930555555555554}","{""plinkoCenterLevel"":2,""plinkoMidLevel"":3,""plinkoJackpotLevel"":3,""plinkoAmplifierLevel"":5,""plinkoReturnLevel"":4,""plinkoSplitterLevel"":5,""plinkoJackpotBiasLevel"":4,""plinkoMaxBetLevel"":6,""plinkoCapacityLevel"":3,""plinkoInsuranceLevel"":0}"
ordinary/control/cheapest-stop-none-ordinary,30059959,VICTORY,12.503333333333334,8,214,35,False,3.021666666666667,10.97388888888889,1.5294444444444442,4.433611111111112,"{""100000"":3.686388888888889,""1000000"":8.069722222222222,""10000000"":10.183333333333334}","{""plinkoCenterLevel"":2,""plinkoMidLevel"":3,""plinkoJackpotLevel"":3,""plinkoAmplifierLevel"":5,""plinkoReturnLevel"":4,""plinkoSplitterLevel"":5,""plinkoJackpotBiasLevel"":4,""plinkoMaxBetLevel"":6,""plinkoCapacityLevel"":3,""plinkoInsuranceLevel"":0}"
ordinary/control/cheapest-stop-none-ordinary,2673680178,VICTORY,21.266666666666666,11,318,35,False,5.355000000000001,19.848888888888883,1.4177777777777842,4.834444444444447,"{""100000"":13.774999999999999,""1000000"":16.43222222222222,""10000000"":19.251666666666665}","{""plinkoCenterLevel"":2,""plinkoMidLevel"":3,""plinkoJackpotLevel"":3,""plinkoAmplifierLevel"":5,""plinkoReturnLevel"":4,""plinkoSplitterLevel"":5,""plinkoJackpotBiasLevel"":4,""plinkoMaxBetLevel"":6,""plinkoCapacityLevel"":3,""plinkoInsuranceLevel"":0}"
ordinary/control/cheapest-stop-none-ordinary,1743195454,VICTORY,15.826666666666666,12,241,35,False,1.8366666666666664,15.060833333333335,0.7658333333333321,3.851388888888886,"{""100000"":8.7575,""1000000"":11.97527777777778,""10000000"":14.04388888888889}","{""plinkoCenterLevel"":2,""plinkoMidLevel"":3,""plinkoJackpotLevel"":3,""plinkoAmplifierLevel"":5,""plinkoReturnLevel"":4,""plinkoSplitterLevel"":5,""plinkoJackpotBiasLevel"":4,""plinkoMaxBetLevel"":6,""plinkoCapacityLevel"":3,""plinkoInsuranceLevel"":0}"
ordinary/control/cheapest-stop-none-ordinary,1187533348,VICTORY,17.420277777777773,8,262,35,False,4.417222222222223,16.333888888888886,1.086388888888888,4.326666666666663,"{""100000"":2.8280555555555558,""1000000"":13.09361111111111,""10000000"":15.355277777777777}","{""plinkoCenterLevel"":2,""plinkoMidLevel"":3,""plinkoJackpotLevel"":3,""plinkoAmplifierLevel"":5,""plinkoReturnLevel"":4,""plinkoSplitterLevel"":5,""plinkoJackpotBiasLevel"":4,""plinkoMaxBetLevel"":6,""plinkoCapacityLevel"":3,""plinkoInsuranceLevel"":0}"
ordinary/control/insurance-first-stop-32-ordinary,3897273837,VICTORY,19.474166666666665,10,332,32,True,2.765277777777778,16.149166666666666,3.324999999999998,5.139999999999999,"{""100000"":13.45861111111111,""1000000"":14.334166666666667,""10000000"":16.548055555555553}","{""plinkoCenterLevel"":2,""plinkoMidLevel"":3,""plinkoJackpotLevel"":3,""plinkoAmplifierLevel"":4,""plinkoReturnLevel"":3,""plinkoSplitterLevel"":3,""plinkoJackpotBiasLevel"":3,""plinkoMaxBetLevel"":5,""plinkoCapacityLevel"":3,""plinkoInsuranceLevel"":3}"
ordinary/control/insurance-first-stop-32-ordinary,2426331668,VICTORY,21.131944444444443,19,336,32,True,4.724444444444443,17.243333333333332,3.88861111111111,5.711944444444443,"{""100000"":9.24,""1000000"":15.42,""10000000"":18.439444444444447}","{""plinkoCenterLevel"":2,""plinkoMidLevel"":3,""plinkoJackpotLevel"":3,""plinkoAmplifierLevel"":4,""plinkoReturnLevel"":3,""plinkoSplitterLevel"":3,""plinkoJackpotBiasLevel"":3,""plinkoMaxBetLevel"":5,""plinkoCapacityLevel"":3,""plinkoInsuranceLevel"":3}"
ordinary/control/insurance-first-stop-32-ordinary,1039263005,VICTORY,14.152500000000002,10,237,32,True,2.0672222222222216,11.335555555555556,2.8169444444444443,3.3575000000000017,"{""100000"":8.518611111111111,""1000000"":10.795,""10000000"":12.52638888888889}","{""plinkoCenterLevel"":2,""plinkoMidLevel"":3,""plinkoJackpotLevel"":3,""plinkoAmplifierLevel"":4,""plinkoReturnLevel"":3,""plinkoSplitterLevel"":3,""plinkoJackpotBiasLevel"":3,""plinkoMaxBetLevel"":5,""plinkoCapacityLevel"":3,""plinkoInsuranceLevel"":3}"
ordinary/control/insurance-first-stop-32-ordinary,151507902,VICTORY,16.238333333333333,12,325,32,True,1.8913888888888892,12.298333333333334,3.9399999999999995,6.102499999999999,"{""100000"":4.458611111111111,""1000000"":10.135833333333334,""10000000"":13.07388888888889}","{""plinkoCenterLevel"":2,""plinkoMidLevel"":3,""plinkoJackpotLevel"":3,""plinkoAmplifierLevel"":4,""plinkoReturnLevel"":3,""plinkoSplitterLevel"":3,""plinkoJackpotBiasLevel"":3,""plinkoMaxBetLevel"":5,""plinkoCapacityLevel"":3,""plinkoInsuranceLevel"":3}"
ordinary/control/insurance-first-stop-32-ordinary,3434515818,VICTORY,18.046388888888888,9,321,32,True,2.5888888888888912,14.61472222222222,3.431666666666668,4.488888888888889,"{""100000"":8.586666666666664,""1000000"":13.5575,""10000000"":15.250833333333333}","{""plinkoCenterLevel"":2,""plinkoMidLevel"":3,""plinkoJackpotLevel"":3,""plinkoAmplifierLevel"":4,""plinkoReturnLevel"":3,""plinkoSplitterLevel"":3,""plinkoJackpotBiasLevel"":3,""plinkoMaxBetLevel"":5,""plinkoCapacityLevel"":3,""plinkoInsuranceLevel"":3}"
ordinary/control/insurance-first-stop-32-ordinary,2746961660,VICTORY,14.043333333333331,8,256,32,True,1.9941666666666664,11.132777777777777,2.9105555555555553,4.247777777777777,"{""100000"":5.868333333333331,""1000000"":9.795555555555554,""10000000"":11.369722222222219}","{""plinkoCenterLevel"":2,""plinkoMidLevel"":3,""plinkoJackpotLevel"":3,""plinkoAmplifierLevel"":4,""plinkoReturnLevel"":3,""plinkoSplitterLevel"":3,""plinkoJackpotBiasLevel"":3,""plinkoMaxBetLevel"":5,""plinkoCapacityLevel"":3,""plinkoInsuranceLevel"":3}"
ordinary/control/insurance-first-stop-32-ordinary,2417627433,VICTORY,19.369722222222226,8,296,32,True,4.335555555555556,16.136111111111116,3.2336111111111108,4.2233333333333345,"{""100000"":13.134166666666669,""1000000"":15.146388888888891,""10000000"":17.140000000000004}","{""plinkoCenterLevel"":2,""plinkoMidLevel"":3,""plinkoJackpotLevel"":3,""plinkoAmplifierLevel"":4,""plinkoReturnLevel"":3,""plinkoSplitterLevel"":3,""plinkoJackpotBiasLevel"":3,""plinkoMaxBetLevel"":5,""plinkoCapacityLevel"":3,""plinkoInsuranceLevel"":3}"
ordinary/control/insurance-first-stop-32-ordinary,1947903889,VICTORY,15.133333333333333,13,262,32,True,1.6269444444444454,11.927500000000002,3.2058333333333318,4.656666666666666,"{""100000"":6.32361111111111,""1000000"":10.476666666666667,""10000000"":12.430833333333334}","{""plinkoCenterLevel"":2,""plinkoMidLevel"":3,""plinkoJackpotLevel"":3,""plinkoAmplifierLevel"":4,""plinkoReturnLevel"":3,""plinkoSplitterLevel"":3,""plinkoJackpotBiasLevel"":3,""plinkoMaxBetLevel"":5,""plinkoCapacityLevel"":3,""plinkoInsuranceLevel"":3}"
ordinary/control/insurance-first-stop-32-ordinary,4209997488,VICTORY,15.434166666666663,10,291,32,True,2.6236111111111104,11.766388888888887,3.6677777777777747,5.34583333333333,"{""100000"":6.95,""1000000"":10.088333333333333,""10000000"":12.80611111111111}","{""plinkoCenterLevel"":2,""plinkoMidLevel"":3,""plinkoJackpotLevel"":3,""plinkoAmplifierLevel"":4,""plinkoReturnLevel"":3,""plinkoSplitterLevel"":3,""plinkoJackpotBiasLevel"":3,""plinkoMaxBetLevel"":5,""plinkoCapacityLevel"":3,""plinkoInsuranceLevel"":3}"
ordinary/control/insurance-first-stop-32-ordinary,3563542517,VICTORY,22.166666666666668,19,305,32,True,3.4875,19.59277777777778,2.5738888888888862,3.916666666666668,"{""100000"":9.708055555555555,""1000000"":18.25,""10000000"":20.02055555555556}","{""plinkoCenterLevel"":2,""plinkoMidLevel"":3,""plinkoJackpotLevel"":3,""plinkoAmplifierLevel"":4,""plinkoReturnLevel"":3,""plinkoSplitterLevel"":3,""plinkoJackpotBiasLevel"":3,""plinkoMaxBetLevel"":5,""plinkoCapacityLevel"":3,""plinkoInsuranceLevel"":3}"
ordinary/control/insurance-first-stop-32-ordinary,3154847900,VICTORY,15.888333333333332,8,313,32,True,2.3449999999999998,12.11861111111111,3.769722222222223,5.0983333333333345,"{""100000"":6.204722222222221,""1000000"":10.789999999999997,""10000000"":12.555}","{""plinkoCenterLevel"":2,""plinkoMidLevel"":3,""plinkoJackpotLevel"":3,""plinkoAmplifierLevel"":4,""plinkoReturnLevel"":3,""plinkoSplitterLevel"":3,""plinkoJackpotBiasLevel"":3,""plinkoMaxBetLevel"":5,""plinkoCapacityLevel"":3,""plinkoInsuranceLevel"":3}"
ordinary/control/insurance-first-stop-32-ordinary,2282813976,VICTORY,22.364444444444448,13,331,32,True,3.26027777777778,18.868888888888893,3.495555555555552,4.830833333333334,"{""100000"":16.485833333333336,""1000000"":17.533611111111114,""10000000"":20.038611111111116}","{""plinkoCenterLevel"":2,""plinkoMidLevel"":3,""plinkoJackpotLevel"":3,""plinkoAmplifierLevel"":4,""plinkoReturnLevel"":3,""plinkoSplitterLevel"":3,""plinkoJackpotBiasLevel"":3,""plinkoMaxBetLevel"":5,""plinkoCapacityLevel"":3,""plinkoInsuranceLevel"":3}"
ordinary/control/insurance-first-stop-32-ordinary,30059959,VICTORY,15.820555555555554,11,279,32,True,1.6430555555555562,12.15361111111111,3.6669444444444443,5.236944444444443,"{""100000"":7.585277777777778,""1000000"":10.58361111111111,""10000000"":13.198888888888888}","{""plinkoCenterLevel"":2,""plinkoMidLevel"":3,""plinkoJackpotLevel"":3,""plinkoAmplifierLevel"":4,""plinkoReturnLevel"":3,""plinkoSplitterLevel"":3,""plinkoJackpotBiasLevel"":3,""plinkoMaxBetLevel"":5,""plinkoCapacityLevel"":3,""plinkoInsuranceLevel"":3}"
ordinary/control/insurance-first-stop-32-ordinary,2673680178,VICTORY,21.408611111111114,13,322,32,True,2.5272222222222203,18.012222222222217,3.396388888888896,5.185000000000006,"{""100000"":14.480555555555554,""1000000"":16.223611111111108,""10000000"":19.158333333333335}","{""plinkoCenterLevel"":2,""plinkoMidLevel"":3,""plinkoJackpotLevel"":3,""plinkoAmplifierLevel"":4,""plinkoReturnLevel"":3,""plinkoSplitterLevel"":3,""plinkoJackpotBiasLevel"":3,""plinkoMaxBetLevel"":5,""plinkoCapacityLevel"":3,""plinkoInsuranceLevel"":3}"
ordinary/control/insurance-first-stop-32-ordinary,1743195454,VICTORY,18.67166666666667,12,336,32,True,2.908611111111113,14.714722222222225,3.9569444444444457,5.481666666666669,"{""100000"":8.351666666666667,""1000000"":13.190000000000001,""10000000"":15.236944444444447}","{""plinkoCenterLevel"":2,""plinkoMidLevel"":3,""plinkoJackpotLevel"":3,""plinkoAmplifierLevel"":4,""plinkoReturnLevel"":3,""plinkoSplitterLevel"":3,""plinkoJackpotBiasLevel"":3,""plinkoMaxBetLevel"":5,""plinkoCapacityLevel"":3,""plinkoInsuranceLevel"":3}"
ordinary/control/insurance-first-stop-32-ordinary,1187533348,VICTORY,19.35083333333333,10,279,32,True,2.841388888888887,16.638055555555553,2.7127777777777755,3.416944444444445,"{""100000"":13.219166666666666,""1000000"":15.933888888888886,""10000000"":17.44083333333333}","{""plinkoCenterLevel"":2,""plinkoMidLevel"":3,""plinkoJackpotLevel"":3,""plinkoAmplifierLevel"":4,""plinkoReturnLevel"":3,""plinkoSplitterLevel"":3,""plinkoJackpotBiasLevel"":3,""plinkoMaxBetLevel"":5,""plinkoCapacityLevel"":3,""plinkoInsuranceLevel"":3}"
ordinary/control/insurance-first-stop-none-ordinary,3897273837,VICTORY,18.95333333333333,10,279,38,False,2.765277777777778,17.840555555555554,1.1127777777777774,4.619166666666663,"{""100000"":13.45861111111111,""1000000"":14.334166666666667,""10000000"":17.292777777777776}","{""plinkoCenterLevel"":2,""plinkoMidLevel"":3,""plinkoJackpotLevel"":3,""plinkoAmplifierLevel"":5,""plinkoReturnLevel"":4,""plinkoSplitterLevel"":5,""plinkoJackpotBiasLevel"":4,""plinkoMaxBetLevel"":6,""plinkoCapacityLevel"":3,""plinkoInsuranceLevel"":3}"
ordinary/control/insurance-first-stop-none-ordinary,2426331668,VICTORY,20.986666666666665,19,305,38,False,4.724444444444443,19.211944444444445,1.7747222222222188,5.566666666666665,"{""100000"":9.24,""1000000"":15.42,""10000000"":18.512222222222224}","{""plinkoCenterLevel"":2,""plinkoMidLevel"":3,""plinkoJackpotLevel"":3,""plinkoAmplifierLevel"":5,""plinkoReturnLevel"":4,""plinkoSplitterLevel"":5,""plinkoJackpotBiasLevel"":4,""plinkoMaxBetLevel"":6,""plinkoCapacityLevel"":3,""plinkoInsuranceLevel"":3}"
ordinary/control/insurance-first-stop-none-ordinary,1039263005,VICTORY,14.433055555555557,10,221,38,False,2.0672222222222216,12.907222222222224,1.5258333333333325,3.6380555555555567,"{""100000"":8.518611111111111,""1000000"":10.795,""10000000"":12.23527777777778}","{""plinkoCenterLevel"":2,""plinkoMidLevel"":3,""plinkoJackpotLevel"":3,""plinkoAmplifierLevel"":5,""plinkoReturnLevel"":4,""plinkoSplitterLevel"":5,""plinkoJackpotBiasLevel"":4,""plinkoMaxBetLevel"":6,""plinkoCapacityLevel"":3,""plinkoInsuranceLevel"":3}"
ordinary/control/insurance-first-stop-none-ordinary,151507902,VICTORY,16.115555555555556,12,288,38,False,1.8913888888888892,14.236944444444445,1.8786111111111097,5.979722222222222,"{""100000"":4.458611111111111,""1000000"":10.135833333333334,""10000000"":13.384444444444444}","{""plinkoCenterLevel"":2,""plinkoMidLevel"":3,""plinkoJackpotLevel"":3,""plinkoAmplifierLevel"":5,""plinkoReturnLevel"":4,""plinkoSplitterLevel"":5,""plinkoJackpotBiasLevel"":4,""plinkoMaxBetLevel"":6,""plinkoCapacityLevel"":3,""plinkoInsuranceLevel"":3}"
ordinary/control/insurance-first-stop-none-ordinary,3434515818,VICTORY,17.424444444444443,9,261,38,False,2.5888888888888912,16.06083333333333,1.363611111111112,3.866944444444444,"{""100000"":8.586666666666664,""1000000"":13.5575,""10000000"":15.282222222222222}","{""plinkoCenterLevel"":2,""plinkoMidLevel"":3,""plinkoJackpotLevel"":3,""plinkoAmplifierLevel"":5,""plinkoReturnLevel"":4,""plinkoSplitterLevel"":5,""plinkoJackpotBiasLevel"":4,""plinkoMaxBetLevel"":6,""plinkoCapacityLevel"":3,""plinkoInsuranceLevel"":3}"
ordinary/control/insurance-first-stop-none-ordinary,2746961660,VICTORY,14.35611111111111,8,240,38,False,1.9941666666666664,12.729444444444443,1.6266666666666671,4.560555555555556,"{""100000"":5.868333333333331,""1000000"":9.795555555555554,""10000000"":12.039999999999997}","{""plinkoCenterLevel"":2,""plinkoMidLevel"":3,""plinkoJackpotLevel"":3,""plinkoAmplifierLevel"":5,""plinkoReturnLevel"":4,""plinkoSplitterLevel"":5,""plinkoJackpotBiasLevel"":4,""plinkoMaxBetLevel"":6,""plinkoCapacityLevel"":3,""plinkoInsuranceLevel"":3}"
ordinary/control/insurance-first-stop-none-ordinary,2417627433,VICTORY,19.70444444444445,8,277,38,False,4.335555555555556,18.15972222222223,1.5447222222222232,4.55805555555556,"{""100000"":13.134166666666669,""1000000"":15.146388888888891,""10000000"":16.958611111111118}","{""plinkoCenterLevel"":2,""plinkoMidLevel"":3,""plinkoJackpotLevel"":3,""plinkoAmplifierLevel"":5,""plinkoReturnLevel"":4,""plinkoSplitterLevel"":5,""plinkoJackpotBiasLevel"":4,""plinkoMaxBetLevel"":6,""plinkoCapacityLevel"":3,""plinkoInsuranceLevel"":3}"
ordinary/control/insurance-first-stop-none-ordinary,1947903889,VICTORY,14.517777777777779,13,215,38,False,1.6269444444444454,13.282222222222224,1.2355555555555555,4.041111111111112,"{""100000"":6.32361111111111,""1000000"":10.476666666666667,""10000000"":12.1375}","{""plinkoCenterLevel"":2,""plinkoMidLevel"":3,""plinkoJackpotLevel"":3,""plinkoAmplifierLevel"":5,""plinkoReturnLevel"":4,""plinkoSplitterLevel"":5,""plinkoJackpotBiasLevel"":4,""plinkoMaxBetLevel"":6,""plinkoCapacityLevel"":3,""plinkoInsuranceLevel"":3}"
ordinary/control/insurance-first-stop-none-ordinary,4209997488,VICTORY,15.151944444444442,10,239,38,False,2.6236111111111104,13.743055555555552,1.4088888888888902,5.0636111111111095,"{""100000"":6.95,""1000000"":10.088333333333333,""10000000"":12.799999999999995}","{""plinkoCenterLevel"":2,""plinkoMidLevel"":3,""plinkoJackpotLevel"":3,""plinkoAmplifierLevel"":5,""plinkoReturnLevel"":4,""plinkoSplitterLevel"":5,""plinkoJackpotBiasLevel"":4,""plinkoMaxBetLevel"":6,""plinkoCapacityLevel"":3,""plinkoInsuranceLevel"":3}"
ordinary/control/insurance-first-stop-none-ordinary,3563542517,VICTORY,22.089722222222225,19,282,38,False,3.4875,20.818055555555556,1.2716666666666658,3.8397222222222247,"{""100000"":9.708055555555555,""1000000"":18.25,""10000000"":20.436944444444446}","{""plinkoCenterLevel"":2,""plinkoMidLevel"":3,""plinkoJackpotLevel"":3,""plinkoAmplifierLevel"":5,""plinkoReturnLevel"":4,""plinkoSplitterLevel"":5,""plinkoJackpotBiasLevel"":4,""plinkoMaxBetLevel"":6,""plinkoCapacityLevel"":3,""plinkoInsuranceLevel"":3}"
ordinary/control/insurance-first-stop-none-ordinary,3154847900,VICTORY,15.648888888888889,8,265,38,False,2.3449999999999998,14.160555555555556,1.4883333333333344,4.858888888888892,"{""100000"":6.204722222222221,""1000000"":10.789999999999997,""10000000"":13.104722222222222}","{""plinkoCenterLevel"":2,""plinkoMidLevel"":3,""plinkoJackpotLevel"":3,""plinkoAmplifierLevel"":5,""plinkoReturnLevel"":4,""plinkoSplitterLevel"":5,""plinkoJackpotBiasLevel"":4,""plinkoMaxBetLevel"":6,""plinkoCapacityLevel"":3,""plinkoInsuranceLevel"":3}"
ordinary/control/insurance-first-stop-none-ordinary,2282813976,VICTORY,22.05694444444445,13,293,38,False,3.26027777777778,20.904722222222226,1.152222222222224,4.523333333333337,"{""100000"":16.485833333333336,""1000000"":17.533611111111114,""10000000"":19.876666666666672}","{""plinkoCenterLevel"":2,""plinkoMidLevel"":3,""plinkoJackpotLevel"":3,""plinkoAmplifierLevel"":5,""plinkoReturnLevel"":4,""plinkoSplitterLevel"":5,""plinkoJackpotBiasLevel"":4,""plinkoMaxBetLevel"":6,""plinkoCapacityLevel"":3,""plinkoInsuranceLevel"":3}"
ordinary/control/insurance-first-stop-none-ordinary,30059959,VICTORY,16.255555555555553,11,251,38,False,1.6430555555555562,14.800277777777774,1.4552777777777786,5.671944444444442,"{""100000"":7.585277777777778,""1000000"":10.58361111111111,""10000000"":14.498888888888887}","{""plinkoCenterLevel"":2,""plinkoMidLevel"":3,""plinkoJackpotLevel"":3,""plinkoAmplifierLevel"":5,""plinkoReturnLevel"":4,""plinkoSplitterLevel"":5,""plinkoJackpotBiasLevel"":4,""plinkoMaxBetLevel"":6,""plinkoCapacityLevel"":3,""plinkoInsuranceLevel"":3}"
ordinary/control/insurance-first-stop-none-ordinary,2673680178,VICTORY,21.251666666666665,13,289,38,False,2.5272222222222203,20.170833333333334,1.0808333333333318,5.028055555555557,"{""100000"":14.480555555555554,""1000000"":16.223611111111108,""10000000"":19.779166666666665}","{""plinkoCenterLevel"":2,""plinkoMidLevel"":3,""plinkoJackpotLevel"":3,""plinkoAmplifierLevel"":5,""plinkoReturnLevel"":4,""plinkoSplitterLevel"":5,""plinkoJackpotBiasLevel"":4,""plinkoMaxBetLevel"":6,""plinkoCapacityLevel"":3,""plinkoInsuranceLevel"":3}"
ordinary/control/insurance-first-stop-none-ordinary,1743195454,VICTORY,17.40694444444445,12,245,38,False,2.908611111111113,16.471944444444446,0.9350000000000023,4.216944444444447,"{""100000"":8.351666666666667,""1000000"":13.190000000000001,""10000000"":15.298333333333336}","{""plinkoCenterLevel"":2,""plinkoMidLevel"":3,""plinkoJackpotLevel"":3,""plinkoAmplifierLevel"":5,""plinkoReturnLevel"":4,""plinkoSplitterLevel"":5,""plinkoJackpotBiasLevel"":4,""plinkoMaxBetLevel"":6,""plinkoCapacityLevel"":3,""plinkoInsuranceLevel"":3}"
ordinary/control/insurance-first-stop-none-ordinary,1187533348,VICTORY,19.57583333333333,10,257,38,False,2.841388888888887,18.377499999999994,1.1983333333333348,3.6419444444444427,"{""100000"":13.219166666666666,""1000000"":15.933888888888886,""10000000"":17.44194444444444}","{""plinkoCenterLevel"":2,""plinkoMidLevel"":3,""plinkoJackpotLevel"":3,""plinkoAmplifierLevel"":5,""plinkoReturnLevel"":4,""plinkoSplitterLevel"":5,""plinkoJackpotBiasLevel"":4,""plinkoMaxBetLevel"":6,""plinkoCapacityLevel"":3,""plinkoInsuranceLevel"":3}"
ordinary/priced-middle/cheapest-stop-32-ordinary,3897273837,VICTORY,20.036666666666665,12,322,32,True,4.826388888888887,18.31833333333333,1.7183333333333317,4.029444444444444,"{""100000"":14.294999999999996,""1000000"":16.00722222222222,""10000000"":17.910555555555554}","{""plinkoCenterLevel"":2,""plinkoMidLevel"":3,""plinkoJackpotLevel"":3,""plinkoAmplifierLevel"":4,""plinkoReturnLevel"":3,""plinkoSplitterLevel"":4,""plinkoJackpotBiasLevel"":4,""plinkoMaxBetLevel"":6,""plinkoCapacityLevel"":3,""plinkoInsuranceLevel"":0}"
ordinary/priced-middle/cheapest-stop-32-ordinary,2426331668,VICTORY,15.615833333333333,7,322,32,True,3.0225000000000004,13.741111111111111,1.8747222222222206,4.32111111111111,"{""100000"":5.968055555555556,""1000000"":11.294722222222223,""10000000"":13.707777777777778}","{""plinkoCenterLevel"":2,""plinkoMidLevel"":3,""plinkoJackpotLevel"":3,""plinkoAmplifierLevel"":4,""plinkoReturnLevel"":3,""plinkoSplitterLevel"":4,""plinkoJackpotBiasLevel"":4,""plinkoMaxBetLevel"":6,""plinkoCapacityLevel"":3,""plinkoInsuranceLevel"":0}"
ordinary/priced-middle/cheapest-stop-32-ordinary,1039263005,BARRY_LOSS,6.169722222222221,7,53,14,False,1.227222222222222,5.603055555555555,0.5666666666666667,,"{""100000"":5.569722222222222,""1000000"":null,""10000000"":null}","{""plinkoCenterLevel"":2,""plinkoMidLevel"":2,""plinkoJackpotLevel"":1,""plinkoAmplifierLevel"":2,""plinkoReturnLevel"":1,""plinkoSplitterLevel"":1,""plinkoJackpotBiasLevel"":1,""plinkoMaxBetLevel"":2,""plinkoCapacityLevel"":2,""plinkoInsuranceLevel"":0}"
ordinary/priced-middle/cheapest-stop-32-ordinary,151507902,VICTORY,19.23194444444444,6,365,32,True,2.8816666666666646,16.61333333333333,2.6186111111111114,4.442777777777776,"{""100000"":12.906944444444441,""1000000"":14.789166666666665,""10000000"":16.58}","{""plinkoCenterLevel"":2,""plinkoMidLevel"":3,""plinkoJackpotLevel"":3,""plinkoAmplifierLevel"":4,""plinkoReturnLevel"":3,""plinkoSplitterLevel"":4,""plinkoJackpotBiasLevel"":4,""plinkoMaxBetLevel"":6,""plinkoCapacityLevel"":3,""plinkoInsuranceLevel"":0}"
ordinary/priced-middle/cheapest-stop-32-ordinary,3434515818,VICTORY,26.258333333333326,11,378,32,True,3.1661111111111113,24.707222222222217,1.55111111111111,3.672777777777771,"{""100000"":20.16222222222222,""1000000"":22.585555555555555,""10000000"":24.673888888888882}","{""plinkoCenterLevel"":2,""plinkoMidLevel"":3,""plinkoJackpotLevel"":3,""plinkoAmplifierLevel"":4,""plinkoReturnLevel"":3,""plinkoSplitterLevel"":4,""plinkoJackpotBiasLevel"":4,""plinkoMaxBetLevel"":6,""plinkoCapacityLevel"":3,""plinkoInsuranceLevel"":0}"
ordinary/priced-middle/cheapest-stop-32-ordinary,2746961660,VICTORY,20.676388888888884,9,337,32,True,5.170277777777775,18.888888888888882,1.7875,4.41472222222222,"{""100000"":14.025555555555554,""1000000"":16.261666666666663,""10000000"":18.85555555555555}","{""plinkoCenterLevel"":2,""plinkoMidLevel"":3,""plinkoJackpotLevel"":3,""plinkoAmplifierLevel"":4,""plinkoReturnLevel"":3,""plinkoSplitterLevel"":4,""plinkoJackpotBiasLevel"":4,""plinkoMaxBetLevel"":6,""plinkoCapacityLevel"":3,""plinkoInsuranceLevel"":0}"
ordinary/priced-middle/cheapest-stop-32-ordinary,2417627433,VICTORY,17.460277777777787,7,321,32,True,2.346388888888892,16.346388888888896,1.1138888888888914,3.8430555555555603,"{""100000"":8.997777777777777,""1000000"":13.617222222222226,""10000000"":16.346388888888896}","{""plinkoCenterLevel"":2,""plinkoMidLevel"":3,""plinkoJackpotLevel"":3,""plinkoAmplifierLevel"":4,""plinkoReturnLevel"":3,""plinkoSplitterLevel"":4,""plinkoJackpotBiasLevel"":4,""plinkoMaxBetLevel"":6,""plinkoCapacityLevel"":3,""plinkoInsuranceLevel"":0}"
ordinary/priced-middle/cheapest-stop-32-ordinary,1947903889,VICTORY,18.778055555555557,10,322,32,True,1.8719444444444444,16.801111111111116,1.9769444444444408,4.623888888888887,"{""100000"":12.30916666666667,""1000000"":14.15416666666667,""10000000"":17.036666666666672}","{""plinkoCenterLevel"":2,""plinkoMidLevel"":3,""plinkoJackpotLevel"":3,""plinkoAmplifierLevel"":4,""plinkoReturnLevel"":3,""plinkoSplitterLevel"":4,""plinkoJackpotBiasLevel"":4,""plinkoMaxBetLevel"":6,""plinkoCapacityLevel"":3,""plinkoInsuranceLevel"":0}"
ordinary/priced-middle/cheapest-stop-32-ordinary,4209997488,VICTORY,14.387777777777778,9,197,32,True,3.890277777777777,13.314722222222223,1.0730555555555554,3.2191666666666663,"{""100000"":6.376944444444445,""1000000"":11.168611111111112,""10000000"":13.314722222222223}","{""plinkoCenterLevel"":2,""plinkoMidLevel"":3,""plinkoJackpotLevel"":3,""plinkoAmplifierLevel"":4,""plinkoReturnLevel"":3,""plinkoSplitterLevel"":4,""plinkoJackpotBiasLevel"":4,""plinkoMaxBetLevel"":6,""plinkoCapacityLevel"":3,""plinkoInsuranceLevel"":0}"
ordinary/priced-middle/cheapest-stop-32-ordinary,3563542517,VICTORY,27.557499999999997,12,390,32,True,3.786666666666671,26.404166666666665,1.1533333333333302,3.4027777777777715,"{""100000"":21.636944444444445,""1000000"":24.154722222222226,""10000000"":26.923055555555553}","{""plinkoCenterLevel"":2,""plinkoMidLevel"":3,""plinkoJackpotLevel"":3,""plinkoAmplifierLevel"":4,""plinkoReturnLevel"":3,""plinkoSplitterLevel"":4,""plinkoJackpotBiasLevel"":4,""plinkoMaxBetLevel"":6,""plinkoCapacityLevel"":3,""plinkoInsuranceLevel"":0}"
ordinary/priced-middle/cheapest-stop-32-ordinary,3154847900,VICTORY,10.704444444444444,4,221,32,True,1.3047222222222223,8.568611111111114,2.135833333333331,3.256388888888888,"{""100000"":3.745277777777778,""1000000"":7.448055555555556,""10000000"":8.323333333333334}","{""plinkoCenterLevel"":2,""plinkoMidLevel"":3,""plinkoJackpotLevel"":3,""plinkoAmplifierLevel"":4,""plinkoReturnLevel"":3,""plinkoSplitterLevel"":4,""plinkoJackpotBiasLevel"":4,""plinkoMaxBetLevel"":6,""plinkoCapacityLevel"":3,""plinkoInsuranceLevel"":0}"
ordinary/priced-middle/cheapest-stop-32-ordinary,2282813976,VICTORY,21.396388888888897,13,306,32,True,3.128888888888888,20.307222222222226,1.0891666666666688,4.139166666666675,"{""100000"":16.572222222222223,""1000000"":17.25722222222222,""10000000"":20.81361111111112}","{""plinkoCenterLevel"":2,""plinkoMidLevel"":3,""plinkoJackpotLevel"":3,""plinkoAmplifierLevel"":4,""plinkoReturnLevel"":3,""plinkoSplitterLevel"":4,""plinkoJackpotBiasLevel"":4,""plinkoMaxBetLevel"":6,""plinkoCapacityLevel"":3,""plinkoInsuranceLevel"":0}"
ordinary/priced-middle/cheapest-stop-32-ordinary,30059959,VICTORY,12.959166666666667,11,222,32,True,2.0269444444444438,11.094444444444445,1.8647222222222202,3.4988888888888887,"{""100000"":7.521666666666666,""1000000"":9.460277777777778,""10000000"":11.879722222222222}","{""plinkoCenterLevel"":2,""plinkoMidLevel"":3,""plinkoJackpotLevel"":3,""plinkoAmplifierLevel"":4,""plinkoReturnLevel"":3,""plinkoSplitterLevel"":4,""plinkoJackpotBiasLevel"":4,""plinkoMaxBetLevel"":6,""plinkoCapacityLevel"":3,""plinkoInsuranceLevel"":0}"
ordinary/priced-middle/cheapest-stop-32-ordinary,2673680178,VICTORY,20.130000000000003,11,302,32,True,5.355000000000001,18.676944444444448,1.4530555555555567,4.352500000000003,"{""100000"":13.151944444444442,""1000000"":15.7775,""10000000"":18.998611111111114}","{""plinkoCenterLevel"":2,""plinkoMidLevel"":3,""plinkoJackpotLevel"":3,""plinkoAmplifierLevel"":4,""plinkoReturnLevel"":3,""plinkoSplitterLevel"":4,""plinkoJackpotBiasLevel"":4,""plinkoMaxBetLevel"":6,""plinkoCapacityLevel"":3,""plinkoInsuranceLevel"":0}"
ordinary/priced-middle/cheapest-stop-32-ordinary,1743195454,VICTORY,22.18666666666667,9,403,32,True,2.851111111111112,20.293333333333337,1.8933333333333355,4.010833333333334,"{""100000"":10.566944444444443,""1000000"":18.175833333333337,""10000000"":20.97972222222222}","{""plinkoCenterLevel"":2,""plinkoMidLevel"":3,""plinkoJackpotLevel"":3,""plinkoAmplifierLevel"":4,""plinkoReturnLevel"":3,""plinkoSplitterLevel"":4,""plinkoJackpotBiasLevel"":4,""plinkoMaxBetLevel"":6,""plinkoCapacityLevel"":3,""plinkoInsuranceLevel"":0}"
ordinary/priced-middle/cheapest-stop-32-ordinary,1187533348,VICTORY,18.99555555555556,6,290,32,True,3.118055555555557,17.526666666666674,1.468888888888887,2.87361111111111,"{""100000"":11.19777777777778,""1000000"":16.12194444444445,""10000000"":17.49333333333334}","{""plinkoCenterLevel"":2,""plinkoMidLevel"":3,""plinkoJackpotLevel"":3,""plinkoAmplifierLevel"":4,""plinkoReturnLevel"":3,""plinkoSplitterLevel"":4,""plinkoJackpotBiasLevel"":4,""plinkoMaxBetLevel"":6,""plinkoCapacityLevel"":3,""plinkoInsuranceLevel"":0}"
ordinary/priced-middle/cheapest-stop-none-ordinary,3897273837,VICTORY,20.77166666666666,12,336,35,False,4.826388888888887,19.289166666666667,1.482499999999997,4.76444444444444,"{""100000"":14.294999999999996,""1000000"":16.00722222222222,""10000000"":17.910555555555554}","{""plinkoCenterLevel"":2,""plinkoMidLevel"":3,""plinkoJackpotLevel"":3,""plinkoAmplifierLevel"":5,""plinkoReturnLevel"":4,""plinkoSplitterLevel"":5,""plinkoJackpotBiasLevel"":4,""plinkoMaxBetLevel"":6,""plinkoCapacityLevel"":3,""plinkoInsuranceLevel"":0}"
ordinary/priced-middle/cheapest-stop-none-ordinary,2426331668,VICTORY,17.52111111111111,7,386,35,False,3.0225000000000004,15.818055555555556,1.7030555555555547,6.226388888888888,"{""100000"":5.968055555555556,""1000000"":11.294722222222223,""10000000"":13.707777777777778}","{""plinkoCenterLevel"":2,""plinkoMidLevel"":3,""plinkoJackpotLevel"":3,""plinkoAmplifierLevel"":5,""plinkoReturnLevel"":4,""plinkoSplitterLevel"":5,""plinkoJackpotBiasLevel"":4,""plinkoMaxBetLevel"":6,""plinkoCapacityLevel"":3,""plinkoInsuranceLevel"":0}"
ordinary/priced-middle/cheapest-stop-none-ordinary,1039263005,BARRY_LOSS,6.169722222222221,7,53,14,False,1.227222222222222,5.603055555555555,0.5666666666666667,,"{""100000"":5.569722222222222,""1000000"":null,""10000000"":null}","{""plinkoCenterLevel"":2,""plinkoMidLevel"":2,""plinkoJackpotLevel"":1,""plinkoAmplifierLevel"":2,""plinkoReturnLevel"":1,""plinkoSplitterLevel"":1,""plinkoJackpotBiasLevel"":1,""plinkoMaxBetLevel"":2,""plinkoCapacityLevel"":2,""plinkoInsuranceLevel"":0}"
ordinary/priced-middle/cheapest-stop-none-ordinary,151507902,VICTORY,18.906111111111105,6,332,35,False,2.8816666666666646,17.549166666666665,1.3569444444444418,4.1169444444444405,"{""100000"":12.906944444444441,""1000000"":14.789166666666665,""10000000"":16.58}","{""plinkoCenterLevel"":2,""plinkoMidLevel"":3,""plinkoJackpotLevel"":3,""plinkoAmplifierLevel"":5,""plinkoReturnLevel"":4,""plinkoSplitterLevel"":5,""plinkoJackpotBiasLevel"":4,""plinkoMaxBetLevel"":6,""plinkoCapacityLevel"":3,""plinkoInsuranceLevel"":0}"
ordinary/priced-middle/cheapest-stop-none-ordinary,3434515818,VICTORY,26.542777777777772,11,373,35,False,3.1661111111111113,25.717499999999994,0.8252777777777776,3.9572222222222173,"{""100000"":20.16222222222222,""1000000"":22.585555555555555,""10000000"":24.673888888888882}","{""plinkoCenterLevel"":2,""plinkoMidLevel"":3,""plinkoJackpotLevel"":3,""plinkoAmplifierLevel"":5,""plinkoReturnLevel"":4,""plinkoSplitterLevel"":5,""plinkoJackpotBiasLevel"":4,""plinkoMaxBetLevel"":6,""plinkoCapacityLevel"":3,""plinkoInsuranceLevel"":0}"
ordinary/priced-middle/cheapest-stop-none-ordinary,2746961660,VICTORY,20.436944444444443,9,310,35,False,5.170277777777775,19.76333333333333,0.6736111111111124,4.175277777777779,"{""100000"":14.025555555555554,""1000000"":16.261666666666663,""10000000"":18.85555555555555}","{""plinkoCenterLevel"":2,""plinkoMidLevel"":3,""plinkoJackpotLevel"":3,""plinkoAmplifierLevel"":5,""plinkoReturnLevel"":4,""plinkoSplitterLevel"":5,""plinkoJackpotBiasLevel"":4,""plinkoMaxBetLevel"":6,""plinkoCapacityLevel"":3,""plinkoInsuranceLevel"":0}"
ordinary/priced-middle/cheapest-stop-none-ordinary,2417627433,VICTORY,18.254166666666674,7,342,35,False,2.346388888888892,16.86472222222223,1.3894444444444445,4.636944444444447,"{""100000"":8.997777777777777,""1000000"":13.617222222222226,""10000000"":16.346388888888896}","{""plinkoCenterLevel"":2,""plinkoMidLevel"":3,""plinkoJackpotLevel"":3,""plinkoAmplifierLevel"":5,""plinkoReturnLevel"":4,""plinkoSplitterLevel"":5,""plinkoJackpotBiasLevel"":4,""plinkoMaxBetLevel"":6,""plinkoCapacityLevel"":3,""plinkoInsuranceLevel"":0}"
ordinary/priced-middle/cheapest-stop-none-ordinary,1947903889,VICTORY,18.559444444444452,10,296,35,False,1.8719444444444444,17.71166666666667,0.8477777777777799,4.405277777777782,"{""100000"":12.30916666666667,""1000000"":14.15416666666667,""10000000"":16.969722222222227}","{""plinkoCenterLevel"":2,""plinkoMidLevel"":3,""plinkoJackpotLevel"":3,""plinkoAmplifierLevel"":5,""plinkoReturnLevel"":4,""plinkoSplitterLevel"":5,""plinkoJackpotBiasLevel"":4,""plinkoMaxBetLevel"":6,""plinkoCapacityLevel"":3,""plinkoInsuranceLevel"":0}"
ordinary/priced-middle/cheapest-stop-none-ordinary,4209997488,VICTORY,15.511666666666667,9,236,35,False,3.890277777777777,14.049722222222222,1.461944444444445,4.343055555555555,"{""100000"":6.376944444444445,""1000000"":11.168611111111112,""10000000"":13.314722222222223}","{""plinkoCenterLevel"":2,""plinkoMidLevel"":3,""plinkoJackpotLevel"":3,""plinkoAmplifierLevel"":5,""plinkoReturnLevel"":4,""plinkoSplitterLevel"":5,""plinkoJackpotBiasLevel"":4,""plinkoMaxBetLevel"":6,""plinkoCapacityLevel"":3,""plinkoInsuranceLevel"":0}"
ordinary/priced-middle/cheapest-stop-none-ordinary,3563542517,VICTORY,28.692777777777778,12,429,35,False,3.786666666666671,27.39833333333333,1.2944444444444456,4.538055555555552,"{""100000"":21.636944444444445,""1000000"":24.154722222222226,""10000000"":26.71611111111111}","{""plinkoCenterLevel"":2,""plinkoMidLevel"":3,""plinkoJackpotLevel"":3,""plinkoAmplifierLevel"":5,""plinkoReturnLevel"":4,""plinkoSplitterLevel"":5,""plinkoJackpotBiasLevel"":4,""plinkoMaxBetLevel"":6,""plinkoCapacityLevel"":3,""plinkoInsuranceLevel"":0}"
ordinary/priced-middle/cheapest-stop-none-ordinary,3154847900,VICTORY,11.528333333333334,4,243,35,False,1.3047222222222223,9.751944444444444,1.7763888888888895,4.080277777777778,"{""100000"":3.745277777777778,""1000000"":7.448055555555556,""10000000"":8.323333333333334}","{""plinkoCenterLevel"":2,""plinkoMidLevel"":3,""plinkoJackpotLevel"":3,""plinkoAmplifierLevel"":5,""plinkoReturnLevel"":4,""plinkoSplitterLevel"":5,""plinkoJackpotBiasLevel"":4,""plinkoMaxBetLevel"":6,""plinkoCapacityLevel"":3,""plinkoInsuranceLevel"":0}"
ordinary/priced-middle/cheapest-stop-none-ordinary,2282813976,VICTORY,22.189722222222223,13,324,35,False,3.128888888888888,21.023333333333333,1.1663888888888891,4.932500000000001,"{""100000"":16.572222222222223,""1000000"":17.25722222222222,""10000000"":20.520277777777782}","{""plinkoCenterLevel"":2,""plinkoMidLevel"":3,""plinkoJackpotLevel"":3,""plinkoAmplifierLevel"":5,""plinkoReturnLevel"":4,""plinkoSplitterLevel"":5,""plinkoJackpotBiasLevel"":4,""plinkoMaxBetLevel"":6,""plinkoCapacityLevel"":3,""plinkoInsuranceLevel"":0}"
ordinary/priced-middle/cheapest-stop-none-ordinary,30059959,VICTORY,13.696944444444444,11,240,35,False,2.0269444444444438,12.531944444444445,1.1649999999999978,4.236666666666666,"{""100000"":7.521666666666666,""1000000"":9.460277777777778,""10000000"":11.535833333333333}","{""plinkoCenterLevel"":2,""plinkoMidLevel"":3,""plinkoJackpotLevel"":3,""plinkoAmplifierLevel"":5,""plinkoReturnLevel"":4,""plinkoSplitterLevel"":5,""plinkoJackpotBiasLevel"":4,""plinkoMaxBetLevel"":6,""plinkoCapacityLevel"":3,""plinkoInsuranceLevel"":0}"
ordinary/priced-middle/cheapest-stop-none-ordinary,2673680178,VICTORY,20.840555555555557,11,321,35,False,5.355000000000001,19.490000000000002,1.350555555555555,5.063055555555557,"{""100000"":13.151944444444442,""1000000"":15.7775,""10000000"":18.998611111111114}","{""plinkoCenterLevel"":2,""plinkoMidLevel"":3,""plinkoJackpotLevel"":3,""plinkoAmplifierLevel"":5,""plinkoReturnLevel"":4,""plinkoSplitterLevel"":5,""plinkoJackpotBiasLevel"":4,""plinkoMaxBetLevel"":6,""plinkoCapacityLevel"":3,""plinkoInsuranceLevel"":0}"
ordinary/priced-middle/cheapest-stop-none-ordinary,1743195454,VICTORY,23.08444444444445,9,437,35,False,2.851111111111112,21.80888888888889,1.2755555555555589,4.908611111111114,"{""100000"":10.566944444444443,""1000000"":18.175833333333337,""10000000"":21.31972222222222}","{""plinkoCenterLevel"":2,""plinkoMidLevel"":3,""plinkoJackpotLevel"":3,""plinkoAmplifierLevel"":5,""plinkoReturnLevel"":4,""plinkoSplitterLevel"":5,""plinkoJackpotBiasLevel"":4,""plinkoMaxBetLevel"":6,""plinkoCapacityLevel"":3,""plinkoInsuranceLevel"":0}"
ordinary/priced-middle/cheapest-stop-none-ordinary,1187533348,VICTORY,20.329444444444448,6,335,35,False,3.118055555555557,18.42027777777778,1.909166666666666,4.2075,"{""100000"":11.19777777777778,""1000000"":16.12194444444445,""10000000"":17.49333333333334}","{""plinkoCenterLevel"":2,""plinkoMidLevel"":3,""plinkoJackpotLevel"":3,""plinkoAmplifierLevel"":5,""plinkoReturnLevel"":4,""plinkoSplitterLevel"":5,""plinkoJackpotBiasLevel"":4,""plinkoMaxBetLevel"":6,""plinkoCapacityLevel"":3,""plinkoInsuranceLevel"":0}"
ordinary/priced-middle/insurance-first-stop-32-ordinary,3897273837,VICTORY,21.53083333333333,11,371,32,True,3.8236111111111124,18.251944444444447,3.2788888888888854,4.461944444444441,"{""100000"":15.650833333333333,""1000000"":17.06888888888889,""10000000"":18.984444444444442}","{""plinkoCenterLevel"":2,""plinkoMidLevel"":3,""plinkoJackpotLevel"":3,""plinkoAmplifierLevel"":4,""plinkoReturnLevel"":3,""plinkoSplitterLevel"":3,""plinkoJackpotBiasLevel"":3,""plinkoMaxBetLevel"":5,""plinkoCapacityLevel"":3,""plinkoInsuranceLevel"":3}"
ordinary/priced-middle/insurance-first-stop-32-ordinary,2426331668,VICTORY,21.485555555555553,7,419,32,True,3.895,18.17694444444444,3.308611111111111,4.896944444444443,"{""100000"":12.592777777777776,""1000000"":16.58861111111111,""10000000"":18.497777777777777}","{""plinkoCenterLevel"":2,""plinkoMidLevel"":3,""plinkoJackpotLevel"":3,""plinkoAmplifierLevel"":4,""plinkoReturnLevel"":3,""plinkoSplitterLevel"":3,""plinkoJackpotBiasLevel"":3,""plinkoMaxBetLevel"":5,""plinkoCapacityLevel"":3,""plinkoInsuranceLevel"":3}"
ordinary/priced-middle/insurance-first-stop-32-ordinary,1039263005,VICTORY,11.39722222222222,9,238,32,True,1.2327777777777769,8.50611111111111,2.8911111111111105,4.008055555555554,"{""100000"":5.541944444444444,""1000000"":7.389166666666666,""10000000"":9.425277777777778}","{""plinkoCenterLevel"":2,""plinkoMidLevel"":3,""plinkoJackpotLevel"":3,""plinkoAmplifierLevel"":4,""plinkoReturnLevel"":3,""plinkoSplitterLevel"":3,""plinkoJackpotBiasLevel"":3,""plinkoMaxBetLevel"":5,""plinkoCapacityLevel"":3,""plinkoInsuranceLevel"":3}"
ordinary/priced-middle/insurance-first-stop-32-ordinary,151507902,VICTORY,20.838611111111106,9,366,32,True,3.543888888888889,16.821111111111108,4.017499999999999,5.2944444444444425,"{""100000"":14.304444444444442,""1000000"":15.544166666666664,""10000000"":17.307499999999997}","{""plinkoCenterLevel"":2,""plinkoMidLevel"":3,""plinkoJackpotLevel"":3,""plinkoAmplifierLevel"":4,""plinkoReturnLevel"":3,""plinkoSplitterLevel"":3,""plinkoJackpotBiasLevel"":3,""plinkoMaxBetLevel"":5,""plinkoCapacityLevel"":3,""plinkoInsuranceLevel"":3}"
ordinary/priced-middle/insurance-first-stop-32-ordinary,3434515818,VICTORY,21.203611111111112,11,390,32,True,2.246111111111111,18.383611111111115,2.819999999999997,4.769444444444446,"{""100000"":12.112777777777776,""1000000"":16.434166666666666,""10000000"":18.784722222222225}","{""plinkoCenterLevel"":2,""plinkoMidLevel"":3,""plinkoJackpotLevel"":3,""plinkoAmplifierLevel"":4,""plinkoReturnLevel"":3,""plinkoSplitterLevel"":3,""plinkoJackpotBiasLevel"":3,""plinkoMaxBetLevel"":5,""plinkoCapacityLevel"":3,""plinkoInsuranceLevel"":3}"
ordinary/priced-middle/insurance-first-stop-32-ordinary,2746961660,VICTORY,21.59027777777778,7,365,32,True,3.8027777777777763,18.805555555555557,2.784722222222221,4.445277777777779,"{""100000"":15.367500000000001,""1000000"":17.145,""10000000"":19.551944444444448}","{""plinkoCenterLevel"":2,""plinkoMidLevel"":3,""plinkoJackpotLevel"":3,""plinkoAmplifierLevel"":4,""plinkoReturnLevel"":3,""plinkoSplitterLevel"":3,""plinkoJackpotBiasLevel"":3,""plinkoMaxBetLevel"":5,""plinkoCapacityLevel"":3,""plinkoInsuranceLevel"":3}"
ordinary/priced-middle/insurance-first-stop-32-ordinary,2417627433,VICTORY,17.287777777777777,6,368,32,True,2.3736111111111104,14.66527777777778,2.6224999999999983,4.8733333333333295,"{""100000"":8.311666666666666,""1000000"":12.414444444444447,""10000000"":15.236111111111112}","{""plinkoCenterLevel"":2,""plinkoMidLevel"":3,""plinkoJackpotLevel"":3,""plinkoAmplifierLevel"":4,""plinkoReturnLevel"":3,""plinkoSplitterLevel"":3,""plinkoJackpotBiasLevel"":3,""plinkoMaxBetLevel"":5,""plinkoCapacityLevel"":3,""plinkoInsuranceLevel"":3}"
ordinary/priced-middle/insurance-first-stop-32-ordinary,1947903889,VICTORY,22.757777777777775,10,394,32,True,2.2450000000000006,19.411111111111108,3.346666666666666,4.5994444444444404,"{""100000"":12.586944444444445,""1000000"":18.158333333333335,""10000000"":20.689444444444444}","{""plinkoCenterLevel"":2,""plinkoMidLevel"":3,""plinkoJackpotLevel"":3,""plinkoAmplifierLevel"":4,""plinkoReturnLevel"":3,""plinkoSplitterLevel"":3,""plinkoJackpotBiasLevel"":3,""plinkoMaxBetLevel"":5,""plinkoCapacityLevel"":3,""plinkoInsuranceLevel"":3}"
ordinary/priced-middle/insurance-first-stop-32-ordinary,4209997488,VICTORY,18.701944444444443,10,353,32,True,2.2111111111111126,15.043888888888887,3.658055555555556,4.452499999999999,"{""100000"":12.62111111111111,""1000000"":14.249444444444444,""10000000"":15.508055555555556}","{""plinkoCenterLevel"":2,""plinkoMidLevel"":3,""plinkoJackpotLevel"":3,""plinkoAmplifierLevel"":4,""plinkoReturnLevel"":3,""plinkoSplitterLevel"":3,""plinkoJackpotBiasLevel"":3,""plinkoMaxBetLevel"":5,""plinkoCapacityLevel"":3,""plinkoInsuranceLevel"":3}"
ordinary/priced-middle/insurance-first-stop-32-ordinary,3563542517,VICTORY,25.76027777777778,13,410,32,True,3.305277777777779,23.236111111111118,2.524166666666664,3.846388888888889,"{""100000"":19.38305555555556,""1000000"":21.91388888888889,""10000000"":23.797222222222224}","{""plinkoCenterLevel"":2,""plinkoMidLevel"":3,""plinkoJackpotLevel"":3,""plinkoAmplifierLevel"":4,""plinkoReturnLevel"":3,""plinkoSplitterLevel"":3,""plinkoJackpotBiasLevel"":3,""plinkoMaxBetLevel"":5,""plinkoCapacityLevel"":3,""plinkoInsuranceLevel"":3}"
ordinary/priced-middle/insurance-first-stop-32-ordinary,3154847900,VICTORY,18.059166666666666,7,351,32,True,2.3449999999999998,14.327499999999997,3.7316666666666682,4.697222222222225,"{""100000"":9.962499999999999,""1000000"":13.361944444444442,""10000000"":15.367222222222221}","{""plinkoCenterLevel"":2,""plinkoMidLevel"":3,""plinkoJackpotLevel"":3,""plinkoAmplifierLevel"":4,""plinkoReturnLevel"":3,""plinkoSplitterLevel"":3,""plinkoJackpotBiasLevel"":3,""plinkoMaxBetLevel"":5,""plinkoCapacityLevel"":3,""plinkoInsuranceLevel"":3}"
ordinary/priced-middle/insurance-first-stop-32-ordinary,2282813976,VICTORY,25.732777777777777,16,454,32,True,3.181666666666668,20.921111111111113,4.811666666666664,6.689444444444444,"{""100000"":18.03638888888889,""1000000"":19.043333333333333,""10000000"":21.715}","{""plinkoCenterLevel"":2,""plinkoMidLevel"":3,""plinkoJackpotLevel"":3,""plinkoAmplifierLevel"":4,""plinkoReturnLevel"":3,""plinkoSplitterLevel"":3,""plinkoJackpotBiasLevel"":3,""plinkoMaxBetLevel"":5,""plinkoCapacityLevel"":3,""plinkoInsuranceLevel"":3}"
ordinary/priced-middle/insurance-first-stop-32-ordinary,30059959,VICTORY,15.305833333333332,6,298,32,True,2.3424999999999994,12.136666666666665,3.1691666666666665,4.57861111111111,"{""100000"":7.6755555555555555,""1000000"":10.727222222222222,""10000000"":12.483333333333333}","{""plinkoCenterLevel"":2,""plinkoMidLevel"":3,""plinkoJackpotLevel"":3,""plinkoAmplifierLevel"":4,""plinkoReturnLevel"":3,""plinkoSplitterLevel"":3,""plinkoJackpotBiasLevel"":3,""plinkoMaxBetLevel"":5,""plinkoCapacityLevel"":3,""plinkoInsuranceLevel"":3}"
ordinary/priced-middle/insurance-first-stop-32-ordinary,2673680178,VICTORY,17.149722222222223,12,351,32,True,2.630833333333334,13.23888888888889,3.910833333333331,5.011666666666667,"{""100000"":9.31,""1000000"":12.138055555555557,""10000000"":14.708333333333336}","{""plinkoCenterLevel"":2,""plinkoMidLevel"":3,""plinkoJackpotLevel"":3,""plinkoAmplifierLevel"":4,""plinkoReturnLevel"":3,""plinkoSplitterLevel"":3,""plinkoJackpotBiasLevel"":3,""plinkoMaxBetLevel"":5,""plinkoCapacityLevel"":3,""plinkoInsuranceLevel"":3}"
ordinary/priced-middle/insurance-first-stop-32-ordinary,1743195454,VICTORY,27.32722222222223,10,463,32,True,4.28527777777778,23.685000000000006,3.642222222222222,5.155833333333337,"{""100000"":21.616388888888892,""1000000"":22.17138888888889,""10000000"":25.365833333333338}","{""plinkoCenterLevel"":2,""plinkoMidLevel"":3,""plinkoJackpotLevel"":3,""plinkoAmplifierLevel"":4,""plinkoReturnLevel"":3,""plinkoSplitterLevel"":3,""plinkoJackpotBiasLevel"":3,""plinkoMaxBetLevel"":5,""plinkoCapacityLevel"":3,""plinkoInsuranceLevel"":3}"
ordinary/priced-middle/insurance-first-stop-32-ordinary,1187533348,VICTORY,22.733888888888888,8,409,32,True,2.1133333333333346,19.64194444444444,3.091944444444448,3.916388888888889,"{""100000"":12.583888888888888,""1000000"":18.8175,""10000000"":20.563055555555554}","{""plinkoCenterLevel"":2,""plinkoMidLevel"":3,""plinkoJackpotLevel"":3,""plinkoAmplifierLevel"":4,""plinkoReturnLevel"":3,""plinkoSplitterLevel"":3,""plinkoJackpotBiasLevel"":3,""plinkoMaxBetLevel"":5,""plinkoCapacityLevel"":3,""plinkoInsuranceLevel"":3}"
ordinary/priced-middle/insurance-first-stop-none-ordinary,3897273837,VICTORY,21.654999999999994,11,339,38,False,3.8236111111111124,20.29,1.3649999999999978,4.586111111111105,"{""100000"":15.650833333333333,""1000000"":17.06888888888889,""10000000"":19.175555555555555}","{""plinkoCenterLevel"":2,""plinkoMidLevel"":3,""plinkoJackpotLevel"":3,""plinkoAmplifierLevel"":5,""plinkoReturnLevel"":4,""plinkoSplitterLevel"":5,""plinkoJackpotBiasLevel"":4,""plinkoMaxBetLevel"":6,""plinkoCapacityLevel"":3,""plinkoInsuranceLevel"":3}"
ordinary/priced-middle/insurance-first-stop-none-ordinary,2426331668,VICTORY,21.484166666666663,7,389,38,False,3.895,19.895555555555553,1.58861111111111,4.895555555555553,"{""100000"":12.592777777777776,""1000000"":16.58861111111111,""10000000"":19.519166666666663}","{""plinkoCenterLevel"":2,""plinkoMidLevel"":3,""plinkoJackpotLevel"":3,""plinkoAmplifierLevel"":5,""plinkoReturnLevel"":4,""plinkoSplitterLevel"":5,""plinkoJackpotBiasLevel"":4,""plinkoMaxBetLevel"":6,""plinkoCapacityLevel"":3,""plinkoInsuranceLevel"":3}"
ordinary/priced-middle/insurance-first-stop-none-ordinary,1039263005,VICTORY,11.468611111111109,9,219,38,False,1.2327777777777769,10.16611111111111,1.3024999999999995,4.079444444444443,"{""100000"":5.541944444444444,""1000000"":7.389166666666666,""10000000"":9.444722222222222}","{""plinkoCenterLevel"":2,""plinkoMidLevel"":3,""plinkoJackpotLevel"":3,""plinkoAmplifierLevel"":5,""plinkoReturnLevel"":4,""plinkoSplitterLevel"":5,""plinkoJackpotBiasLevel"":4,""plinkoMaxBetLevel"":6,""plinkoCapacityLevel"":3,""plinkoInsuranceLevel"":3}"
ordinary/priced-middle/insurance-first-stop-none-ordinary,151507902,VICTORY,20.262499999999992,9,310,38,False,3.543888888888889,18.71555555555555,1.5469444444444433,4.718333333333328,"{""100000"":14.304444444444442,""1000000"":15.544166666666664,""10000000"":17.491388888888885}","{""plinkoCenterLevel"":2,""plinkoMidLevel"":3,""plinkoJackpotLevel"":3,""plinkoAmplifierLevel"":5,""plinkoReturnLevel"":4,""plinkoSplitterLevel"":5,""plinkoJackpotBiasLevel"":4,""plinkoMaxBetLevel"":6,""plinkoCapacityLevel"":3,""plinkoInsuranceLevel"":3}"
ordinary/priced-middle/insurance-first-stop-none-ordinary,3434515818,VICTORY,21.510000000000005,11,369,38,False,2.246111111111111,20.110277777777778,1.3997222222222263,5.075833333333339,"{""100000"":12.112777777777776,""1000000"":16.434166666666666,""10000000"":19.488333333333337}","{""plinkoCenterLevel"":2,""plinkoMidLevel"":3,""plinkoJackpotLevel"":3,""plinkoAmplifierLevel"":5,""plinkoReturnLevel"":4,""plinkoSplitterLevel"":5,""plinkoJackpotBiasLevel"":4,""plinkoMaxBetLevel"":6,""plinkoCapacityLevel"":3,""plinkoInsuranceLevel"":3}"
ordinary/priced-middle/insurance-first-stop-none-ordinary,2746961660,VICTORY,20.98611111111111,7,324,38,False,3.8027777777777763,20.072222222222226,0.9138888888888876,3.841111111111111,"{""100000"":15.367500000000001,""1000000"":17.145,""10000000"":19.154444444444447}","{""plinkoCenterLevel"":2,""plinkoMidLevel"":3,""plinkoJackpotLevel"":3,""plinkoAmplifierLevel"":5,""plinkoReturnLevel"":4,""plinkoSplitterLevel"":5,""plinkoJackpotBiasLevel"":4,""plinkoMaxBetLevel"":6,""plinkoCapacityLevel"":3,""plinkoInsuranceLevel"":3}"
ordinary/priced-middle/insurance-first-stop-none-ordinary,2417627433,VICTORY,17.715555555555557,6,358,38,False,2.3736111111111104,16.019166666666667,1.6963888888888883,5.30111111111111,"{""100000"":8.311666666666666,""1000000"":12.414444444444447,""10000000"":15.323888888888892}","{""plinkoCenterLevel"":2,""plinkoMidLevel"":3,""plinkoJackpotLevel"":3,""plinkoAmplifierLevel"":5,""plinkoReturnLevel"":4,""plinkoSplitterLevel"":5,""plinkoJackpotBiasLevel"":4,""plinkoMaxBetLevel"":6,""plinkoCapacityLevel"":3,""plinkoInsuranceLevel"":3}"
ordinary/priced-middle/insurance-first-stop-none-ordinary,1947903889,VICTORY,22.379999999999995,10,349,38,False,2.2450000000000006,21.46583333333333,0.9141666666666651,4.2216666666666605,"{""100000"":12.586944444444445,""1000000"":18.158333333333335,""10000000"":20.58416666666666}","{""plinkoCenterLevel"":2,""plinkoMidLevel"":3,""plinkoJackpotLevel"":3,""plinkoAmplifierLevel"":5,""plinkoReturnLevel"":4,""plinkoSplitterLevel"":5,""plinkoJackpotBiasLevel"":4,""plinkoMaxBetLevel"":6,""plinkoCapacityLevel"":3,""plinkoInsuranceLevel"":3}"
ordinary/priced-middle/insurance-first-stop-none-ordinary,4209997488,VICTORY,17.667777777777776,10,268,38,False,2.2111111111111126,16.134444444444444,1.5333333333333334,3.4183333333333312,"{""100000"":12.62111111111111,""1000000"":14.249444444444444,""10000000"":15.256666666666664}","{""plinkoCenterLevel"":2,""plinkoMidLevel"":3,""plinkoJackpotLevel"":3,""plinkoAmplifierLevel"":5,""plinkoReturnLevel"":4,""plinkoSplitterLevel"":5,""plinkoJackpotBiasLevel"":4,""plinkoMaxBetLevel"":6,""plinkoCapacityLevel"":3,""plinkoInsuranceLevel"":3}"
ordinary/priced-middle/insurance-first-stop-none-ordinary,3563542517,VICTORY,26.223333333333336,13,402,38,False,3.305277777777779,25.124722222222225,1.0986111111111085,4.309444444444445,"{""100000"":19.38305555555556,""1000000"":21.91388888888889,""10000000"":24.79388888888889}","{""plinkoCenterLevel"":2,""plinkoMidLevel"":3,""plinkoJackpotLevel"":3,""plinkoAmplifierLevel"":5,""plinkoReturnLevel"":4,""plinkoSplitterLevel"":5,""plinkoJackpotBiasLevel"":4,""plinkoMaxBetLevel"":6,""plinkoCapacityLevel"":3,""plinkoInsuranceLevel"":3}"
ordinary/priced-middle/insurance-first-stop-none-ordinary,3154847900,VICTORY,17.415555555555553,7,297,38,False,2.3449999999999998,15.684444444444443,1.7311111111111093,4.0536111111111115,"{""100000"":9.962499999999999,""1000000"":13.361944444444442,""10000000"":15.366388888888887}","{""plinkoCenterLevel"":2,""plinkoMidLevel"":3,""plinkoJackpotLevel"":3,""plinkoAmplifierLevel"":5,""plinkoReturnLevel"":4,""plinkoSplitterLevel"":5,""plinkoJackpotBiasLevel"":4,""plinkoMaxBetLevel"":6,""plinkoCapacityLevel"":3,""plinkoInsuranceLevel"":3}"
ordinary/priced-middle/insurance-first-stop-none-ordinary,2282813976,VICTORY,24.3125,16,340,38,False,3.181666666666668,22.817500000000003,1.494999999999997,5.269166666666667,"{""100000"":18.03638888888889,""1000000"":19.043333333333333,""10000000"":21.733888888888888}","{""plinkoCenterLevel"":2,""plinkoMidLevel"":3,""plinkoJackpotLevel"":3,""plinkoAmplifierLevel"":5,""plinkoReturnLevel"":4,""plinkoSplitterLevel"":5,""plinkoJackpotBiasLevel"":4,""plinkoMaxBetLevel"":6,""plinkoCapacityLevel"":3,""plinkoInsuranceLevel"":3}"
ordinary/priced-middle/insurance-first-stop-none-ordinary,30059959,VICTORY,15.724722222222223,6,273,38,False,2.3424999999999994,14.3675,1.3572222222222232,4.9975000000000005,"{""100000"":7.6755555555555555,""1000000"":10.727222222222222,""10000000"":13.435277777777776}","{""plinkoCenterLevel"":2,""plinkoMidLevel"":3,""plinkoJackpotLevel"":3,""plinkoAmplifierLevel"":5,""plinkoReturnLevel"":4,""plinkoSplitterLevel"":5,""plinkoJackpotBiasLevel"":4,""plinkoMaxBetLevel"":6,""plinkoCapacityLevel"":3,""plinkoInsuranceLevel"":3}"
ordinary/priced-middle/insurance-first-stop-none-ordinary,2673680178,VICTORY,16.575833333333335,12,308,38,False,2.630833333333334,15.519444444444446,1.0563888888888888,4.437777777777779,"{""100000"":9.31,""1000000"":12.138055555555557,""10000000"":14.995833333333335}","{""plinkoCenterLevel"":2,""plinkoMidLevel"":3,""plinkoJackpotLevel"":3,""plinkoAmplifierLevel"":5,""plinkoReturnLevel"":4,""plinkoSplitterLevel"":5,""plinkoJackpotBiasLevel"":4,""plinkoMaxBetLevel"":6,""plinkoCapacityLevel"":3,""plinkoInsuranceLevel"":3}"
ordinary/priced-middle/insurance-first-stop-none-ordinary,1743195454,VICTORY,27.513055555555564,10,436,38,False,4.28527777777778,26.22444444444445,1.28861111111111,5.341666666666672,"{""100000"":21.616388888888892,""1000000"":22.17138888888889,""10000000"":25.80694444444445}","{""plinkoCenterLevel"":2,""plinkoMidLevel"":3,""plinkoJackpotLevel"":3,""plinkoAmplifierLevel"":5,""plinkoReturnLevel"":4,""plinkoSplitterLevel"":5,""plinkoJackpotBiasLevel"":4,""plinkoMaxBetLevel"":6,""plinkoCapacityLevel"":3,""plinkoInsuranceLevel"":3}"
ordinary/priced-middle/insurance-first-stop-none-ordinary,1187533348,VICTORY,23.012777777777774,8,382,38,False,2.1133333333333346,21.704166666666666,1.3086111111111072,4.195277777777775,"{""100000"":12.583888888888888,""1000000"":18.8175,""10000000"":20.432222222222222}","{""plinkoCenterLevel"":2,""plinkoMidLevel"":3,""plinkoJackpotLevel"":3,""plinkoAmplifierLevel"":5,""plinkoReturnLevel"":4,""plinkoSplitterLevel"":5,""plinkoJackpotBiasLevel"":4,""plinkoMaxBetLevel"":6,""plinkoCapacityLevel"":3,""plinkoInsuranceLevel"":3}"
selection/control/cheapest-stop-24-fast,3967302123,VICTORY,16.57722222222223,7,520,24,True,1.085277777777778,5.969444444444445,10.607777777777782,10.607777777777784,"{""100000"":3.098333333333333,""1000000"":5.969444444444445,""10000000"":7.988055555555557}","{""plinkoCenterLevel"":2,""plinkoMidLevel"":3,""plinkoJackpotLevel"":3,""plinkoAmplifierLevel"":3,""plinkoReturnLevel"":2,""plinkoSplitterLevel"":2,""plinkoJackpotBiasLevel"":3,""plinkoMaxBetLevel"":4,""plinkoCapacityLevel"":2,""plinkoInsuranceLevel"":0}"
selection/control/cheapest-stop-24-fast,4058164329,VICTORY,16.070833333333336,4,516,24,True,1.5994444444444453,4.616111111111112,11.454722222222225,11.463055555555556,"{""100000"":2.359166666666667,""1000000"":4.6077777777777795,""10000000"":8.420833333333334}","{""plinkoCenterLevel"":2,""plinkoMidLevel"":3,""plinkoJackpotLevel"":3,""plinkoAmplifierLevel"":3,""plinkoReturnLevel"":2,""plinkoSplitterLevel"":2,""plinkoJackpotBiasLevel"":3,""plinkoMaxBetLevel"":4,""plinkoCapacityLevel"":2,""plinkoInsuranceLevel"":0}"
selection/control/cheapest-stop-24-fast,1765749521,VICTORY,19.66111111111111,8,492,24,True,1.5447222222222232,10.147500000000003,9.51361111111111,9.517777777777775,"{""100000"":8.052222222222223,""1000000"":10.143333333333336,""10000000"":12.435833333333335}","{""plinkoCenterLevel"":2,""plinkoMidLevel"":3,""plinkoJackpotLevel"":3,""plinkoAmplifierLevel"":3,""plinkoReturnLevel"":2,""plinkoSplitterLevel"":2,""plinkoJackpotBiasLevel"":3,""plinkoMaxBetLevel"":4,""plinkoCapacityLevel"":2,""plinkoInsuranceLevel"":0}"
selection/control/cheapest-stop-24-fast,1637356193,VICTORY,18.77944444444445,12,468,24,True,2.366111111111111,8.943055555555555,9.836388888888898,9.844722222222229,"{""100000"":7.955277777777779,""1000000"":8.934722222222222,""10000000"":10.869444444444445}","{""plinkoCenterLevel"":2,""plinkoMidLevel"":3,""plinkoJackpotLevel"":3,""plinkoAmplifierLevel"":3,""plinkoReturnLevel"":2,""plinkoSplitterLevel"":2,""plinkoJackpotBiasLevel"":3,""plinkoMaxBetLevel"":4,""plinkoCapacityLevel"":2,""plinkoInsuranceLevel"":0}"
selection/control/cheapest-stop-24-fast,238653634,VICTORY,17.962777777777774,9,532,24,True,0.9866666666666665,6.908333333333334,11.05444444444444,11.062777777777772,"{""100000"":3.7424999999999997,""1000000"":6.900000000000001,""10000000"":10.099722222222223}","{""plinkoCenterLevel"":2,""plinkoMidLevel"":3,""plinkoJackpotLevel"":3,""plinkoAmplifierLevel"":3,""plinkoReturnLevel"":2,""plinkoSplitterLevel"":2,""plinkoJackpotBiasLevel"":3,""plinkoMaxBetLevel"":4,""plinkoCapacityLevel"":2,""plinkoInsuranceLevel"":0}"
selection/control/cheapest-stop-24-fast,1915061829,VICTORY,18.201666666666664,10,494,24,True,1.973611111111111,8.529166666666663,9.672500000000003,9.672500000000001,"{""100000"":5.6627777777777775,""1000000"":8.529166666666663,""10000000"":10.696666666666664}","{""plinkoCenterLevel"":2,""plinkoMidLevel"":3,""plinkoJackpotLevel"":3,""plinkoAmplifierLevel"":3,""plinkoReturnLevel"":2,""plinkoSplitterLevel"":2,""plinkoJackpotBiasLevel"":3,""plinkoMaxBetLevel"":4,""plinkoCapacityLevel"":2,""plinkoInsuranceLevel"":0}"
selection/control/cheapest-stop-24-fast,1066802026,VICTORY,17.610277777777775,10,508,24,True,1.1522222222222231,7.401111111111109,10.209166666666667,10.209166666666665,"{""100000"":3.781666666666667,""1000000"":7.401111111111109,""10000000"":10.285833333333333}","{""plinkoCenterLevel"":2,""plinkoMidLevel"":3,""plinkoJackpotLevel"":3,""plinkoAmplifierLevel"":3,""plinkoReturnLevel"":2,""plinkoSplitterLevel"":2,""plinkoJackpotBiasLevel"":3,""plinkoMaxBetLevel"":4,""plinkoCapacityLevel"":2,""plinkoInsuranceLevel"":0}"
selection/control/cheapest-stop-24-fast,1621404987,VICTORY,18.45444444444444,16,456,24,True,2.1238888888888874,9.95861111111111,8.49583333333333,8.885277777777777,"{""100000"":9.139999999999997,""1000000"":9.569166666666664,""10000000"":12.201944444444443}","{""plinkoCenterLevel"":2,""plinkoMidLevel"":3,""plinkoJackpotLevel"":3,""plinkoAmplifierLevel"":3,""plinkoReturnLevel"":2,""plinkoSplitterLevel"":2,""plinkoJackpotBiasLevel"":3,""plinkoMaxBetLevel"":4,""plinkoCapacityLevel"":2,""plinkoInsuranceLevel"":0}"
selection/control/cheapest-stop-28-fast,3967302123,VICTORY,11.203888888888889,7,385,28,True,1.085277777777778,6.5775,4.626388888888889,5.234444444444444,"{""100000"":3.098333333333333,""1000000"":5.969444444444445,""10000000"":7.577500000000001}","{""plinkoCenterLevel"":2,""plinkoMidLevel"":3,""plinkoJackpotLevel"":3,""plinkoAmplifierLevel"":3,""plinkoReturnLevel"":3,""plinkoSplitterLevel"":3,""plinkoJackpotBiasLevel"":3,""plinkoMaxBetLevel"":5,""plinkoCapacityLevel"":3,""plinkoInsuranceLevel"":0}"
selection/control/cheapest-stop-28-fast,4058164329,VICTORY,8.870833333333335,4,267,28,True,1.5994444444444453,6.0372222222222245,2.833611111111111,4.263055555555556,"{""100000"":2.359166666666667,""1000000"":4.6077777777777795,""10000000"":6.964722222222224}","{""plinkoCenterLevel"":2,""plinkoMidLevel"":3,""plinkoJackpotLevel"":3,""plinkoAmplifierLevel"":3,""plinkoReturnLevel"":3,""plinkoSplitterLevel"":3,""plinkoJackpotBiasLevel"":3,""plinkoMaxBetLevel"":5,""plinkoCapacityLevel"":3,""plinkoInsuranceLevel"":0}"
selection/control/cheapest-stop-28-fast,1765749521,VICTORY,13.664166666666667,8,307,28,True,1.5447222222222232,11.279722222222226,2.3844444444444415,3.5208333333333304,"{""100000"":8.052222222222223,""1000000"":10.143333333333336,""10000000"":11.703333333333337}","{""plinkoCenterLevel"":2,""plinkoMidLevel"":3,""plinkoJackpotLevel"":3,""plinkoAmplifierLevel"":3,""plinkoReturnLevel"":3,""plinkoSplitterLevel"":3,""plinkoJackpotBiasLevel"":3,""plinkoMaxBetLevel"":5,""plinkoCapacityLevel"":3,""plinkoInsuranceLevel"":0}"
selection/control/cheapest-stop-28-fast,1637356193,VICTORY,13.05611111111111,12,297,28,True,2.366111111111111,9.918333333333333,3.137777777777776,4.121388888888887,"{""100000"":7.955277777777779,""1000000"":8.934722222222222,""10000000"":10.561944444444444}","{""plinkoCenterLevel"":2,""plinkoMidLevel"":3,""plinkoJackpotLevel"":3,""plinkoAmplifierLevel"":3,""plinkoReturnLevel"":3,""plinkoSplitterLevel"":3,""plinkoJackpotBiasLevel"":3,""plinkoMaxBetLevel"":5,""plinkoCapacityLevel"":3,""plinkoInsuranceLevel"":0}"
selection/control/cheapest-stop-28-fast,238653634,VICTORY,11.692222222222224,9,336,28,True,0.9866666666666665,8.541944444444445,3.1502777777777795,4.792222222222223,"{""100000"":3.7424999999999997,""1000000"":6.900000000000001,""10000000"":8.905555555555557}","{""plinkoCenterLevel"":2,""plinkoMidLevel"":3,""plinkoJackpotLevel"":3,""plinkoAmplifierLevel"":3,""plinkoReturnLevel"":3,""plinkoSplitterLevel"":3,""plinkoJackpotBiasLevel"":3,""plinkoMaxBetLevel"":5,""plinkoCapacityLevel"":3,""plinkoInsuranceLevel"":0}"
selection/control/cheapest-stop-28-fast,1915061829,VICTORY,13.045833333333329,10,363,28,True,1.973611111111111,9.316111111111107,3.7297222222222217,4.516666666666666,"{""100000"":5.6627777777777775,""1000000"":8.529166666666663,""10000000"":10.248333333333331}","{""plinkoCenterLevel"":2,""plinkoMidLevel"":3,""plinkoJackpotLevel"":3,""plinkoAmplifierLevel"":3,""plinkoReturnLevel"":3,""plinkoSplitterLevel"":3,""plinkoJackpotBiasLevel"":3,""plinkoMaxBetLevel"":5,""plinkoCapacityLevel"":3,""plinkoInsuranceLevel"":0}"
selection/control/cheapest-stop-28-fast,1066802026,VICTORY,10.955833333333334,10,292,28,True,1.1522222222222231,7.716388888888887,3.2394444444444463,3.5547222222222254,"{""100000"":3.781666666666667,""1000000"":7.401111111111109,""10000000"":8.705277777777777}","{""plinkoCenterLevel"":2,""plinkoMidLevel"":3,""plinkoJackpotLevel"":3,""plinkoAmplifierLevel"":3,""plinkoReturnLevel"":3,""plinkoSplitterLevel"":3,""plinkoJackpotBiasLevel"":3,""plinkoMaxBetLevel"":5,""plinkoCapacityLevel"":3,""plinkoInsuranceLevel"":0}"
selection/control/cheapest-stop-28-fast,1621404987,VICTORY,13.728055555555557,16,315,28,True,2.1238888888888874,10.95861111111111,2.7694444444444457,4.158888888888892,"{""100000"":9.139999999999997,""1000000"":9.569166666666664,""10000000"":11.158055555555556}","{""plinkoCenterLevel"":2,""plinkoMidLevel"":3,""plinkoJackpotLevel"":3,""plinkoAmplifierLevel"":3,""plinkoReturnLevel"":3,""plinkoSplitterLevel"":3,""plinkoJackpotBiasLevel"":3,""plinkoMaxBetLevel"":5,""plinkoCapacityLevel"":3,""plinkoInsuranceLevel"":0}"
selection/control/cheapest-stop-32-fast,3967302123,VICTORY,9.708055555555555,7,291,32,True,1.085277777777778,7.762222222222222,1.9458333333333333,3.73861111111111,"{""100000"":3.098333333333333,""1000000"":5.969444444444445,""10000000"":8.459166666666667}","{""plinkoCenterLevel"":2,""plinkoMidLevel"":3,""plinkoJackpotLevel"":3,""plinkoAmplifierLevel"":4,""plinkoReturnLevel"":3,""plinkoSplitterLevel"":4,""plinkoJackpotBiasLevel"":4,""plinkoMaxBetLevel"":6,""plinkoCapacityLevel"":3,""plinkoInsuranceLevel"":0}"
selection/control/cheapest-stop-32-fast,4058164329,VICTORY,7.942500000000002,4,216,32,True,1.5994444444444453,6.805555555555558,1.136944444444444,3.334722222222222,"{""100000"":2.359166666666667,""1000000"":4.6077777777777795,""10000000"":6.801388888888892}","{""plinkoCenterLevel"":2,""plinkoMidLevel"":3,""plinkoJackpotLevel"":3,""plinkoAmplifierLevel"":4,""plinkoReturnLevel"":3,""plinkoSplitterLevel"":4,""plinkoJackpotBiasLevel"":4,""plinkoMaxBetLevel"":6,""plinkoCapacityLevel"":3,""plinkoInsuranceLevel"":0}"
selection/control/cheapest-stop-32-fast,1765749521,VICTORY,13.389166666666672,8,279,32,True,1.5447222222222232,12.11166666666667,1.2775000000000014,3.2458333333333353,"{""100000"":8.052222222222223,""1000000"":10.143333333333336,""10000000"":12.11166666666667}","{""plinkoCenterLevel"":2,""plinkoMidLevel"":3,""plinkoJackpotLevel"":3,""plinkoAmplifierLevel"":4,""plinkoReturnLevel"":3,""plinkoSplitterLevel"":4,""plinkoJackpotBiasLevel"":4,""plinkoMaxBetLevel"":6,""plinkoCapacityLevel"":3,""plinkoInsuranceLevel"":0}"
selection/control/cheapest-stop-32-fast,1637356193,VICTORY,11.929444444444444,12,235,32,True,2.366111111111111,10.520555555555555,1.4088888888888884,2.9947222222222223,"{""100000"":7.955277777777779,""1000000"":8.934722222222222,""10000000"":10.520555555555555}","{""plinkoCenterLevel"":2,""plinkoMidLevel"":3,""plinkoJackpotLevel"":3,""plinkoAmplifierLevel"":4,""plinkoReturnLevel"":3,""plinkoSplitterLevel"":4,""plinkoJackpotBiasLevel"":4,""plinkoMaxBetLevel"":6,""plinkoCapacityLevel"":3,""plinkoInsuranceLevel"":0}"
selection/control/cheapest-stop-32-fast,238653634,VICTORY,11.06361111111111,9,288,32,True,0.9866666666666665,9.513611111111112,1.549999999999998,4.163611111111108,"{""100000"":3.7424999999999997,""1000000"":6.900000000000001,""10000000"":9.874722222222223}","{""plinkoCenterLevel"":2,""plinkoMidLevel"":3,""plinkoJackpotLevel"":3,""plinkoAmplifierLevel"":4,""plinkoReturnLevel"":3,""plinkoSplitterLevel"":4,""plinkoJackpotBiasLevel"":4,""plinkoMaxBetLevel"":6,""plinkoCapacityLevel"":3,""plinkoInsuranceLevel"":0}"
selection/control/cheapest-stop-32-fast,1915061829,VICTORY,12.169999999999996,10,304,32,True,1.973611111111111,10.159444444444443,2.0105555555555537,3.640833333333333,"{""100000"":5.6627777777777775,""1000000"":8.529166666666663,""10000000"":10.159444444444443}","{""plinkoCenterLevel"":2,""plinkoMidLevel"":3,""plinkoJackpotLevel"":3,""plinkoAmplifierLevel"":4,""plinkoReturnLevel"":3,""plinkoSplitterLevel"":4,""plinkoJackpotBiasLevel"":4,""plinkoMaxBetLevel"":6,""plinkoCapacityLevel"":3,""plinkoInsuranceLevel"":0}"
selection/control/cheapest-stop-32-fast,1066802026,VICTORY,10.444166666666664,10,253,32,True,1.1522222222222231,8.859166666666663,1.5850000000000004,3.043055555555555,"{""100000"":3.781666666666667,""1000000"":7.401111111111109,""10000000"":9.246666666666664}","{""plinkoCenterLevel"":2,""plinkoMidLevel"":3,""plinkoJackpotLevel"":3,""plinkoAmplifierLevel"":4,""plinkoReturnLevel"":3,""plinkoSplitterLevel"":4,""plinkoJackpotBiasLevel"":4,""plinkoMaxBetLevel"":6,""plinkoCapacityLevel"":3,""plinkoInsuranceLevel"":0}"
selection/control/cheapest-stop-32-fast,1621404987,VICTORY,13.176111111111112,16,280,32,True,2.1238888888888874,11.37638888888889,1.7997222222222224,3.606944444444448,"{""100000"":9.139999999999997,""1000000"":9.569166666666664,""10000000"":11.077777777777778}","{""plinkoCenterLevel"":2,""plinkoMidLevel"":3,""plinkoJackpotLevel"":3,""plinkoAmplifierLevel"":4,""plinkoReturnLevel"":3,""plinkoSplitterLevel"":4,""plinkoJackpotBiasLevel"":4,""plinkoMaxBetLevel"":6,""plinkoCapacityLevel"":3,""plinkoInsuranceLevel"":0}"
selection/control/cheapest-stop-none-fast,3967302123,VICTORY,10.488611111111112,7,320,35,False,1.085277777777778,9.169722222222223,1.3188888888888888,4.519166666666667,"{""100000"":3.098333333333333,""1000000"":5.969444444444445,""10000000"":8.5}","{""plinkoCenterLevel"":2,""plinkoMidLevel"":3,""plinkoJackpotLevel"":3,""plinkoAmplifierLevel"":5,""plinkoReturnLevel"":4,""plinkoSplitterLevel"":5,""plinkoJackpotBiasLevel"":4,""plinkoMaxBetLevel"":6,""plinkoCapacityLevel"":3,""plinkoInsuranceLevel"":0}"
selection/control/cheapest-stop-none-fast,4058164329,VICTORY,8.798888888888891,4,253,35,False,1.5994444444444453,7.971388888888892,0.8274999999999996,4.191111111111112,"{""100000"":2.359166666666667,""1000000"":4.6077777777777795,""10000000"":6.801388888888892}","{""plinkoCenterLevel"":2,""plinkoMidLevel"":3,""plinkoJackpotLevel"":3,""plinkoAmplifierLevel"":5,""plinkoReturnLevel"":4,""plinkoSplitterLevel"":5,""plinkoJackpotBiasLevel"":4,""plinkoMaxBetLevel"":6,""plinkoCapacityLevel"":3,""plinkoInsuranceLevel"":0}"
selection/control/cheapest-stop-none-fast,1765749521,VICTORY,13.710833333333337,8,279,35,False,1.5447222222222232,12.80166666666667,0.9091666666666678,3.567500000000001,"{""100000"":8.052222222222223,""1000000"":10.143333333333336,""10000000"":12.11166666666667}","{""plinkoCenterLevel"":2,""plinkoMidLevel"":3,""plinkoJackpotLevel"":3,""plinkoAmplifierLevel"":5,""plinkoReturnLevel"":4,""plinkoSplitterLevel"":5,""plinkoJackpotBiasLevel"":4,""plinkoMaxBetLevel"":6,""plinkoCapacityLevel"":3,""plinkoInsuranceLevel"":0}"
selection/control/cheapest-stop-none-fast,1637356193,VICTORY,12.5425,12,257,35,False,2.366111111111111,11.41888888888889,1.1236111111111104,3.6077777777777786,"{""100000"":7.955277777777779,""1000000"":8.934722222222222,""10000000"":10.520555555555555}","{""plinkoCenterLevel"":2,""plinkoMidLevel"":3,""plinkoJackpotLevel"":3,""plinkoAmplifierLevel"":5,""plinkoReturnLevel"":4,""plinkoSplitterLevel"":5,""plinkoJackpotBiasLevel"":4,""plinkoMaxBetLevel"":6,""plinkoCapacityLevel"":3,""plinkoInsuranceLevel"":0}"
selection/control/cheapest-stop-none-fast,238653634,VICTORY,12.176944444444445,9,337,35,False,0.9866666666666665,10.732222222222223,1.4447222222222214,5.276944444444443,"{""100000"":3.7424999999999997,""1000000"":6.900000000000001,""10000000"":10.078888888888889}","{""plinkoCenterLevel"":2,""plinkoMidLevel"":3,""plinkoJackpotLevel"":3,""plinkoAmplifierLevel"":5,""plinkoReturnLevel"":4,""plinkoSplitterLevel"":5,""plinkoJackpotBiasLevel"":4,""plinkoMaxBetLevel"":6,""plinkoCapacityLevel"":3,""plinkoInsuranceLevel"":0}"
selection/control/cheapest-stop-none-fast,1915061829,VICTORY,12.15722222222222,10,289,35,False,1.973611111111111,11.162777777777775,0.9944444444444438,3.628055555555557,"{""100000"":5.6627777777777775,""1000000"":8.529166666666663,""10000000"":10.159444444444443}","{""plinkoCenterLevel"":2,""plinkoMidLevel"":3,""plinkoJackpotLevel"":3,""plinkoAmplifierLevel"":5,""plinkoReturnLevel"":4,""plinkoSplitterLevel"":5,""plinkoJackpotBiasLevel"":4,""plinkoMaxBetLevel"":6,""plinkoCapacityLevel"":3,""plinkoInsuranceLevel"":0}"
selection/control/cheapest-stop-none-fast,1066802026,VICTORY,10.769444444444442,10,263,35,False,1.1522222222222231,9.46972222222222,1.2997222222222224,3.368333333333333,"{""100000"":3.781666666666667,""1000000"":7.401111111111109,""10000000"":9.078888888888885}","{""plinkoCenterLevel"":2,""plinkoMidLevel"":3,""plinkoJackpotLevel"":3,""plinkoAmplifierLevel"":5,""plinkoReturnLevel"":4,""plinkoSplitterLevel"":5,""plinkoJackpotBiasLevel"":4,""plinkoMaxBetLevel"":6,""plinkoCapacityLevel"":3,""plinkoInsuranceLevel"":0}"
selection/control/cheapest-stop-none-fast,1621404987,VICTORY,13.654722222222222,16,287,35,False,2.1238888888888874,12.256666666666666,1.3980555555555554,4.085555555555558,"{""100000"":9.139999999999997,""1000000"":9.569166666666664,""10000000"":11.077777777777778}","{""plinkoCenterLevel"":2,""plinkoMidLevel"":3,""plinkoJackpotLevel"":3,""plinkoAmplifierLevel"":5,""plinkoReturnLevel"":4,""plinkoSplitterLevel"":5,""plinkoJackpotBiasLevel"":4,""plinkoMaxBetLevel"":6,""plinkoCapacityLevel"":3,""plinkoInsuranceLevel"":0}"
selection/control/insurance-first-stop-24-fast,3967302123,VICTORY,22.890555555555558,10,797,24,True,0.9461111111111113,5.145555555555556,17.745,17.749166666666667,"{""100000"":2.867222222222223,""1000000"":5.141388888888889,""10000000"":8.279722222222222}","{""plinkoCenterLevel"":2,""plinkoMidLevel"":3,""plinkoJackpotLevel"":2,""plinkoAmplifierLevel"":2,""plinkoReturnLevel"":2,""plinkoSplitterLevel"":2,""plinkoJackpotBiasLevel"":2,""plinkoMaxBetLevel"":4,""plinkoCapacityLevel"":2,""plinkoInsuranceLevel"":3}"
selection/control/insurance-first-stop-24-fast,4058164329,VICTORY,21.401666666666664,7,744,24,True,0.8136111111111113,3.6938888888888886,17.70777777777778,17.716111111111108,"{""100000"":1.9288888888888889,""1000000"":3.6855555555555553,""10000000"":7.7811111111111115}","{""plinkoCenterLevel"":2,""plinkoMidLevel"":3,""plinkoJackpotLevel"":2,""plinkoAmplifierLevel"":2,""plinkoReturnLevel"":2,""plinkoSplitterLevel"":2,""plinkoJackpotBiasLevel"":2,""plinkoMaxBetLevel"":4,""plinkoCapacityLevel"":2,""plinkoInsuranceLevel"":3}"
selection/control/insurance-first-stop-24-fast,1765749521,VICTORY,26.731666666666662,10,798,24,True,1.789722222222222,9.25111111111111,17.48055555555555,16.984444444444442,"{""100000"":8.450277777777778,""1000000"":9.747222222222222,""10000000"":12.306944444444444}","{""plinkoCenterLevel"":2,""plinkoMidLevel"":3,""plinkoJackpotLevel"":2,""plinkoAmplifierLevel"":2,""plinkoReturnLevel"":2,""plinkoSplitterLevel"":2,""plinkoJackpotBiasLevel"":2,""plinkoMaxBetLevel"":4,""plinkoCapacityLevel"":2,""plinkoInsuranceLevel"":3}"
selection/control/insurance-first-stop-24-fast,1637356193,VICTORY,22.235277777777785,17,627,24,True,1.5616666666666665,8.615277777777779,13.620000000000005,13.151111111111119,"{""100000"":7.691944444444446,""1000000"":9.084166666666667,""10000000"":10.175}","{""plinkoCenterLevel"":2,""plinkoMidLevel"":3,""plinkoJackpotLevel"":2,""plinkoAmplifierLevel"":2,""plinkoReturnLevel"":2,""plinkoSplitterLevel"":2,""plinkoJackpotBiasLevel"":2,""plinkoMaxBetLevel"":4,""plinkoCapacityLevel"":2,""plinkoInsuranceLevel"":3}"
selection/control/insurance-first-stop-24-fast,238653634,VICTORY,26.454444444444448,10,783,24,True,1.8333333333333335,9.461388888888893,16.993055555555557,16.255000000000003,"{""100000"":7.663611111111113,""1000000"":10.199444444444447,""10000000"":12.356666666666667}","{""plinkoCenterLevel"":2,""plinkoMidLevel"":3,""plinkoJackpotLevel"":2,""plinkoAmplifierLevel"":2,""plinkoReturnLevel"":2,""plinkoSplitterLevel"":2,""plinkoJackpotBiasLevel"":2,""plinkoMaxBetLevel"":4,""plinkoCapacityLevel"":2,""plinkoInsuranceLevel"":3}"
selection/control/insurance-first-stop-24-fast,1915061829,VICTORY,24.039722222222224,12,733,24,True,1.8441666666666663,7.281111111111108,16.758611111111115,16.242222222222225,"{""100000"":6.286666666666665,""1000000"":7.797499999999998,""10000000"":10.20222222222222}","{""plinkoCenterLevel"":2,""plinkoMidLevel"":3,""plinkoJackpotLevel"":2,""plinkoAmplifierLevel"":2,""plinkoReturnLevel"":2,""plinkoSplitterLevel"":2,""plinkoJackpotBiasLevel"":2,""plinkoMaxBetLevel"":4,""plinkoCapacityLevel"":2,""plinkoInsuranceLevel"":3}"
selection/control/insurance-first-stop-24-fast,1066802026,VICTORY,23.201944444444447,10,756,24,True,1.1080555555555553,5.137777777777777,18.06416666666667,17.493611111111115,"{""100000"":3.142222222222222,""1000000"":5.708333333333333,""10000000"":7.963333333333334}","{""plinkoCenterLevel"":2,""plinkoMidLevel"":3,""plinkoJackpotLevel"":2,""plinkoAmplifierLevel"":2,""plinkoReturnLevel"":2,""plinkoSplitterLevel"":2,""plinkoJackpotBiasLevel"":2,""plinkoMaxBetLevel"":4,""plinkoCapacityLevel"":2,""plinkoInsuranceLevel"":3}"
selection/control/insurance-first-stop-24-fast,1621404987,VICTORY,25.157222222222217,13,694,24,True,2.103888888888889,11.003611111111109,14.153611111111106,14.153611111111108,"{""100000"":9.124166666666666,""1000000"":11.003611111111109,""10000000"":13.961666666666662}","{""plinkoCenterLevel"":2,""plinkoMidLevel"":3,""plinkoJackpotLevel"":2,""plinkoAmplifierLevel"":2,""plinkoReturnLevel"":2,""plinkoSplitterLevel"":2,""plinkoJackpotBiasLevel"":2,""plinkoMaxBetLevel"":4,""plinkoCapacityLevel"":2,""plinkoInsuranceLevel"":3}"
selection/control/insurance-first-stop-28-fast,3967302123,VICTORY,15.316388888888888,10,500,28,True,0.9461111111111113,5.269444444444445,10.046944444444444,10.174999999999999,"{""100000"":2.867222222222223,""1000000"":5.141388888888889,""10000000"":6.856666666666667}","{""plinkoCenterLevel"":2,""plinkoMidLevel"":3,""plinkoJackpotLevel"":3,""plinkoAmplifierLevel"":3,""plinkoReturnLevel"":2,""plinkoSplitterLevel"":3,""plinkoJackpotBiasLevel"":3,""plinkoMaxBetLevel"":4,""plinkoCapacityLevel"":2,""plinkoInsuranceLevel"":3}"
selection/control/insurance-first-stop-28-fast,4058164329,VICTORY,15.718333333333334,7,518,28,True,0.8136111111111113,4.234722222222222,11.483611111111111,12.032777777777778,"{""100000"":1.9288888888888889,""1000000"":3.6855555555555553,""10000000"":7.775833333333333}","{""plinkoCenterLevel"":2,""plinkoMidLevel"":3,""plinkoJackpotLevel"":3,""plinkoAmplifierLevel"":3,""plinkoReturnLevel"":2,""plinkoSplitterLevel"":3,""plinkoJackpotBiasLevel"":3,""plinkoMaxBetLevel"":4,""plinkoCapacityLevel"":2,""plinkoInsuranceLevel"":3}"
selection/control/insurance-first-stop-28-fast,1765749521,VICTORY,18.911666666666665,10,473,28,True,1.789722222222222,10.408333333333333,8.50333333333333,9.283333333333331,"{""100000"":8.450277777777778,""1000000"":9.628333333333334,""10000000"":11.466944444444444}","{""plinkoCenterLevel"":2,""plinkoMidLevel"":3,""plinkoJackpotLevel"":3,""plinkoAmplifierLevel"":3,""plinkoReturnLevel"":2,""plinkoSplitterLevel"":3,""plinkoJackpotBiasLevel"":3,""plinkoMaxBetLevel"":4,""plinkoCapacityLevel"":2,""plinkoInsuranceLevel"":3}"
selection/control/insurance-first-stop-28-fast,1637356193,VICTORY,17.654444444444447,17,445,28,True,1.5616666666666665,8.930277777777778,8.724166666666669,8.728333333333335,"{""100000"":7.691944444444446,""1000000"":8.926111111111112,""10000000"":10.22111111111111}","{""plinkoCenterLevel"":2,""plinkoMidLevel"":3,""plinkoJackpotLevel"":3,""plinkoAmplifierLevel"":3,""plinkoReturnLevel"":2,""plinkoSplitterLevel"":3,""plinkoJackpotBiasLevel"":3,""plinkoMaxBetLevel"":4,""plinkoCapacityLevel"":2,""plinkoInsuranceLevel"":3}"
selection/control/insurance-first-stop-28-fast,238653634,VICTORY,19.543888888888894,10,526,28,True,1.8333333333333335,10.303888888888894,9.240000000000002,9.248333333333335,"{""100000"":7.663611111111113,""1000000"":10.29555555555556,""10000000"":12.358611111111117}","{""plinkoCenterLevel"":2,""plinkoMidLevel"":3,""plinkoJackpotLevel"":3,""plinkoAmplifierLevel"":3,""plinkoReturnLevel"":2,""plinkoSplitterLevel"":3,""plinkoJackpotBiasLevel"":3,""plinkoMaxBetLevel"":4,""plinkoCapacityLevel"":2,""plinkoInsuranceLevel"":3}"
selection/control/insurance-first-stop-28-fast,1915061829,VICTORY,16.772499999999997,12,440,28,True,1.8441666666666663,7.771111111111108,9.001388888888892,9.21138888888889,"{""100000"":6.286666666666665,""1000000"":7.561111111111107,""10000000"":9.401666666666666}","{""plinkoCenterLevel"":2,""plinkoMidLevel"":3,""plinkoJackpotLevel"":3,""plinkoAmplifierLevel"":3,""plinkoReturnLevel"":2,""plinkoSplitterLevel"":3,""plinkoJackpotBiasLevel"":3,""plinkoMaxBetLevel"":4,""plinkoCapacityLevel"":2,""plinkoInsuranceLevel"":3}"
selection/control/insurance-first-stop-28-fast,1066802026,VICTORY,16.857499999999998,10,512,28,True,1.1080555555555553,5.780277777777778,11.07722222222222,11.48111111111111,"{""100000"":3.142222222222222,""1000000"":5.376388888888888,""10000000"":8.039444444444445}","{""plinkoCenterLevel"":2,""plinkoMidLevel"":3,""plinkoJackpotLevel"":3,""plinkoAmplifierLevel"":3,""plinkoReturnLevel"":2,""plinkoSplitterLevel"":3,""plinkoJackpotBiasLevel"":3,""plinkoMaxBetLevel"":4,""plinkoCapacityLevel"":2,""plinkoInsuranceLevel"":3}"
selection/control/insurance-first-stop-28-fast,1621404987,VICTORY,19.235833333333332,13,470,28,True,2.103888888888889,11.126666666666665,8.109166666666665,8.232222222222223,"{""100000"":9.124166666666666,""1000000"":11.003611111111109,""10000000"":13.241388888888887}","{""plinkoCenterLevel"":2,""plinkoMidLevel"":3,""plinkoJackpotLevel"":3,""plinkoAmplifierLevel"":3,""plinkoReturnLevel"":2,""plinkoSplitterLevel"":3,""plinkoJackpotBiasLevel"":3,""plinkoMaxBetLevel"":4,""plinkoCapacityLevel"":2,""plinkoInsuranceLevel"":3}"
selection/control/insurance-first-stop-32-fast,3967302123,VICTORY,10.677222222222222,10,382,32,True,0.9461111111111113,6.679166666666666,3.9980555555555553,5.535833333333333,"{""100000"":2.867222222222223,""1000000"":5.141388888888889,""10000000"":7.448333333333333}","{""plinkoCenterLevel"":2,""plinkoMidLevel"":3,""plinkoJackpotLevel"":3,""plinkoAmplifierLevel"":4,""plinkoReturnLevel"":3,""plinkoSplitterLevel"":3,""plinkoJackpotBiasLevel"":3,""plinkoMaxBetLevel"":5,""plinkoCapacityLevel"":3,""plinkoInsuranceLevel"":3}"
selection/control/insurance-first-stop-32-fast,4058164329,VICTORY,7.706388888888889,7,248,32,True,0.8136111111111113,5.792222222222223,1.9141666666666661,4.020833333333334,"{""100000"":1.9288888888888889,""1000000"":3.6855555555555553,""10000000"":6.301944444444445}","{""plinkoCenterLevel"":2,""plinkoMidLevel"":3,""plinkoJackpotLevel"":3,""plinkoAmplifierLevel"":4,""plinkoReturnLevel"":3,""plinkoSplitterLevel"":3,""plinkoJackpotBiasLevel"":3,""plinkoMaxBetLevel"":5,""plinkoCapacityLevel"":3,""plinkoInsuranceLevel"":3}"
selection/control/insurance-first-stop-32-fast,1765749521,VICTORY,13.041666666666664,10,301,32,True,1.789722222222222,10.863055555555555,2.1786111111111097,3.4133333333333304,"{""100000"":8.450277777777778,""1000000"":9.628333333333334,""10000000"":11.492777777777777}","{""plinkoCenterLevel"":2,""plinkoMidLevel"":3,""plinkoJackpotLevel"":3,""plinkoAmplifierLevel"":4,""plinkoReturnLevel"":3,""plinkoSplitterLevel"":3,""plinkoJackpotBiasLevel"":3,""plinkoMaxBetLevel"":5,""plinkoCapacityLevel"":3,""plinkoInsuranceLevel"":3}"
selection/control/insurance-first-stop-32-fast,1637356193,VICTORY,12.002222222222224,17,274,32,True,1.5616666666666665,9.44277777777778,2.5594444444444453,3.0761111111111124,"{""100000"":7.691944444444446,""1000000"":8.926111111111112,""10000000"":9.99777777777778}","{""plinkoCenterLevel"":2,""plinkoMidLevel"":3,""plinkoJackpotLevel"":3,""plinkoAmplifierLevel"":4,""plinkoReturnLevel"":3,""plinkoSplitterLevel"":3,""plinkoJackpotBiasLevel"":3,""plinkoMaxBetLevel"":5,""plinkoCapacityLevel"":3,""plinkoInsuranceLevel"":3}"
selection/control/insurance-first-stop-32-fast,238653634,VICTORY,13.731111111111115,10,342,32,True,1.8333333333333335,10.80416666666667,2.9269444444444446,3.435555555555556,"{""100000"":7.663611111111113,""1000000"":10.29555555555556,""10000000"":11.87555555555556}","{""plinkoCenterLevel"":2,""plinkoMidLevel"":3,""plinkoJackpotLevel"":3,""plinkoAmplifierLevel"":4,""plinkoReturnLevel"":3,""plinkoSplitterLevel"":3,""plinkoJackpotBiasLevel"":3,""plinkoMaxBetLevel"":5,""plinkoCapacityLevel"":3,""plinkoInsuranceLevel"":3}"
selection/control/insurance-first-stop-32-fast,1915061829,VICTORY,12.25583333333333,12,339,32,True,1.8441666666666663,8.410833333333331,3.8449999999999998,4.6947222222222225,"{""100000"":6.286666666666665,""1000000"":7.561111111111107,""10000000"":9.107499999999996}","{""plinkoCenterLevel"":2,""plinkoMidLevel"":3,""plinkoJackpotLevel"":3,""plinkoAmplifierLevel"":4,""plinkoReturnLevel"":3,""plinkoSplitterLevel"":3,""plinkoJackpotBiasLevel"":3,""plinkoMaxBetLevel"":5,""plinkoCapacityLevel"":3,""plinkoInsuranceLevel"":3}"
selection/control/insurance-first-stop-32-fast,1066802026,VICTORY,9.566666666666666,10,297,32,True,1.1080555555555553,6.258333333333334,3.308333333333333,4.190277777777778,"{""100000"":3.142222222222222,""1000000"":5.376388888888888,""10000000"":7.394166666666667}","{""plinkoCenterLevel"":2,""plinkoMidLevel"":3,""plinkoJackpotLevel"":3,""plinkoAmplifierLevel"":4,""plinkoReturnLevel"":3,""plinkoSplitterLevel"":3,""plinkoJackpotBiasLevel"":3,""plinkoMaxBetLevel"":5,""plinkoCapacityLevel"":3,""plinkoInsuranceLevel"":3}"
selection/control/insurance-first-stop-32-fast,1621404987,VICTORY,14.606944444444443,13,335,32,True,2.103888888888889,11.848888888888887,2.758055555555556,3.6033333333333335,"{""100000"":9.124166666666666,""1000000"":11.003611111111109,""10000000"":12.34194444444444}","{""plinkoCenterLevel"":2,""plinkoMidLevel"":3,""plinkoJackpotLevel"":3,""plinkoAmplifierLevel"":4,""plinkoReturnLevel"":3,""plinkoSplitterLevel"":3,""plinkoJackpotBiasLevel"":3,""plinkoMaxBetLevel"":5,""plinkoCapacityLevel"":3,""plinkoInsuranceLevel"":3}"
selection/control/insurance-first-stop-none-fast,3967302123,VICTORY,10.180277777777777,10,318,38,False,0.9461111111111113,8.786944444444446,1.3933333333333318,5.038888888888888,"{""100000"":2.867222222222223,""1000000"":5.141388888888889,""10000000"":8.061944444444444}","{""plinkoCenterLevel"":2,""plinkoMidLevel"":3,""plinkoJackpotLevel"":3,""plinkoAmplifierLevel"":5,""plinkoReturnLevel"":4,""plinkoSplitterLevel"":5,""plinkoJackpotBiasLevel"":4,""plinkoMaxBetLevel"":6,""plinkoCapacityLevel"":3,""plinkoInsuranceLevel"":3}"
selection/control/insurance-first-stop-none-fast,4058164329,VICTORY,8.250555555555556,7,253,38,False,0.8136111111111113,7.159166666666667,1.0913888888888883,4.565,"{""100000"":1.9288888888888889,""1000000"":3.6855555555555553,""10000000"":6.043611111111111}","{""plinkoCenterLevel"":2,""plinkoMidLevel"":3,""plinkoJackpotLevel"":3,""plinkoAmplifierLevel"":5,""plinkoReturnLevel"":4,""plinkoSplitterLevel"":5,""plinkoJackpotBiasLevel"":4,""plinkoMaxBetLevel"":6,""plinkoCapacityLevel"":3,""plinkoInsuranceLevel"":3}"
selection/control/insurance-first-stop-none-fast,1765749521,VICTORY,13.081388888888885,10,276,38,False,1.789722222222222,12.131388888888887,0.9499999999999981,3.453055555555551,"{""100000"":8.450277777777778,""1000000"":9.628333333333334,""10000000"":11.341388888888888}","{""plinkoCenterLevel"":2,""plinkoMidLevel"":3,""plinkoJackpotLevel"":3,""plinkoAmplifierLevel"":5,""plinkoReturnLevel"":4,""plinkoSplitterLevel"":5,""plinkoJackpotBiasLevel"":4,""plinkoMaxBetLevel"":6,""plinkoCapacityLevel"":3,""plinkoInsuranceLevel"":3}"
selection/control/insurance-first-stop-none-fast,1637356193,VICTORY,12.059722222222224,17,261,38,False,1.5616666666666665,10.895000000000001,1.164722222222222,3.1336111111111116,"{""100000"":7.691944444444446,""1000000"":8.926111111111112,""10000000"":10.017500000000002}","{""plinkoCenterLevel"":2,""plinkoMidLevel"":3,""plinkoJackpotLevel"":3,""plinkoAmplifierLevel"":5,""plinkoReturnLevel"":4,""plinkoSplitterLevel"":5,""plinkoJackpotBiasLevel"":4,""plinkoMaxBetLevel"":6,""plinkoCapacityLevel"":3,""plinkoInsuranceLevel"":3}"
selection/control/insurance-first-stop-none-fast,238653634,VICTORY,13.90055555555556,10,332,38,False,1.8333333333333335,12.455277777777782,1.4452777777777763,3.6050000000000004,"{""100000"":7.663611111111113,""1000000"":10.29555555555556,""10000000"":11.807777777777781}","{""plinkoCenterLevel"":2,""plinkoMidLevel"":3,""plinkoJackpotLevel"":3,""plinkoAmplifierLevel"":5,""plinkoReturnLevel"":4,""plinkoSplitterLevel"":5,""plinkoJackpotBiasLevel"":4,""plinkoMaxBetLevel"":6,""plinkoCapacityLevel"":3,""plinkoInsuranceLevel"":3}"
selection/control/insurance-first-stop-none-fast,1915061829,VICTORY,11.294166666666664,12,270,38,False,1.8441666666666663,10.337499999999997,0.9566666666666682,3.7330555555555565,"{""100000"":6.286666666666665,""1000000"":7.561111111111107,""10000000"":9.567777777777774}","{""plinkoCenterLevel"":2,""plinkoMidLevel"":3,""plinkoJackpotLevel"":3,""plinkoAmplifierLevel"":5,""plinkoReturnLevel"":4,""plinkoSplitterLevel"":5,""plinkoJackpotBiasLevel"":4,""plinkoMaxBetLevel"":6,""plinkoCapacityLevel"":3,""plinkoInsuranceLevel"":3}"
selection/control/insurance-first-stop-none-fast,1066802026,VICTORY,9.312222222222223,10,263,38,False,1.1080555555555553,8.211388888888889,1.1008333333333327,3.935833333333335,"{""100000"":3.142222222222222,""1000000"":5.376388888888888,""10000000"":7.671111111111112}","{""plinkoCenterLevel"":2,""plinkoMidLevel"":3,""plinkoJackpotLevel"":3,""plinkoAmplifierLevel"":5,""plinkoReturnLevel"":4,""plinkoSplitterLevel"":5,""plinkoJackpotBiasLevel"":4,""plinkoMaxBetLevel"":6,""plinkoCapacityLevel"":3,""plinkoInsuranceLevel"":3}"
selection/control/insurance-first-stop-none-fast,1621404987,VICTORY,14.313888888888886,13,293,38,False,2.103888888888889,13.03333333333333,1.2805555555555561,3.3102777777777774,"{""100000"":9.124166666666666,""1000000"":11.003611111111109,""10000000"":12.832499999999998}","{""plinkoCenterLevel"":2,""plinkoMidLevel"":3,""plinkoJackpotLevel"":3,""plinkoAmplifierLevel"":5,""plinkoReturnLevel"":4,""plinkoSplitterLevel"":5,""plinkoJackpotBiasLevel"":4,""plinkoMaxBetLevel"":6,""plinkoCapacityLevel"":3,""plinkoInsuranceLevel"":3}"
selection/control/stake-first-stop-24-fast,3967302123,VICTORY,16.068333333333335,7,492,24,True,1.085277777777778,5.969444444444445,10.09888888888889,10.09888888888889,"{""100000"":3.098333333333333,""1000000"":5.969444444444445,""10000000"":8.355555555555556}","{""plinkoCenterLevel"":2,""plinkoMidLevel"":3,""plinkoJackpotLevel"":2,""plinkoAmplifierLevel"":3,""plinkoReturnLevel"":2,""plinkoSplitterLevel"":2,""plinkoJackpotBiasLevel"":3,""plinkoMaxBetLevel"":5,""plinkoCapacityLevel"":2,""plinkoInsuranceLevel"":0}"
selection/control/stake-first-stop-24-fast,4058164329,VICTORY,15.841666666666669,4,498,24,True,1.5994444444444453,4.813333333333334,11.028333333333334,11.233888888888888,"{""100000"":2.359166666666667,""1000000"":4.6077777777777795,""10000000"":7.551666666666666}","{""plinkoCenterLevel"":2,""plinkoMidLevel"":3,""plinkoJackpotLevel"":2,""plinkoAmplifierLevel"":3,""plinkoReturnLevel"":2,""plinkoSplitterLevel"":2,""plinkoJackpotBiasLevel"":3,""plinkoMaxBetLevel"":5,""plinkoCapacityLevel"":2,""plinkoInsuranceLevel"":0}"
selection/control/stake-first-stop-24-fast,1765749521,VICTORY,19.66111111111111,8,492,24,True,1.5447222222222232,10.147500000000003,9.51361111111111,9.517777777777775,"{""100000"":8.052222222222223,""1000000"":10.143333333333336,""10000000"":12.435833333333335}","{""plinkoCenterLevel"":2,""plinkoMidLevel"":3,""plinkoJackpotLevel"":3,""plinkoAmplifierLevel"":3,""plinkoReturnLevel"":2,""plinkoSplitterLevel"":2,""plinkoJackpotBiasLevel"":3,""plinkoMaxBetLevel"":4,""plinkoCapacityLevel"":2,""plinkoInsuranceLevel"":0}"
selection/control/stake-first-stop-24-fast,1637356193,VICTORY,18.51277777777778,12,436,24,True,2.366111111111111,10.439722222222223,8.073055555555559,8.195833333333338,"{""100000"":7.955277777777779,""1000000"":10.316944444444443,""10000000"":11.486111111111112}","{""plinkoCenterLevel"":2,""plinkoMidLevel"":3,""plinkoJackpotLevel"":2,""plinkoAmplifierLevel"":3,""plinkoReturnLevel"":2,""plinkoSplitterLevel"":2,""plinkoJackpotBiasLevel"":3,""plinkoMaxBetLevel"":5,""plinkoCapacityLevel"":2,""plinkoInsuranceLevel"":0}"
selection/control/stake-first-stop-24-fast,238653634,VICTORY,17.962777777777774,9,532,24,True,0.9866666666666665,6.908333333333334,11.05444444444444,11.062777777777772,"{""100000"":3.7424999999999997,""1000000"":6.900000000000001,""10000000"":10.099722222222223}","{""plinkoCenterLevel"":2,""plinkoMidLevel"":3,""plinkoJackpotLevel"":3,""plinkoAmplifierLevel"":3,""plinkoReturnLevel"":2,""plinkoSplitterLevel"":2,""plinkoJackpotBiasLevel"":3,""plinkoMaxBetLevel"":4,""plinkoCapacityLevel"":2,""plinkoInsuranceLevel"":0}"
selection/control/stake-first-stop-24-fast,1915061829,VICTORY,18.374166666666664,10,494,24,True,1.973611111111111,9.216944444444444,9.15722222222222,9.851388888888888,"{""100000"":5.6627777777777775,""1000000"":8.522777777777776,""10000000"":10.89361111111111}","{""plinkoCenterLevel"":2,""plinkoMidLevel"":3,""plinkoJackpotLevel"":3,""plinkoAmplifierLevel"":3,""plinkoReturnLevel"":2,""plinkoSplitterLevel"":2,""plinkoJackpotBiasLevel"":3,""plinkoMaxBetLevel"":4,""plinkoCapacityLevel"":2,""plinkoInsuranceLevel"":0}"
selection/control/stake-first-stop-24-fast,1066802026,VICTORY,16.345,10,456,24,True,1.1522222222222231,7.401111111111109,8.94388888888889,8.943888888888889,"{""100000"":3.781666666666667,""1000000"":7.401111111111109,""10000000"":9.200833333333332}","{""plinkoCenterLevel"":2,""plinkoMidLevel"":3,""plinkoJackpotLevel"":2,""plinkoAmplifierLevel"":3,""plinkoReturnLevel"":2,""plinkoSplitterLevel"":2,""plinkoJackpotBiasLevel"":3,""plinkoMaxBetLevel"":5,""plinkoCapacityLevel"":2,""plinkoInsuranceLevel"":0}"
selection/control/stake-first-stop-24-fast,1621404987,VICTORY,18.45444444444444,16,456,24,True,2.1238888888888874,9.95861111111111,8.49583333333333,8.885277777777777,"{""100000"":9.139999999999997,""1000000"":9.569166666666664,""10000000"":12.201944444444443}","{""plinkoCenterLevel"":2,""plinkoMidLevel"":3,""plinkoJackpotLevel"":3,""plinkoAmplifierLevel"":3,""plinkoReturnLevel"":2,""plinkoSplitterLevel"":2,""plinkoJackpotBiasLevel"":3,""plinkoMaxBetLevel"":4,""plinkoCapacityLevel"":2,""plinkoInsuranceLevel"":0}"
selection/control/stake-first-stop-28-fast,3967302123,VICTORY,11.585,7,388,28,True,1.085277777777778,7.043333333333333,4.541666666666668,5.615555555555556,"{""100000"":3.098333333333333,""1000000"":5.969444444444445,""10000000"":8.601111111111111}","{""plinkoCenterLevel"":2,""plinkoMidLevel"":3,""plinkoJackpotLevel"":3,""plinkoAmplifierLevel"":3,""plinkoReturnLevel"":3,""plinkoSplitterLevel"":3,""plinkoJackpotBiasLevel"":3,""plinkoMaxBetLevel"":5,""plinkoCapacityLevel"":3,""plinkoInsuranceLevel"":0}"
selection/control/stake-first-stop-28-fast,4058164329,VICTORY,8.364722222222223,4,250,28,True,1.5994444444444453,5.613888888888891,2.7508333333333326,3.7569444444444438,"{""100000"":2.359166666666667,""1000000"":4.6077777777777795,""10000000"":7.0758333333333345}","{""plinkoCenterLevel"":2,""plinkoMidLevel"":3,""plinkoJackpotLevel"":3,""plinkoAmplifierLevel"":3,""plinkoReturnLevel"":3,""plinkoSplitterLevel"":3,""plinkoJackpotBiasLevel"":3,""plinkoMaxBetLevel"":5,""plinkoCapacityLevel"":3,""plinkoInsuranceLevel"":0}"
selection/control/stake-first-stop-28-fast,1765749521,VICTORY,13.65888888888889,8,306,28,True,1.5447222222222232,11.13916666666667,2.5197222222222213,3.5155555555555544,"{""100000"":8.052222222222223,""1000000"":10.143333333333336,""10000000"":11.743333333333336}","{""plinkoCenterLevel"":2,""plinkoMidLevel"":3,""plinkoJackpotLevel"":3,""plinkoAmplifierLevel"":3,""plinkoReturnLevel"":3,""plinkoSplitterLevel"":3,""plinkoJackpotBiasLevel"":3,""plinkoMaxBetLevel"":5,""plinkoCapacityLevel"":3,""plinkoInsuranceLevel"":0}"
selection/control/stake-first-stop-28-fast,1637356193,VICTORY,13.703055555555558,12,297,28,True,2.366111111111111,10.863611111111112,2.8394444444444464,3.3861111111111146,"{""100000"":7.955277777777779,""1000000"":10.316944444444443,""10000000"":11.993055555555559}","{""plinkoCenterLevel"":2,""plinkoMidLevel"":3,""plinkoJackpotLevel"":3,""plinkoAmplifierLevel"":3,""plinkoReturnLevel"":3,""plinkoSplitterLevel"":3,""plinkoJackpotBiasLevel"":3,""plinkoMaxBetLevel"":5,""plinkoCapacityLevel"":3,""plinkoInsuranceLevel"":0}"
selection/control/stake-first-stop-28-fast,238653634,VICTORY,11.692222222222224,9,336,28,True,0.9866666666666665,8.541944444444445,3.1502777777777795,4.792222222222223,"{""100000"":3.7424999999999997,""1000000"":6.900000000000001,""10000000"":8.905555555555557}","{""plinkoCenterLevel"":2,""plinkoMidLevel"":3,""plinkoJackpotLevel"":3,""plinkoAmplifierLevel"":3,""plinkoReturnLevel"":3,""plinkoSplitterLevel"":3,""plinkoJackpotBiasLevel"":3,""plinkoMaxBetLevel"":5,""plinkoCapacityLevel"":3,""plinkoInsuranceLevel"":0}"
selection/control/stake-first-stop-28-fast,1915061829,VICTORY,13.883333333333331,10,381,28,True,1.973611111111111,9.754999999999999,4.128333333333332,5.360555555555555,"{""100000"":5.6627777777777775,""1000000"":8.522777777777776,""10000000"":10.655833333333332}","{""plinkoCenterLevel"":2,""plinkoMidLevel"":3,""plinkoJackpotLevel"":3,""plinkoAmplifierLevel"":3,""plinkoReturnLevel"":3,""plinkoSplitterLevel"":3,""plinkoJackpotBiasLevel"":3,""plinkoMaxBetLevel"":5,""plinkoCapacityLevel"":3,""plinkoInsuranceLevel"":0}"
selection/control/stake-first-stop-28-fast,1066802026,VICTORY,10.859166666666665,10,292,28,True,1.1522222222222231,7.628055555555553,3.231111111111112,3.458055555555556,"{""100000"":3.781666666666667,""1000000"":7.401111111111109,""10000000"":8.620277777777774}","{""plinkoCenterLevel"":2,""plinkoMidLevel"":3,""plinkoJackpotLevel"":3,""plinkoAmplifierLevel"":3,""plinkoReturnLevel"":3,""plinkoSplitterLevel"":3,""plinkoJackpotBiasLevel"":3,""plinkoMaxBetLevel"":5,""plinkoCapacityLevel"":3,""plinkoInsuranceLevel"":0}"
selection/control/stake-first-stop-28-fast,1621404987,VICTORY,13.988055555555555,16,314,28,True,2.1238888888888874,10.834166666666667,3.153888888888889,4.41888888888889,"{""100000"":9.139999999999997,""1000000"":9.569166666666664,""10000000"":11.555}","{""plinkoCenterLevel"":2,""plinkoMidLevel"":3,""plinkoJackpotLevel"":3,""plinkoAmplifierLevel"":3,""plinkoReturnLevel"":3,""plinkoSplitterLevel"":3,""plinkoJackpotBiasLevel"":3,""plinkoMaxBetLevel"":5,""plinkoCapacityLevel"":3,""plinkoInsuranceLevel"":0}"
selection/control/stake-first-stop-32-fast,3967302123,VICTORY,10.223055555555556,7,300,32,True,1.085277777777778,8.4275,1.7955555555555558,4.253611111111111,"{""100000"":3.098333333333333,""1000000"":5.969444444444445,""10000000"":8.885555555555555}","{""plinkoCenterLevel"":2,""plinkoMidLevel"":3,""plinkoJackpotLevel"":3,""plinkoAmplifierLevel"":4,""plinkoReturnLevel"":3,""plinkoSplitterLevel"":4,""plinkoJackpotBiasLevel"":4,""plinkoMaxBetLevel"":6,""plinkoCapacityLevel"":3,""plinkoInsuranceLevel"":0}"
selection/control/stake-first-stop-32-fast,4058164329,VICTORY,7.929722222222222,4,216,32,True,1.5994444444444453,6.824722222222222,1.1049999999999993,3.3219444444444424,"{""100000"":2.359166666666667,""1000000"":4.6077777777777795,""10000000"":6.824722222222222}","{""plinkoCenterLevel"":2,""plinkoMidLevel"":3,""plinkoJackpotLevel"":3,""plinkoAmplifierLevel"":4,""plinkoReturnLevel"":3,""plinkoSplitterLevel"":4,""plinkoJackpotBiasLevel"":4,""plinkoMaxBetLevel"":6,""plinkoCapacityLevel"":3,""plinkoInsuranceLevel"":0}"
selection/control/stake-first-stop-32-fast,1765749521,VICTORY,13.101666666666668,8,263,32,True,1.5447222222222232,11.781388888888891,1.3202777777777783,2.958333333333332,"{""100000"":8.052222222222223,""1000000"":10.143333333333336,""10000000"":11.781388888888891}","{""plinkoCenterLevel"":2,""plinkoMidLevel"":3,""plinkoJackpotLevel"":3,""plinkoAmplifierLevel"":4,""plinkoReturnLevel"":3,""plinkoSplitterLevel"":4,""plinkoJackpotBiasLevel"":4,""plinkoMaxBetLevel"":6,""plinkoCapacityLevel"":3,""plinkoInsuranceLevel"":0}"
selection/control/stake-first-stop-32-fast,1637356193,VICTORY,13.535277777777777,12,263,32,True,2.366111111111111,11.889999999999999,1.6452777777777783,3.2183333333333337,"{""100000"":7.955277777777779,""1000000"":10.316944444444443,""10000000"":12.357777777777779}","{""plinkoCenterLevel"":2,""plinkoMidLevel"":3,""plinkoJackpotLevel"":3,""plinkoAmplifierLevel"":4,""plinkoReturnLevel"":3,""plinkoSplitterLevel"":4,""plinkoJackpotBiasLevel"":4,""plinkoMaxBetLevel"":6,""plinkoCapacityLevel"":3,""plinkoInsuranceLevel"":0}"
selection/control/stake-first-stop-32-fast,238653634,VICTORY,10.967777777777776,9,287,32,True,0.9866666666666665,9.39388888888889,1.573888888888886,4.067777777777775,"{""100000"":3.7424999999999997,""1000000"":6.900000000000001,""10000000"":9.827222222222224}","{""plinkoCenterLevel"":2,""plinkoMidLevel"":3,""plinkoJackpotLevel"":3,""plinkoAmplifierLevel"":4,""plinkoReturnLevel"":3,""plinkoSplitterLevel"":4,""plinkoJackpotBiasLevel"":4,""plinkoMaxBetLevel"":6,""plinkoCapacityLevel"":3,""plinkoInsuranceLevel"":0}"
selection/control/stake-first-stop-32-fast,1915061829,VICTORY,12.619999999999997,10,309,32,True,1.973611111111111,10.552499999999998,2.0674999999999994,4.097222222222221,"{""100000"":5.6627777777777775,""1000000"":8.522777777777776,""10000000"":11.216111111111108}","{""plinkoCenterLevel"":2,""plinkoMidLevel"":3,""plinkoJackpotLevel"":3,""plinkoAmplifierLevel"":4,""plinkoReturnLevel"":3,""plinkoSplitterLevel"":4,""plinkoJackpotBiasLevel"":4,""plinkoMaxBetLevel"":6,""plinkoCapacityLevel"":3,""plinkoInsuranceLevel"":0}"
selection/control/stake-first-stop-32-fast,1066802026,VICTORY,10.240277777777775,10,246,32,True,1.1522222222222231,8.848055555555554,1.3922222222222218,2.8391666666666664,"{""100000"":3.781666666666667,""1000000"":7.401111111111109,""10000000"":9.235555555555553}","{""plinkoCenterLevel"":2,""plinkoMidLevel"":3,""plinkoJackpotLevel"":3,""plinkoAmplifierLevel"":4,""plinkoReturnLevel"":3,""plinkoSplitterLevel"":4,""plinkoJackpotBiasLevel"":4,""plinkoMaxBetLevel"":6,""plinkoCapacityLevel"":3,""plinkoInsuranceLevel"":0}"
selection/control/stake-first-stop-32-fast,1621404987,VICTORY,13.516388888888887,16,281,32,True,2.1238888888888874,11.703333333333335,1.8130555555555532,3.947222222222223,"{""100000"":9.139999999999997,""1000000"":9.569166666666664,""10000000"":11.699166666666667}","{""plinkoCenterLevel"":2,""plinkoMidLevel"":3,""plinkoJackpotLevel"":3,""plinkoAmplifierLevel"":4,""plinkoReturnLevel"":3,""plinkoSplitterLevel"":4,""plinkoJackpotBiasLevel"":4,""plinkoMaxBetLevel"":6,""plinkoCapacityLevel"":3,""plinkoInsuranceLevel"":0}"
selection/control/stake-first-stop-none-fast,3967302123,VICTORY,10.738333333333333,7,322,35,False,1.085277777777778,9.620000000000001,1.1183333333333318,4.768888888888888,"{""100000"":3.098333333333333,""1000000"":5.969444444444445,""10000000"":8.855277777777777}","{""plinkoCenterLevel"":2,""plinkoMidLevel"":3,""plinkoJackpotLevel"":3,""plinkoAmplifierLevel"":5,""plinkoReturnLevel"":4,""plinkoSplitterLevel"":5,""plinkoJackpotBiasLevel"":4,""plinkoMaxBetLevel"":6,""plinkoCapacityLevel"":3,""plinkoInsuranceLevel"":0}"
selection/control/stake-first-stop-none-fast,4058164329,VICTORY,8.861666666666668,4,253,35,False,1.5994444444444453,8.034166666666668,0.8274999999999996,4.253888888888889,"{""100000"":2.359166666666667,""1000000"":4.6077777777777795,""10000000"":6.824722222222222}","{""plinkoCenterLevel"":2,""plinkoMidLevel"":3,""plinkoJackpotLevel"":3,""plinkoAmplifierLevel"":5,""plinkoReturnLevel"":4,""plinkoSplitterLevel"":5,""plinkoJackpotBiasLevel"":4,""plinkoMaxBetLevel"":6,""plinkoCapacityLevel"":3,""plinkoInsuranceLevel"":0}"
selection/control/stake-first-stop-none-fast,1765749521,VICTORY,13.521666666666668,8,272,35,False,1.5447222222222232,12.671944444444446,0.8497222222222225,3.378333333333332,"{""100000"":8.052222222222223,""1000000"":10.143333333333336,""10000000"":11.781388888888891}","{""plinkoCenterLevel"":2,""plinkoMidLevel"":3,""plinkoJackpotLevel"":3,""plinkoAmplifierLevel"":5,""plinkoReturnLevel"":4,""plinkoSplitterLevel"":5,""plinkoJackpotBiasLevel"":4,""plinkoMaxBetLevel"":6,""plinkoCapacityLevel"":3,""plinkoInsuranceLevel"":0}"
selection/control/stake-first-stop-none-fast,1637356193,VICTORY,13.984444444444444,12,271,35,False,2.366111111111111,12.595277777777778,1.389166666666665,3.6675000000000004,"{""100000"":7.955277777777779,""1000000"":10.316944444444443,""10000000"":12.067222222222222}","{""plinkoCenterLevel"":2,""plinkoMidLevel"":3,""plinkoJackpotLevel"":3,""plinkoAmplifierLevel"":5,""plinkoReturnLevel"":4,""plinkoSplitterLevel"":5,""plinkoJackpotBiasLevel"":4,""plinkoMaxBetLevel"":6,""plinkoCapacityLevel"":3,""plinkoInsuranceLevel"":0}"
selection/control/stake-first-stop-none-fast,238653634,VICTORY,11.826388888888888,9,330,35,False,0.9866666666666665,10.397222222222222,1.4291666666666647,4.926388888888886,"{""100000"":3.7424999999999997,""1000000"":6.900000000000001,""10000000"":9.673333333333336}","{""plinkoCenterLevel"":2,""plinkoMidLevel"":3,""plinkoJackpotLevel"":3,""plinkoAmplifierLevel"":5,""plinkoReturnLevel"":4,""plinkoSplitterLevel"":5,""plinkoJackpotBiasLevel"":4,""plinkoMaxBetLevel"":6,""plinkoCapacityLevel"":3,""plinkoInsuranceLevel"":0}"
selection/control/stake-first-stop-none-fast,1915061829,VICTORY,12.628888888888884,10,289,35,False,1.973611111111111,11.72194444444444,0.9069444444444438,4.106111111111108,"{""100000"":5.6627777777777775,""1000000"":8.522777777777776,""10000000"":10.946111111111106}","{""plinkoCenterLevel"":2,""plinkoMidLevel"":3,""plinkoJackpotLevel"":3,""plinkoAmplifierLevel"":5,""plinkoReturnLevel"":4,""plinkoSplitterLevel"":5,""plinkoJackpotBiasLevel"":4,""plinkoMaxBetLevel"":6,""plinkoCapacityLevel"":3,""plinkoInsuranceLevel"":0}"
selection/control/stake-first-stop-none-fast,1066802026,VICTORY,10.608888888888888,10,255,35,False,1.1522222222222231,9.458611111111109,1.1502777777777795,3.207777777777779,"{""100000"":3.781666666666667,""1000000"":7.401111111111109,""10000000"":9.067777777777776}","{""plinkoCenterLevel"":2,""plinkoMidLevel"":3,""plinkoJackpotLevel"":3,""plinkoAmplifierLevel"":5,""plinkoReturnLevel"":4,""plinkoSplitterLevel"":5,""plinkoJackpotBiasLevel"":4,""plinkoMaxBetLevel"":6,""plinkoCapacityLevel"":3,""plinkoInsuranceLevel"":0}"
selection/control/stake-first-stop-none-fast,1621404987,VICTORY,13.926666666666668,16,287,35,False,2.1238888888888874,12.526666666666667,1.4,4.3575000000000035,"{""100000"":9.139999999999997,""1000000"":9.569166666666664,""10000000"":11.699166666666667}","{""plinkoCenterLevel"":2,""plinkoMidLevel"":3,""plinkoJackpotLevel"":3,""plinkoAmplifierLevel"":5,""plinkoReturnLevel"":4,""plinkoSplitterLevel"":5,""plinkoJackpotBiasLevel"":4,""plinkoMaxBetLevel"":6,""plinkoCapacityLevel"":3,""plinkoInsuranceLevel"":0}"
selection/priced-middle/cheapest-stop-24-fast,3967302123,VICTORY,19.53638888888889,8,567,24,True,4.978888888888887,8.764999999999997,10.771388888888891,11.336944444444446,"{""100000"":2.901666666666667,""1000000"":8.199444444444444,""10000000"":11.246666666666666}","{""plinkoCenterLevel"":2,""plinkoMidLevel"":3,""plinkoJackpotLevel"":3,""plinkoAmplifierLevel"":3,""plinkoReturnLevel"":2,""plinkoSplitterLevel"":2,""plinkoJackpotBiasLevel"":3,""plinkoMaxBetLevel"":4,""plinkoCapacityLevel"":2,""plinkoInsuranceLevel"":0}"
selection/priced-middle/cheapest-stop-24-fast,4058164329,VICTORY,18.91416666666667,4,584,24,True,1.4308333333333327,8.213333333333331,10.700833333333337,11.239722222222227,"{""100000"":3.3702777777777775,""1000000"":7.674444444444443,""10000000"":10.191388888888888}","{""plinkoCenterLevel"":2,""plinkoMidLevel"":3,""plinkoJackpotLevel"":3,""plinkoAmplifierLevel"":3,""plinkoReturnLevel"":2,""plinkoSplitterLevel"":2,""plinkoJackpotBiasLevel"":3,""plinkoMaxBetLevel"":4,""plinkoCapacityLevel"":2,""plinkoInsuranceLevel"":0}"
selection/priced-middle/cheapest-stop-24-fast,1765749521,VICTORY,22.263333333333325,7,590,24,True,2.609722222222219,13.041388888888884,9.221944444444441,9.230277777777774,"{""100000"":7.614166666666667,""1000000"":13.033055555555551,""10000000"":14.216111111111106}","{""plinkoCenterLevel"":2,""plinkoMidLevel"":3,""plinkoJackpotLevel"":3,""plinkoAmplifierLevel"":3,""plinkoReturnLevel"":2,""plinkoSplitterLevel"":2,""plinkoJackpotBiasLevel"":3,""plinkoMaxBetLevel"":4,""plinkoCapacityLevel"":2,""plinkoInsuranceLevel"":0}"
selection/priced-middle/cheapest-stop-24-fast,1637356193,VICTORY,20.411111111111108,9,549,24,True,3.0038888888888895,12.012777777777774,8.398333333333335,8.748055555555556,"{""100000"":6.4991666666666665,""1000000"":11.663055555555552,""10000000"":13.121944444444441}","{""plinkoCenterLevel"":2,""plinkoMidLevel"":3,""plinkoJackpotLevel"":3,""plinkoAmplifierLevel"":3,""plinkoReturnLevel"":2,""plinkoSplitterLevel"":2,""plinkoJackpotBiasLevel"":3,""plinkoMaxBetLevel"":4,""plinkoCapacityLevel"":2,""plinkoInsuranceLevel"":0}"
selection/priced-middle/cheapest-stop-24-fast,238653634,VICTORY,20.17805555555556,9,551,24,True,1.5422222222222237,10.925555555555563,9.252499999999998,9.256666666666664,"{""100000"":8.40277777777778,""1000000"":10.921388888888895,""10000000"":12.157500000000006}","{""plinkoCenterLevel"":2,""plinkoMidLevel"":3,""plinkoJackpotLevel"":3,""plinkoAmplifierLevel"":3,""plinkoReturnLevel"":2,""plinkoSplitterLevel"":2,""plinkoJackpotBiasLevel"":3,""plinkoMaxBetLevel"":4,""plinkoCapacityLevel"":2,""plinkoInsuranceLevel"":0}"
selection/priced-middle/cheapest-stop-24-fast,1915061829,VICTORY,20.49194444444445,10,549,24,True,2.5669444444444434,11.337500000000002,9.154444444444445,9.43777777777778,"{""100000"":7.316944444444445,""1000000"":11.054166666666669,""10000000"":13.808888888888891}","{""plinkoCenterLevel"":2,""plinkoMidLevel"":3,""plinkoJackpotLevel"":3,""plinkoAmplifierLevel"":3,""plinkoReturnLevel"":2,""plinkoSplitterLevel"":2,""plinkoJackpotBiasLevel"":3,""plinkoMaxBetLevel"":4,""plinkoCapacityLevel"":2,""plinkoInsuranceLevel"":0}"
selection/priced-middle/cheapest-stop-24-fast,1066802026,VICTORY,19.968333333333337,9,548,24,True,2.5627777777777765,10.616388888888888,9.351944444444447,9.356111111111115,"{""100000"":5.096388888888891,""1000000"":10.612222222222222,""10000000"":12.55861111111111}","{""plinkoCenterLevel"":2,""plinkoMidLevel"":3,""plinkoJackpotLevel"":3,""plinkoAmplifierLevel"":3,""plinkoReturnLevel"":2,""plinkoSplitterLevel"":2,""plinkoJackpotBiasLevel"":3,""plinkoMaxBetLevel"":4,""plinkoCapacityLevel"":2,""plinkoInsuranceLevel"":0}"
selection/priced-middle/cheapest-stop-24-fast,1621404987,VICTORY,20.870000000000005,9,521,24,True,2.337777777777776,13.04555555555556,7.8244444444444445,7.3391666666666655,"{""100000"":10.5275,""1000000"":13.530833333333339,""10000000"":15.380833333333339}","{""plinkoCenterLevel"":2,""plinkoMidLevel"":3,""plinkoJackpotLevel"":3,""plinkoAmplifierLevel"":3,""plinkoReturnLevel"":2,""plinkoSplitterLevel"":2,""plinkoJackpotBiasLevel"":3,""plinkoMaxBetLevel"":4,""plinkoCapacityLevel"":2,""plinkoInsuranceLevel"":0}"
selection/priced-middle/cheapest-stop-28-fast,3967302123,VICTORY,13.050833333333332,8,388,28,True,4.978888888888887,9.270833333333332,3.7799999999999994,4.851388888888888,"{""100000"":2.901666666666667,""1000000"":8.199444444444444,""10000000"":9.723888888888887}","{""plinkoCenterLevel"":2,""plinkoMidLevel"":3,""plinkoJackpotLevel"":3,""plinkoAmplifierLevel"":3,""plinkoReturnLevel"":3,""plinkoSplitterLevel"":3,""plinkoJackpotBiasLevel"":3,""plinkoMaxBetLevel"":5,""plinkoCapacityLevel"":3,""plinkoInsuranceLevel"":0}"
selection/priced-middle/cheapest-stop-28-fast,4058164329,VICTORY,11.663611111111111,4,344,28,True,1.4308333333333327,8.881944444444441,2.781666666666668,3.9891666666666676,"{""100000"":3.3702777777777775,""1000000"":7.674444444444443,""10000000"":9.476944444444444}","{""plinkoCenterLevel"":2,""plinkoMidLevel"":3,""plinkoJackpotLevel"":3,""plinkoAmplifierLevel"":3,""plinkoReturnLevel"":3,""plinkoSplitterLevel"":3,""plinkoJackpotBiasLevel"":3,""plinkoMaxBetLevel"":5,""plinkoCapacityLevel"":3,""plinkoInsuranceLevel"":0}"
selection/priced-middle/cheapest-stop-28-fast,1765749521,VICTORY,16.49277777777777,7,427,28,True,2.609722222222219,13.174166666666661,3.318611111111111,3.4597222222222204,"{""100000"":7.614166666666667,""1000000"":13.033055555555551,""10000000"":13.77555555555555}","{""plinkoCenterLevel"":2,""plinkoMidLevel"":3,""plinkoJackpotLevel"":3,""plinkoAmplifierLevel"":3,""plinkoReturnLevel"":3,""plinkoSplitterLevel"":3,""plinkoJackpotBiasLevel"":3,""plinkoMaxBetLevel"":5,""plinkoCapacityLevel"":3,""plinkoInsuranceLevel"":0}"
selection/priced-middle/cheapest-stop-28-fast,1637356193,VICTORY,15.838055555555552,9,425,28,True,3.0038888888888895,12.416944444444441,3.4211111111111125,4.175000000000001,"{""100000"":6.4991666666666665,""1000000"":11.663055555555552,""10000000"":12.71083333333333}","{""plinkoCenterLevel"":2,""plinkoMidLevel"":3,""plinkoJackpotLevel"":3,""plinkoAmplifierLevel"":3,""plinkoReturnLevel"":3,""plinkoSplitterLevel"":3,""plinkoJackpotBiasLevel"":3,""plinkoMaxBetLevel"":5,""plinkoCapacityLevel"":3,""plinkoInsuranceLevel"":0}"
selection/priced-middle/cheapest-stop-28-fast,238653634,VICTORY,14.360277777777787,9,374,28,True,1.5422222222222237,11.639722222222229,2.7205555555555576,3.4388888888888918,"{""100000"":8.40277777777778,""1000000"":10.921388888888895,""10000000"":12.143333333333342}","{""plinkoCenterLevel"":2,""plinkoMidLevel"":3,""plinkoJackpotLevel"":3,""plinkoAmplifierLevel"":3,""plinkoReturnLevel"":3,""plinkoSplitterLevel"":3,""plinkoJackpotBiasLevel"":3,""plinkoMaxBetLevel"":5,""plinkoCapacityLevel"":3,""plinkoInsuranceLevel"":0}"
selection/priced-middle/cheapest-stop-28-fast,1915061829,VICTORY,14.976111111111113,10,386,28,True,2.5669444444444434,12.251944444444444,2.7241666666666675,3.921944444444444,"{""100000"":7.316944444444445,""1000000"":11.054166666666669,""10000000"":12.949722222222224}","{""plinkoCenterLevel"":2,""plinkoMidLevel"":3,""plinkoJackpotLevel"":3,""plinkoAmplifierLevel"":3,""plinkoReturnLevel"":3,""plinkoSplitterLevel"":3,""plinkoJackpotBiasLevel"":3,""plinkoMaxBetLevel"":5,""plinkoCapacityLevel"":3,""plinkoInsuranceLevel"":0}"
selection/priced-middle/cheapest-stop-28-fast,1066802026,VICTORY,14.476666666666667,9,394,28,True,2.5627777777777765,11.495000000000001,2.9816666666666665,3.8644444444444446,"{""100000"":5.096388888888891,""1000000"":10.612222222222222,""10000000"":11.96}","{""plinkoCenterLevel"":2,""plinkoMidLevel"":3,""plinkoJackpotLevel"":3,""plinkoAmplifierLevel"":3,""plinkoReturnLevel"":3,""plinkoSplitterLevel"":3,""plinkoJackpotBiasLevel"":3,""plinkoMaxBetLevel"":5,""plinkoCapacityLevel"":3,""plinkoInsuranceLevel"":0}"
selection/priced-middle/cheapest-stop-28-fast,1621404987,VICTORY,17.12055555555556,9,431,28,True,2.337777777777776,14.429166666666674,2.6913888888888855,3.5897222222222194,"{""100000"":10.5275,""1000000"":13.530833333333339,""10000000"":14.957500000000008}","{""plinkoCenterLevel"":2,""plinkoMidLevel"":3,""plinkoJackpotLevel"":3,""plinkoAmplifierLevel"":3,""plinkoReturnLevel"":3,""plinkoSplitterLevel"":3,""plinkoJackpotBiasLevel"":3,""plinkoMaxBetLevel"":5,""plinkoCapacityLevel"":3,""plinkoInsuranceLevel"":0}"
selection/priced-middle/cheapest-stop-32-fast,3967302123,VICTORY,12.01222222222222,8,324,32,True,4.978888888888887,10.311111111111108,1.701111111111112,3.812777777777777,"{""100000"":2.901666666666667,""1000000"":8.199444444444444,""10000000"":11.258888888888887}","{""plinkoCenterLevel"":2,""plinkoMidLevel"":3,""plinkoJackpotLevel"":3,""plinkoAmplifierLevel"":4,""plinkoReturnLevel"":3,""plinkoSplitterLevel"":4,""plinkoJackpotBiasLevel"":4,""plinkoMaxBetLevel"":6,""plinkoCapacityLevel"":3,""plinkoInsuranceLevel"":0}"
selection/priced-middle/cheapest-stop-32-fast,4058164329,VICTORY,10.935555555555556,4,297,32,True,1.4308333333333327,9.434444444444443,1.501111111111112,3.261111111111113,"{""100000"":3.3702777777777775,""1000000"":7.674444444444443,""10000000"":9.434444444444443}","{""plinkoCenterLevel"":2,""plinkoMidLevel"":3,""plinkoJackpotLevel"":3,""plinkoAmplifierLevel"":4,""plinkoReturnLevel"":3,""plinkoSplitterLevel"":4,""plinkoJackpotBiasLevel"":4,""plinkoMaxBetLevel"":6,""plinkoCapacityLevel"":3,""plinkoInsuranceLevel"":0}"
selection/priced-middle/cheapest-stop-32-fast,1765749521,VICTORY,15.624999999999996,7,371,32,True,2.609722222222219,14.133611111111106,1.491388888888889,2.5919444444444455,"{""100000"":7.614166666666667,""1000000"":13.033055555555551,""10000000"":14.133611111111106}","{""plinkoCenterLevel"":2,""plinkoMidLevel"":3,""plinkoJackpotLevel"":3,""plinkoAmplifierLevel"":4,""plinkoReturnLevel"":3,""plinkoSplitterLevel"":4,""plinkoJackpotBiasLevel"":4,""plinkoMaxBetLevel"":6,""plinkoCapacityLevel"":3,""plinkoInsuranceLevel"":0}"
selection/priced-middle/cheapest-stop-32-fast,1637356193,VICTORY,15.320277777777774,9,393,32,True,3.0038888888888895,12.926944444444441,2.3933333333333335,3.657222222222222,"{""100000"":6.4991666666666665,""1000000"":11.663055555555552,""10000000"":13.839722222222218}","{""plinkoCenterLevel"":2,""plinkoMidLevel"":3,""plinkoJackpotLevel"":3,""plinkoAmplifierLevel"":4,""plinkoReturnLevel"":3,""plinkoSplitterLevel"":4,""plinkoJackpotBiasLevel"":4,""plinkoMaxBetLevel"":6,""plinkoCapacityLevel"":3,""plinkoInsuranceLevel"":0}"
selection/priced-middle/cheapest-stop-32-fast,238653634,VICTORY,13.876666666666674,9,340,32,True,1.5422222222222237,12.401111111111119,1.475555555555555,2.955277777777779,"{""100000"":8.40277777777778,""1000000"":10.921388888888895,""10000000"":13.037777777777787}","{""plinkoCenterLevel"":2,""plinkoMidLevel"":3,""plinkoJackpotLevel"":3,""plinkoAmplifierLevel"":4,""plinkoReturnLevel"":3,""plinkoSplitterLevel"":4,""plinkoJackpotBiasLevel"":4,""plinkoMaxBetLevel"":6,""plinkoCapacityLevel"":3,""plinkoInsuranceLevel"":0}"
selection/priced-middle/cheapest-stop-32-fast,1915061829,VICTORY,14.629999999999999,10,354,32,True,2.5669444444444434,13.334166666666667,1.2958333333333334,3.57583333333333,"{""100000"":7.316944444444445,""1000000"":11.054166666666669,""10000000"":13.907222222222222}","{""plinkoCenterLevel"":2,""plinkoMidLevel"":3,""plinkoJackpotLevel"":3,""plinkoAmplifierLevel"":4,""plinkoReturnLevel"":3,""plinkoSplitterLevel"":4,""plinkoJackpotBiasLevel"":4,""plinkoMaxBetLevel"":6,""plinkoCapacityLevel"":3,""plinkoInsuranceLevel"":0}"
selection/priced-middle/cheapest-stop-32-fast,1066802026,VICTORY,14.066666666666668,9,365,32,True,2.5627777777777765,12.15888888888889,1.9077777777777782,3.454444444444446,"{""100000"":5.096388888888891,""1000000"":10.612222222222222,""10000000"":12.15888888888889}","{""plinkoCenterLevel"":2,""plinkoMidLevel"":3,""plinkoJackpotLevel"":3,""plinkoAmplifierLevel"":4,""plinkoReturnLevel"":3,""plinkoSplitterLevel"":4,""plinkoJackpotBiasLevel"":4,""plinkoMaxBetLevel"":6,""plinkoCapacityLevel"":3,""plinkoInsuranceLevel"":0}"
selection/priced-middle/cheapest-stop-32-fast,1621404987,VICTORY,16.357777777777788,9,383,32,True,2.337777777777776,14.972500000000007,1.3852777777777778,2.8269444444444485,"{""100000"":10.5275,""1000000"":13.530833333333339,""10000000"":14.972500000000007}","{""plinkoCenterLevel"":2,""plinkoMidLevel"":3,""plinkoJackpotLevel"":3,""plinkoAmplifierLevel"":4,""plinkoReturnLevel"":3,""plinkoSplitterLevel"":4,""plinkoJackpotBiasLevel"":4,""plinkoMaxBetLevel"":6,""plinkoCapacityLevel"":3,""plinkoInsuranceLevel"":0}"
selection/priced-middle/cheapest-stop-none-fast,3967302123,VICTORY,12.484999999999998,8,340,35,False,4.978888888888887,11.368611111111107,1.116388888888891,4.285555555555554,"{""100000"":2.901666666666667,""1000000"":8.199444444444444,""10000000"":10.980277777777776}","{""plinkoCenterLevel"":2,""plinkoMidLevel"":3,""plinkoJackpotLevel"":3,""plinkoAmplifierLevel"":5,""plinkoReturnLevel"":4,""plinkoSplitterLevel"":5,""plinkoJackpotBiasLevel"":4,""plinkoMaxBetLevel"":6,""plinkoCapacityLevel"":3,""plinkoInsuranceLevel"":0}"
selection/priced-middle/cheapest-stop-none-fast,4058164329,VICTORY,11.181666666666667,4,298,35,False,1.4308333333333327,10.276944444444442,0.9047222222222236,3.5072222222222234,"{""100000"":3.3702777777777775,""1000000"":7.674444444444443,""10000000"":9.434444444444443}","{""plinkoCenterLevel"":2,""plinkoMidLevel"":3,""plinkoJackpotLevel"":3,""plinkoAmplifierLevel"":5,""plinkoReturnLevel"":4,""plinkoSplitterLevel"":5,""plinkoJackpotBiasLevel"":4,""plinkoMaxBetLevel"":6,""plinkoCapacityLevel"":3,""plinkoInsuranceLevel"":0}"
selection/priced-middle/cheapest-stop-none-fast,1765749521,VICTORY,16.449722222222217,7,405,35,False,2.609722222222219,15.056666666666665,1.3930555555555544,3.416666666666666,"{""100000"":7.614166666666667,""1000000"":13.033055555555551,""10000000"":14.133611111111106}","{""plinkoCenterLevel"":2,""plinkoMidLevel"":3,""plinkoJackpotLevel"":3,""plinkoAmplifierLevel"":5,""plinkoReturnLevel"":4,""plinkoSplitterLevel"":5,""plinkoJackpotBiasLevel"":4,""plinkoMaxBetLevel"":6,""plinkoCapacityLevel"":3,""plinkoInsuranceLevel"":0}"
selection/priced-middle/cheapest-stop-none-fast,1637356193,VICTORY,15.556388888888886,9,387,35,False,3.0038888888888895,14.460833333333332,1.0955555555555558,3.8933333333333344,"{""100000"":6.4991666666666665,""1000000"":11.663055555555552,""10000000"":13.876944444444442}","{""plinkoCenterLevel"":2,""plinkoMidLevel"":3,""plinkoJackpotLevel"":3,""plinkoAmplifierLevel"":5,""plinkoReturnLevel"":4,""plinkoSplitterLevel"":5,""plinkoJackpotBiasLevel"":4,""plinkoMaxBetLevel"":6,""plinkoCapacityLevel"":3,""plinkoInsuranceLevel"":0}"
selection/priced-middle/cheapest-stop-none-fast,238653634,VICTORY,14.183055555555564,9,347,35,False,1.5422222222222237,12.999444444444455,1.183611111111109,3.2616666666666685,"{""100000"":8.40277777777778,""1000000"":10.921388888888895,""10000000"":12.601944444444454}","{""plinkoCenterLevel"":2,""plinkoMidLevel"":3,""plinkoJackpotLevel"":3,""plinkoAmplifierLevel"":5,""plinkoReturnLevel"":4,""plinkoSplitterLevel"":5,""plinkoJackpotBiasLevel"":4,""plinkoMaxBetLevel"":6,""plinkoCapacityLevel"":3,""plinkoInsuranceLevel"":0}"
selection/priced-middle/cheapest-stop-none-fast,1915061829,VICTORY,15.185,10,373,35,False,2.5669444444444434,14.0125,1.1725000000000003,4.130833333333332,"{""100000"":7.316944444444445,""1000000"":11.054166666666669,""10000000"":13.627777777777776}","{""plinkoCenterLevel"":2,""plinkoMidLevel"":3,""plinkoJackpotLevel"":3,""plinkoAmplifierLevel"":5,""plinkoReturnLevel"":4,""plinkoSplitterLevel"":5,""plinkoJackpotBiasLevel"":4,""plinkoMaxBetLevel"":6,""plinkoCapacityLevel"":3,""plinkoInsuranceLevel"":0}"
selection/priced-middle/cheapest-stop-none-fast,1066802026,VICTORY,14.734166666666669,9,382,35,False,2.5627777777777765,13.194722222222223,1.5394444444444446,4.121944444444447,"{""100000"":5.096388888888891,""1000000"":10.612222222222222,""10000000"":12.15888888888889}","{""plinkoCenterLevel"":2,""plinkoMidLevel"":3,""plinkoJackpotLevel"":3,""plinkoAmplifierLevel"":5,""plinkoReturnLevel"":4,""plinkoSplitterLevel"":5,""plinkoJackpotBiasLevel"":4,""plinkoMaxBetLevel"":6,""plinkoCapacityLevel"":3,""plinkoInsuranceLevel"":0}"
selection/priced-middle/cheapest-stop-none-fast,1621404987,VICTORY,16.827222222222233,9,400,35,False,2.337777777777776,15.850555555555564,0.976666666666667,3.2963888888888935,"{""100000"":10.5275,""1000000"":13.530833333333339,""10000000"":14.972500000000007}","{""plinkoCenterLevel"":2,""plinkoMidLevel"":3,""plinkoJackpotLevel"":3,""plinkoAmplifierLevel"":5,""plinkoReturnLevel"":4,""plinkoSplitterLevel"":5,""plinkoJackpotBiasLevel"":4,""plinkoMaxBetLevel"":6,""plinkoCapacityLevel"":3,""plinkoInsuranceLevel"":0}"
selection/priced-middle/insurance-first-stop-24-fast,3967302123,BARRY_LOSS,3.4827777777777778,8,41,15,False,0.6716666666666669,2.9588888888888887,0.523888888888889,,"{""100000"":null,""1000000"":null,""10000000"":null}","{""plinkoCenterLevel"":2,""plinkoMidLevel"":1,""plinkoJackpotLevel"":1,""plinkoAmplifierLevel"":1,""plinkoReturnLevel"":1,""plinkoSplitterLevel"":1,""plinkoJackpotBiasLevel"":1,""plinkoMaxBetLevel"":2,""plinkoCapacityLevel"":2,""plinkoInsuranceLevel"":3}"
selection/priced-middle/insurance-first-stop-24-fast,4058164329,VICTORY,25.2425,6,841,24,True,1.623888888888889,7.525833333333335,17.716666666666665,17.724999999999998,"{""100000"":4.302499999999999,""1000000"":7.517500000000001,""10000000"":11.543055555555554}","{""plinkoCenterLevel"":2,""plinkoMidLevel"":3,""plinkoJackpotLevel"":2,""plinkoAmplifierLevel"":2,""plinkoReturnLevel"":2,""plinkoSplitterLevel"":2,""plinkoJackpotBiasLevel"":2,""plinkoMaxBetLevel"":4,""plinkoCapacityLevel"":2,""plinkoInsuranceLevel"":3}"
selection/priced-middle/insurance-first-stop-24-fast,1765749521,VICTORY,26.330833333333324,8,836,24,True,2.390833333333333,9.648055555555556,16.682777777777765,16.686944444444435,"{""100000"":7.415277777777778,""1000000"":9.64388888888889,""10000000"":12.161666666666667}","{""plinkoCenterLevel"":2,""plinkoMidLevel"":3,""plinkoJackpotLevel"":2,""plinkoAmplifierLevel"":2,""plinkoReturnLevel"":2,""plinkoSplitterLevel"":2,""plinkoJackpotBiasLevel"":2,""plinkoMaxBetLevel"":4,""plinkoCapacityLevel"":2,""plinkoInsuranceLevel"":3}"
selection/priced-middle/insurance-first-stop-24-fast,1637356193,VICTORY,24.485833333333336,12,751,24,True,1.564444444444444,8.934722222222224,15.551111111111112,15.55527777777778,"{""100000"":6.798055555555554,""1000000"":8.930555555555555,""10000000"":12.050833333333335}","{""plinkoCenterLevel"":2,""plinkoMidLevel"":3,""plinkoJackpotLevel"":2,""plinkoAmplifierLevel"":2,""plinkoReturnLevel"":2,""plinkoSplitterLevel"":2,""plinkoJackpotBiasLevel"":2,""plinkoMaxBetLevel"":4,""plinkoCapacityLevel"":2,""plinkoInsuranceLevel"":3}"
selection/priced-middle/insurance-first-stop-24-fast,238653634,VICTORY,28.24944444444445,10,825,24,True,2.7127777777777813,12.196944444444451,16.0525,16.056666666666665,"{""100000"":8.090000000000002,""1000000"":12.192777777777785,""10000000"":13.952222222222227}","{""plinkoCenterLevel"":2,""plinkoMidLevel"":3,""plinkoJackpotLevel"":2,""plinkoAmplifierLevel"":2,""plinkoReturnLevel"":2,""plinkoSplitterLevel"":2,""plinkoJackpotBiasLevel"":2,""plinkoMaxBetLevel"":4,""plinkoCapacityLevel"":2,""plinkoInsuranceLevel"":3}"
selection/priced-middle/insurance-first-stop-24-fast,1915061829,VICTORY,24.495277777777787,8,747,24,True,1.9144444444444464,10.11277777777778,14.382500000000006,14.386666666666674,"{""100000"":6.849444444444447,""1000000"":10.108611111111113,""10000000"":13.037222222222224}","{""plinkoCenterLevel"":2,""plinkoMidLevel"":3,""plinkoJackpotLevel"":2,""plinkoAmplifierLevel"":2,""plinkoReturnLevel"":2,""plinkoSplitterLevel"":2,""plinkoJackpotBiasLevel"":2,""plinkoMaxBetLevel"":4,""plinkoCapacityLevel"":2,""plinkoInsuranceLevel"":3}"
selection/priced-middle/insurance-first-stop-24-fast,1066802026,VICTORY,27.053333333333335,9,835,24,True,1.7502777777777765,10.157499999999999,16.895833333333336,15.58888888888889,"{""100000"":9.364444444444445,""1000000"":11.464444444444444,""10000000"":13.875555555555556}","{""plinkoCenterLevel"":2,""plinkoMidLevel"":3,""plinkoJackpotLevel"":2,""plinkoAmplifierLevel"":2,""plinkoReturnLevel"":2,""plinkoSplitterLevel"":2,""plinkoJackpotBiasLevel"":2,""plinkoMaxBetLevel"":4,""plinkoCapacityLevel"":2,""plinkoInsuranceLevel"":3}"
selection/priced-middle/insurance-first-stop-24-fast,1621404987,VICTORY,27.177777777777788,10,789,24,True,2.847777777777778,13.751388888888897,13.426388888888889,13.194444444444446,"{""100000"":10.325833333333337,""1000000"":13.983333333333341,""10000000"":15.02333333333334}","{""plinkoCenterLevel"":2,""plinkoMidLevel"":3,""plinkoJackpotLevel"":2,""plinkoAmplifierLevel"":2,""plinkoReturnLevel"":2,""plinkoSplitterLevel"":2,""plinkoJackpotBiasLevel"":2,""plinkoMaxBetLevel"":4,""plinkoCapacityLevel"":2,""plinkoInsuranceLevel"":3}"
selection/priced-middle/insurance-first-stop-28-fast,3967302123,BARRY_LOSS,3.4827777777777778,8,41,15,False,0.6716666666666669,2.9588888888888887,0.523888888888889,,"{""100000"":null,""1000000"":null,""10000000"":null}","{""plinkoCenterLevel"":2,""plinkoMidLevel"":1,""plinkoJackpotLevel"":1,""plinkoAmplifierLevel"":1,""plinkoReturnLevel"":1,""plinkoSplitterLevel"":1,""plinkoJackpotBiasLevel"":1,""plinkoMaxBetLevel"":2,""plinkoCapacityLevel"":2,""plinkoInsuranceLevel"":3}"
selection/priced-middle/insurance-first-stop-28-fast,4058164329,VICTORY,19.165277777777774,6,577,28,True,1.623888888888889,8.053888888888888,11.111388888888886,11.647777777777772,"{""100000"":4.302499999999999,""1000000"":7.517500000000001,""10000000"":10.562499999999998}","{""plinkoCenterLevel"":2,""plinkoMidLevel"":3,""plinkoJackpotLevel"":3,""plinkoAmplifierLevel"":3,""plinkoReturnLevel"":2,""plinkoSplitterLevel"":3,""plinkoJackpotBiasLevel"":3,""plinkoMaxBetLevel"":4,""plinkoCapacityLevel"":2,""plinkoInsuranceLevel"":3}"
selection/priced-middle/insurance-first-stop-28-fast,1765749521,VICTORY,18.985,8,547,28,True,2.390833333333333,10.431944444444444,8.553055555555554,9.34111111111111,"{""100000"":7.415277777777778,""1000000"":9.64388888888889,""10000000"":11.999444444444444}","{""plinkoCenterLevel"":2,""plinkoMidLevel"":3,""plinkoJackpotLevel"":3,""plinkoAmplifierLevel"":3,""plinkoReturnLevel"":2,""plinkoSplitterLevel"":3,""plinkoJackpotBiasLevel"":3,""plinkoMaxBetLevel"":4,""plinkoCapacityLevel"":2,""plinkoInsuranceLevel"":3}"
selection/priced-middle/insurance-first-stop-28-fast,1637356193,VICTORY,18.49027777777778,12,528,28,True,1.564444444444444,9.28888888888889,9.20138888888889,9.559722222222225,"{""100000"":6.798055555555554,""1000000"":8.930555555555555,""10000000"":11.249722222222223}","{""plinkoCenterLevel"":2,""plinkoMidLevel"":3,""plinkoJackpotLevel"":3,""plinkoAmplifierLevel"":3,""plinkoReturnLevel"":2,""plinkoSplitterLevel"":3,""plinkoJackpotBiasLevel"":3,""plinkoMaxBetLevel"":4,""plinkoCapacityLevel"":2,""plinkoInsuranceLevel"":3}"
selection/priced-middle/insurance-first-stop-28-fast,238653634,VICTORY,21.933055555555562,10,581,28,True,2.7127777777777813,12.534722222222229,9.398333333333335,9.740277777777777,"{""100000"":8.090000000000002,""1000000"":12.192777777777785,""10000000"":13.250555555555561}","{""plinkoCenterLevel"":2,""plinkoMidLevel"":3,""plinkoJackpotLevel"":3,""plinkoAmplifierLevel"":3,""plinkoReturnLevel"":2,""plinkoSplitterLevel"":3,""plinkoJackpotBiasLevel"":3,""plinkoMaxBetLevel"":4,""plinkoCapacityLevel"":2,""plinkoInsuranceLevel"":3}"
selection/priced-middle/insurance-first-stop-28-fast,1915061829,VICTORY,18.66138888888889,8,510,28,True,1.9144444444444464,10.245000000000001,8.41638888888889,8.552777777777777,"{""100000"":6.849444444444447,""1000000"":10.108611111111113,""10000000"":11.481666666666667}","{""plinkoCenterLevel"":2,""plinkoMidLevel"":3,""plinkoJackpotLevel"":3,""plinkoAmplifierLevel"":3,""plinkoReturnLevel"":2,""plinkoSplitterLevel"":3,""plinkoJackpotBiasLevel"":3,""plinkoMaxBetLevel"":4,""plinkoCapacityLevel"":2,""plinkoInsuranceLevel"":3}"
selection/priced-middle/insurance-first-stop-28-fast,1066802026,VICTORY,20.00277777777778,9,548,28,True,1.7502777777777765,10.733333333333333,9.269444444444446,9.27777777777778,"{""100000"":9.364444444444445,""1000000"":10.725,""10000000"":13.07388888888889}","{""plinkoCenterLevel"":2,""plinkoMidLevel"":3,""plinkoJackpotLevel"":3,""plinkoAmplifierLevel"":3,""plinkoReturnLevel"":2,""plinkoSplitterLevel"":3,""plinkoJackpotBiasLevel"":3,""plinkoMaxBetLevel"":4,""plinkoCapacityLevel"":2,""plinkoInsuranceLevel"":3}"
selection/priced-middle/insurance-first-stop-28-fast,1621404987,VICTORY,21.445277777777783,10,569,28,True,2.847777777777778,14.000000000000007,7.4452777777777746,7.461944444444441,"{""100000"":10.325833333333337,""1000000"":13.983333333333341,""10000000"":15.028055555555563}","{""plinkoCenterLevel"":2,""plinkoMidLevel"":3,""plinkoJackpotLevel"":3,""plinkoAmplifierLevel"":3,""plinkoReturnLevel"":2,""plinkoSplitterLevel"":3,""plinkoJackpotBiasLevel"":3,""plinkoMaxBetLevel"":4,""plinkoCapacityLevel"":2,""plinkoInsuranceLevel"":3}"
selection/priced-middle/insurance-first-stop-32-fast,3967302123,BARRY_LOSS,3.4827777777777778,8,41,15,False,0.6716666666666669,2.9588888888888887,0.523888888888889,,"{""100000"":null,""1000000"":null,""10000000"":null}","{""plinkoCenterLevel"":2,""plinkoMidLevel"":1,""plinkoJackpotLevel"":1,""plinkoAmplifierLevel"":1,""plinkoReturnLevel"":1,""plinkoSplitterLevel"":1,""plinkoJackpotBiasLevel"":1,""plinkoMaxBetLevel"":2,""plinkoCapacityLevel"":2,""plinkoInsuranceLevel"":3}"
selection/priced-middle/insurance-first-stop-32-fast,4058164329,VICTORY,11.771388888888888,6,331,32,True,1.623888888888889,9.196388888888889,2.575,4.253888888888887,"{""100000"":4.302499999999999,""1000000"":7.517500000000001,""10000000"":9.482777777777779}","{""plinkoCenterLevel"":2,""plinkoMidLevel"":3,""plinkoJackpotLevel"":3,""plinkoAmplifierLevel"":4,""plinkoReturnLevel"":3,""plinkoSplitterLevel"":3,""plinkoJackpotBiasLevel"":3,""plinkoMaxBetLevel"":5,""plinkoCapacityLevel"":3,""plinkoInsuranceLevel"":3}"
selection/priced-middle/insurance-first-stop-32-fast,1765749521,VICTORY,13.62972222222222,8,381,32,True,2.390833333333333,10.778055555555556,2.8516666666666652,3.9858333333333302,"{""100000"":7.415277777777778,""1000000"":9.64388888888889,""10000000"":11.587499999999999}","{""plinkoCenterLevel"":2,""plinkoMidLevel"":3,""plinkoJackpotLevel"":3,""plinkoAmplifierLevel"":4,""plinkoReturnLevel"":3,""plinkoSplitterLevel"":3,""plinkoJackpotBiasLevel"":3,""plinkoMaxBetLevel"":5,""plinkoCapacityLevel"":3,""plinkoInsuranceLevel"":3}"
selection/priced-middle/insurance-first-stop-32-fast,1637356193,VICTORY,12.909166666666666,12,368,32,True,1.564444444444444,9.699444444444445,3.209722222222221,3.9786111111111104,"{""100000"":6.798055555555554,""1000000"":8.930555555555555,""10000000"":10.779166666666667}","{""plinkoCenterLevel"":2,""plinkoMidLevel"":3,""plinkoJackpotLevel"":3,""plinkoAmplifierLevel"":4,""plinkoReturnLevel"":3,""plinkoSplitterLevel"":3,""plinkoJackpotBiasLevel"":3,""plinkoMaxBetLevel"":5,""plinkoCapacityLevel"":3,""plinkoInsuranceLevel"":3}"
selection/priced-middle/insurance-first-stop-32-fast,238653634,VICTORY,15.281944444444447,10,362,32,True,2.7127777777777813,12.866111111111117,2.4158333333333304,3.089166666666662,"{""100000"":8.090000000000002,""1000000"":12.192777777777785,""10000000"":13.152777777777782}","{""plinkoCenterLevel"":2,""plinkoMidLevel"":3,""plinkoJackpotLevel"":3,""plinkoAmplifierLevel"":4,""plinkoReturnLevel"":3,""plinkoSplitterLevel"":3,""plinkoJackpotBiasLevel"":3,""plinkoMaxBetLevel"":5,""plinkoCapacityLevel"":3,""plinkoInsuranceLevel"":3}"
selection/priced-middle/insurance-first-stop-32-fast,1915061829,VICTORY,13.941388888888891,8,380,32,True,1.9144444444444464,11.252500000000001,2.6888888888888896,3.8327777777777783,"{""100000"":6.849444444444447,""1000000"":10.108611111111113,""10000000"":11.72638888888889}","{""plinkoCenterLevel"":2,""plinkoMidLevel"":3,""plinkoJackpotLevel"":3,""plinkoAmplifierLevel"":4,""plinkoReturnLevel"":3,""plinkoSplitterLevel"":3,""plinkoJackpotBiasLevel"":3,""plinkoMaxBetLevel"":5,""plinkoCapacityLevel"":3,""plinkoInsuranceLevel"":3}"
selection/priced-middle/insurance-first-stop-32-fast,1066802026,VICTORY,14.531388888888888,9,394,32,True,1.7502777777777765,11.847222222222221,2.6841666666666657,3.806388888888888,"{""100000"":9.364444444444445,""1000000"":10.725,""10000000"":12.458611111111109}","{""plinkoCenterLevel"":2,""plinkoMidLevel"":3,""plinkoJackpotLevel"":3,""plinkoAmplifierLevel"":4,""plinkoReturnLevel"":3,""plinkoSplitterLevel"":3,""plinkoJackpotBiasLevel"":3,""plinkoMaxBetLevel"":5,""plinkoCapacityLevel"":3,""plinkoInsuranceLevel"":3}"
selection/priced-middle/insurance-first-stop-32-fast,1621404987,VICTORY,16.995000000000008,10,444,32,True,2.847777777777778,14.480833333333342,2.514166666666667,3.0116666666666667,"{""100000"":10.325833333333337,""1000000"":13.983333333333341,""10000000"":14.87472222222223}","{""plinkoCenterLevel"":2,""plinkoMidLevel"":3,""plinkoJackpotLevel"":3,""plinkoAmplifierLevel"":4,""plinkoReturnLevel"":3,""plinkoSplitterLevel"":3,""plinkoJackpotBiasLevel"":3,""plinkoMaxBetLevel"":5,""plinkoCapacityLevel"":3,""plinkoInsuranceLevel"":3}"
selection/priced-middle/insurance-first-stop-none-fast,3967302123,BARRY_LOSS,3.4827777777777778,8,41,15,False,0.6716666666666669,2.9588888888888887,0.523888888888889,,"{""100000"":null,""1000000"":null,""10000000"":null}","{""plinkoCenterLevel"":2,""plinkoMidLevel"":1,""plinkoJackpotLevel"":1,""plinkoAmplifierLevel"":1,""plinkoReturnLevel"":1,""plinkoSplitterLevel"":1,""plinkoJackpotBiasLevel"":1,""plinkoMaxBetLevel"":2,""plinkoCapacityLevel"":2,""plinkoInsuranceLevel"":3}"
selection/priced-middle/insurance-first-stop-none-fast,4058164329,VICTORY,11.248055555555556,6,280,38,False,1.623888888888889,10.36972222222222,0.8783333333333341,3.730555555555555,"{""100000"":4.302499999999999,""1000000"":7.517500000000001,""10000000"":9.466944444444444}","{""plinkoCenterLevel"":2,""plinkoMidLevel"":3,""plinkoJackpotLevel"":3,""plinkoAmplifierLevel"":5,""plinkoReturnLevel"":4,""plinkoSplitterLevel"":5,""plinkoJackpotBiasLevel"":4,""plinkoMaxBetLevel"":6,""plinkoCapacityLevel"":3,""plinkoInsuranceLevel"":3}"
selection/priced-middle/insurance-first-stop-none-fast,1765749521,VICTORY,13.4075,8,349,38,False,2.390833333333333,11.856666666666667,1.5508333333333326,3.7636111111111106,"{""100000"":7.415277777777778,""1000000"":9.64388888888889,""10000000"":11.588611111111112}","{""plinkoCenterLevel"":2,""plinkoMidLevel"":3,""plinkoJackpotLevel"":3,""plinkoAmplifierLevel"":5,""plinkoReturnLevel"":4,""plinkoSplitterLevel"":5,""plinkoJackpotBiasLevel"":4,""plinkoMaxBetLevel"":6,""plinkoCapacityLevel"":3,""plinkoInsuranceLevel"":3}"
selection/priced-middle/insurance-first-stop-none-fast,1637356193,VICTORY,12.957500000000001,12,342,38,False,1.564444444444444,11.413611111111114,1.5438888888888869,4.026944444444446,"{""100000"":6.798055555555554,""1000000"":8.930555555555555,""10000000"":10.489722222222223}","{""plinkoCenterLevel"":2,""plinkoMidLevel"":3,""plinkoJackpotLevel"":3,""plinkoAmplifierLevel"":5,""plinkoReturnLevel"":4,""plinkoSplitterLevel"":5,""plinkoJackpotBiasLevel"":4,""plinkoMaxBetLevel"":6,""plinkoCapacityLevel"":3,""plinkoInsuranceLevel"":3}"
selection/priced-middle/insurance-first-stop-none-fast,238653634,VICTORY,15.206111111111113,10,346,38,False,2.7127777777777813,14.045000000000003,1.1611111111111105,3.0133333333333283,"{""100000"":8.090000000000002,""1000000"":12.192777777777785,""10000000"":13.446111111111115}","{""plinkoCenterLevel"":2,""plinkoMidLevel"":3,""plinkoJackpotLevel"":3,""plinkoAmplifierLevel"":5,""plinkoReturnLevel"":4,""plinkoSplitterLevel"":5,""plinkoJackpotBiasLevel"":4,""plinkoMaxBetLevel"":6,""plinkoCapacityLevel"":3,""plinkoInsuranceLevel"":3}"
selection/priced-middle/insurance-first-stop-none-fast,1915061829,VICTORY,13.83416666666667,8,344,38,False,1.9144444444444464,13.01888888888889,0.815277777777779,3.725555555555557,"{""100000"":6.849444444444447,""1000000"":10.108611111111113,""10000000"":11.711944444444445}","{""plinkoCenterLevel"":2,""plinkoMidLevel"":3,""plinkoJackpotLevel"":3,""plinkoAmplifierLevel"":5,""plinkoReturnLevel"":4,""plinkoSplitterLevel"":5,""plinkoJackpotBiasLevel"":4,""plinkoMaxBetLevel"":6,""plinkoCapacityLevel"":3,""plinkoInsuranceLevel"":3}"
selection/priced-middle/insurance-first-stop-none-fast,1066802026,VICTORY,14.756388888888887,9,383,38,False,1.7502777777777765,13.364166666666666,1.3922222222222218,4.031388888888888,"{""100000"":9.364444444444445,""1000000"":10.725,""10000000"":12.549166666666666}","{""plinkoCenterLevel"":2,""plinkoMidLevel"":3,""plinkoJackpotLevel"":3,""plinkoAmplifierLevel"":5,""plinkoReturnLevel"":4,""plinkoSplitterLevel"":5,""plinkoJackpotBiasLevel"":4,""plinkoMaxBetLevel"":6,""plinkoCapacityLevel"":3,""plinkoInsuranceLevel"":3}"
selection/priced-middle/insurance-first-stop-none-fast,1621404987,VICTORY,16.933611111111116,10,425,38,False,2.847777777777778,15.68222222222223,1.2513888888888876,2.9502777777777744,"{""100000"":10.325833333333337,""1000000"":13.983333333333341,""10000000"":15.372500000000006}","{""plinkoCenterLevel"":2,""plinkoMidLevel"":3,""plinkoJackpotLevel"":3,""plinkoAmplifierLevel"":5,""plinkoReturnLevel"":4,""plinkoSplitterLevel"":5,""plinkoJackpotBiasLevel"":4,""plinkoMaxBetLevel"":6,""plinkoCapacityLevel"":3,""plinkoInsuranceLevel"":3}"
selection/priced-middle/stake-first-stop-24-fast,3967302123,VICTORY,16.391944444444444,10,512,24,True,1.3816666666666673,6.342777777777779,10.049166666666668,10.25861111111111,"{""100000"":2.901666666666667,""1000000"":6.133333333333335,""10000000"":8.051388888888889}","{""plinkoCenterLevel"":2,""plinkoMidLevel"":3,""plinkoJackpotLevel"":3,""plinkoAmplifierLevel"":3,""plinkoReturnLevel"":2,""plinkoSplitterLevel"":2,""plinkoJackpotBiasLevel"":3,""plinkoMaxBetLevel"":4,""plinkoCapacityLevel"":2,""plinkoInsuranceLevel"":0}"
selection/priced-middle/stake-first-stop-24-fast,4058164329,VICTORY,17.848055555555554,7,564,24,True,1.4308333333333327,5.698888888888889,12.149166666666664,12.479722222222222,"{""100000"":3.3702777777777775,""1000000"":5.368333333333333,""10000000"":9.06}","{""plinkoCenterLevel"":2,""plinkoMidLevel"":3,""plinkoJackpotLevel"":3,""plinkoAmplifierLevel"":3,""plinkoReturnLevel"":2,""plinkoSplitterLevel"":2,""plinkoJackpotBiasLevel"":3,""plinkoMaxBetLevel"":4,""plinkoCapacityLevel"":2,""plinkoInsuranceLevel"":0}"
selection/priced-middle/stake-first-stop-24-fast,1765749521,VICTORY,20.36027777777777,10,490,24,True,2.502777777777778,12.860833333333328,7.4994444444444435,7.499444444444443,"{""100000"":7.614166666666667,""1000000"":12.860833333333328,""10000000"":13.711388888888884}","{""plinkoCenterLevel"":2,""plinkoMidLevel"":3,""plinkoJackpotLevel"":2,""plinkoAmplifierLevel"":3,""plinkoReturnLevel"":2,""plinkoSplitterLevel"":2,""plinkoJackpotBiasLevel"":3,""plinkoMaxBetLevel"":5,""plinkoCapacityLevel"":2,""plinkoInsuranceLevel"":0}"
selection/priced-middle/stake-first-stop-24-fast,1637356193,VICTORY,19.90888888888889,11,518,24,True,3.0038888888888895,11.915,7.993888888888889,8.893333333333333,"{""100000"":6.4991666666666665,""1000000"":11.015555555555556,""10000000"":12.940277777777776}","{""plinkoCenterLevel"":2,""plinkoMidLevel"":3,""plinkoJackpotLevel"":2,""plinkoAmplifierLevel"":3,""plinkoReturnLevel"":2,""plinkoSplitterLevel"":2,""plinkoJackpotBiasLevel"":3,""plinkoMaxBetLevel"":5,""plinkoCapacityLevel"":2,""plinkoInsuranceLevel"":0}"
selection/priced-middle/stake-first-stop-24-fast,238653634,VICTORY,20.17805555555556,9,551,24,True,1.5422222222222237,10.925555555555563,9.252499999999998,9.256666666666664,"{""100000"":8.40277777777778,""1000000"":10.921388888888895,""10000000"":12.157500000000006}","{""plinkoCenterLevel"":2,""plinkoMidLevel"":3,""plinkoJackpotLevel"":3,""plinkoAmplifierLevel"":3,""plinkoReturnLevel"":2,""plinkoSplitterLevel"":2,""plinkoJackpotBiasLevel"":3,""plinkoMaxBetLevel"":4,""plinkoCapacityLevel"":2,""plinkoInsuranceLevel"":0}"
selection/priced-middle/stake-first-stop-24-fast,1915061829,VICTORY,20.586666666666666,12,494,24,True,2.2344444444444447,12.793333333333333,7.793333333333334,8.513888888888888,"{""100000"":7.316944444444445,""1000000"":12.072777777777778,""10000000"":15.07777777777778}","{""plinkoCenterLevel"":2,""plinkoMidLevel"":3,""plinkoJackpotLevel"":2,""plinkoAmplifierLevel"":3,""plinkoReturnLevel"":2,""plinkoSplitterLevel"":2,""plinkoJackpotBiasLevel"":3,""plinkoMaxBetLevel"":5,""plinkoCapacityLevel"":2,""plinkoInsuranceLevel"":0}"
selection/priced-middle/stake-first-stop-24-fast,1066802026,VICTORY,19.35027777777778,8,533,24,True,1.349444444444445,8.969166666666666,10.381111111111116,10.393611111111113,"{""100000"":5.096388888888891,""1000000"":8.956666666666667,""10000000"":11.259166666666667}","{""plinkoCenterLevel"":2,""plinkoMidLevel"":3,""plinkoJackpotLevel"":3,""plinkoAmplifierLevel"":3,""plinkoReturnLevel"":2,""plinkoSplitterLevel"":2,""plinkoJackpotBiasLevel"":3,""plinkoMaxBetLevel"":4,""plinkoCapacityLevel"":2,""plinkoInsuranceLevel"":0}"
selection/priced-middle/stake-first-stop-24-fast,1621404987,VICTORY,19.5225,9,477,24,True,2.337777777777776,13.139722222222225,6.382777777777776,8.096111111111112,"{""100000"":10.5275,""1000000"":11.426388888888889,""10000000"":15.291388888888893}","{""plinkoCenterLevel"":2,""plinkoMidLevel"":3,""plinkoJackpotLevel"":2,""plinkoAmplifierLevel"":3,""plinkoReturnLevel"":2,""plinkoSplitterLevel"":2,""plinkoJackpotBiasLevel"":3,""plinkoMaxBetLevel"":5,""plinkoCapacityLevel"":2,""plinkoInsuranceLevel"":0}"
selection/priced-middle/stake-first-stop-28-fast,3967302123,VICTORY,11.592222222222224,10,383,28,True,1.3816666666666673,6.991944444444445,4.600277777777778,5.45888888888889,"{""100000"":2.901666666666667,""1000000"":6.133333333333335,""10000000"":7.880833333333333}","{""plinkoCenterLevel"":2,""plinkoMidLevel"":3,""plinkoJackpotLevel"":3,""plinkoAmplifierLevel"":3,""plinkoReturnLevel"":3,""plinkoSplitterLevel"":3,""plinkoJackpotBiasLevel"":3,""plinkoMaxBetLevel"":5,""plinkoCapacityLevel"":3,""plinkoInsuranceLevel"":0}"
selection/priced-middle/stake-first-stop-28-fast,4058164329,VICTORY,9.6,7,278,28,True,1.4308333333333327,7.155833333333334,2.4441666666666664,4.2316666666666665,"{""100000"":3.3702777777777775,""1000000"":5.368333333333333,""10000000"":7.6191666666666675}","{""plinkoCenterLevel"":2,""plinkoMidLevel"":3,""plinkoJackpotLevel"":3,""plinkoAmplifierLevel"":3,""plinkoReturnLevel"":3,""plinkoSplitterLevel"":3,""plinkoJackpotBiasLevel"":3,""plinkoMaxBetLevel"":5,""plinkoCapacityLevel"":3,""plinkoInsuranceLevel"":0}"
selection/priced-middle/stake-first-stop-28-fast,1765749521,VICTORY,16.545555555555556,10,398,28,True,2.502777777777778,13.165833333333328,3.3797222222222274,3.684722222222227,"{""100000"":7.614166666666667,""1000000"":12.860833333333328,""10000000"":13.62194444444444}","{""plinkoCenterLevel"":2,""plinkoMidLevel"":3,""plinkoJackpotLevel"":3,""plinkoAmplifierLevel"":3,""plinkoReturnLevel"":3,""plinkoSplitterLevel"":3,""plinkoJackpotBiasLevel"":3,""plinkoMaxBetLevel"":5,""plinkoCapacityLevel"":3,""plinkoInsuranceLevel"":0}"
selection/priced-middle/stake-first-stop-28-fast,1637356193,VICTORY,16.30138888888889,11,415,28,True,3.0038888888888895,12.596944444444444,3.704444444444446,5.2858333333333345,"{""100000"":6.4991666666666665,""1000000"":11.015555555555556,""10000000"":13.54888888888889}","{""plinkoCenterLevel"":2,""plinkoMidLevel"":3,""plinkoJackpotLevel"":3,""plinkoAmplifierLevel"":3,""plinkoReturnLevel"":2,""plinkoSplitterLevel"":3,""plinkoJackpotBiasLevel"":3,""plinkoMaxBetLevel"":6,""plinkoCapacityLevel"":3,""plinkoInsuranceLevel"":0}"
selection/priced-middle/stake-first-stop-28-fast,238653634,VICTORY,14.219444444444452,9,353,28,True,1.5422222222222237,11.783611111111119,2.435833333333333,3.298055555555557,"{""100000"":8.40277777777778,""1000000"":10.921388888888895,""10000000"":12.317777777777785}","{""plinkoCenterLevel"":2,""plinkoMidLevel"":3,""plinkoJackpotLevel"":3,""plinkoAmplifierLevel"":3,""plinkoReturnLevel"":3,""plinkoSplitterLevel"":3,""plinkoJackpotBiasLevel"":3,""plinkoMaxBetLevel"":5,""plinkoCapacityLevel"":3,""plinkoInsuranceLevel"":0}"
selection/priced-middle/stake-first-stop-28-fast,1915061829,VICTORY,16.23888888888889,12,381,28,True,2.2344444444444447,13.009722222222223,3.2291666666666687,4.166111111111112,"{""100000"":7.316944444444445,""1000000"":12.072777777777778,""10000000"":13.74888888888889}","{""plinkoCenterLevel"":2,""plinkoMidLevel"":3,""plinkoJackpotLevel"":3,""plinkoAmplifierLevel"":3,""plinkoReturnLevel"":3,""plinkoSplitterLevel"":3,""plinkoJackpotBiasLevel"":3,""plinkoMaxBetLevel"":5,""plinkoCapacityLevel"":3,""plinkoInsuranceLevel"":0}"
selection/priced-middle/stake-first-stop-28-fast,1066802026,VICTORY,13.96888888888889,8,371,28,True,1.349444444444445,10.342500000000001,3.6263888888888878,5.012222222222222,"{""100000"":5.096388888888891,""1000000"":8.956666666666667,""10000000"":11.259722222222223}","{""plinkoCenterLevel"":2,""plinkoMidLevel"":3,""plinkoJackpotLevel"":3,""plinkoAmplifierLevel"":3,""plinkoReturnLevel"":2,""plinkoSplitterLevel"":3,""plinkoJackpotBiasLevel"":3,""plinkoMaxBetLevel"":6,""plinkoCapacityLevel"":3,""plinkoInsuranceLevel"":0}"
selection/priced-middle/stake-first-stop-28-fast,1621404987,VICTORY,16.794722222222227,9,422,28,True,2.337777777777776,14.02555555555556,2.7691666666666683,5.368333333333338,"{""100000"":10.5275,""1000000"":11.426388888888889,""10000000"":14.863888888888892}","{""plinkoCenterLevel"":2,""plinkoMidLevel"":3,""plinkoJackpotLevel"":3,""plinkoAmplifierLevel"":3,""plinkoReturnLevel"":3,""plinkoSplitterLevel"":3,""plinkoJackpotBiasLevel"":3,""plinkoMaxBetLevel"":5,""plinkoCapacityLevel"":3,""plinkoInsuranceLevel"":0}"
selection/priced-middle/stake-first-stop-32-fast,3967302123,VICTORY,10.201944444444447,10,290,32,True,1.3816666666666673,8.227222222222222,1.9747222222222234,4.068611111111112,"{""100000"":2.901666666666667,""1000000"":6.133333333333335,""10000000"":8.227222222222222}","{""plinkoCenterLevel"":2,""plinkoMidLevel"":3,""plinkoJackpotLevel"":3,""plinkoAmplifierLevel"":4,""plinkoReturnLevel"":3,""plinkoSplitterLevel"":4,""plinkoJackpotBiasLevel"":4,""plinkoMaxBetLevel"":6,""plinkoCapacityLevel"":3,""plinkoInsuranceLevel"":0}"
selection/priced-middle/stake-first-stop-32-fast,4058164329,VICTORY,9.02888888888889,7,243,32,True,1.4308333333333327,7.835277777777778,1.1936111111111112,3.6605555555555567,"{""100000"":3.3702777777777775,""1000000"":5.368333333333333,""10000000"":7.375}","{""plinkoCenterLevel"":2,""plinkoMidLevel"":3,""plinkoJackpotLevel"":3,""plinkoAmplifierLevel"":4,""plinkoReturnLevel"":3,""plinkoSplitterLevel"":4,""plinkoJackpotBiasLevel"":4,""plinkoMaxBetLevel"":6,""plinkoCapacityLevel"":3,""plinkoInsuranceLevel"":0}"
selection/priced-middle/stake-first-stop-32-fast,1765749521,VICTORY,15.141944444444443,10,307,32,True,2.502777777777778,13.714722222222218,1.427222222222224,2.281111111111114,"{""100000"":7.614166666666667,""1000000"":12.860833333333328,""10000000"":13.714722222222218}","{""plinkoCenterLevel"":2,""plinkoMidLevel"":3,""plinkoJackpotLevel"":3,""plinkoAmplifierLevel"":4,""plinkoReturnLevel"":3,""plinkoSplitterLevel"":4,""plinkoJackpotBiasLevel"":4,""plinkoMaxBetLevel"":6,""plinkoCapacityLevel"":3,""plinkoInsuranceLevel"":0}"
selection/priced-middle/stake-first-stop-32-fast,1637356193,VICTORY,15.349722222222224,11,369,32,True,3.0038888888888895,12.934444444444445,2.415277777777779,4.334166666666668,"{""100000"":6.4991666666666665,""1000000"":11.015555555555556,""10000000"":13.111666666666668}","{""plinkoCenterLevel"":2,""plinkoMidLevel"":3,""plinkoJackpotLevel"":3,""plinkoAmplifierLevel"":4,""plinkoReturnLevel"":3,""plinkoSplitterLevel"":4,""plinkoJackpotBiasLevel"":4,""plinkoMaxBetLevel"":6,""plinkoCapacityLevel"":3,""plinkoInsuranceLevel"":0}"
selection/priced-middle/stake-first-stop-32-fast,238653634,VICTORY,13.780833333333339,9,323,32,True,1.5422222222222237,12.469722222222229,1.3111111111111104,2.859444444444444,"{""100000"":8.40277777777778,""1000000"":10.921388888888895,""10000000"":12.635277777777784}","{""plinkoCenterLevel"":2,""plinkoMidLevel"":3,""plinkoJackpotLevel"":3,""plinkoAmplifierLevel"":4,""plinkoReturnLevel"":3,""plinkoSplitterLevel"":4,""plinkoJackpotBiasLevel"":4,""plinkoMaxBetLevel"":6,""plinkoCapacityLevel"":3,""plinkoInsuranceLevel"":0}"
selection/priced-middle/stake-first-stop-32-fast,1915061829,VICTORY,15.830833333333336,12,334,32,True,2.2344444444444447,14.413333333333334,1.417500000000001,3.7580555555555577,"{""100000"":7.316944444444445,""1000000"":12.072777777777778,""10000000"":14.960833333333335}","{""plinkoCenterLevel"":2,""plinkoMidLevel"":3,""plinkoJackpotLevel"":3,""plinkoAmplifierLevel"":4,""plinkoReturnLevel"":3,""plinkoSplitterLevel"":4,""plinkoJackpotBiasLevel"":4,""plinkoMaxBetLevel"":6,""plinkoCapacityLevel"":3,""plinkoInsuranceLevel"":0}"
selection/priced-middle/stake-first-stop-32-fast,1066802026,VICTORY,12.453055555555558,8,296,32,True,1.349444444444445,10.889722222222224,1.5633333333333346,3.496388888888891,"{""100000"":5.096388888888891,""1000000"":8.956666666666667,""10000000"":11.231111111111113}","{""plinkoCenterLevel"":2,""plinkoMidLevel"":3,""plinkoJackpotLevel"":3,""plinkoAmplifierLevel"":4,""plinkoReturnLevel"":3,""plinkoSplitterLevel"":4,""plinkoJackpotBiasLevel"":4,""plinkoMaxBetLevel"":6,""plinkoCapacityLevel"":3,""plinkoInsuranceLevel"":0}"
selection/priced-middle/stake-first-stop-32-fast,1621404987,VICTORY,16.113333333333337,9,383,32,True,2.337777777777776,14.433888888888893,1.6794444444444443,4.686944444444448,"{""100000"":10.5275,""1000000"":11.426388888888889,""10000000"":14.429722222222226}","{""plinkoCenterLevel"":2,""plinkoMidLevel"":3,""plinkoJackpotLevel"":3,""plinkoAmplifierLevel"":4,""plinkoReturnLevel"":3,""plinkoSplitterLevel"":4,""plinkoJackpotBiasLevel"":4,""plinkoMaxBetLevel"":6,""plinkoCapacityLevel"":3,""plinkoInsuranceLevel"":0}"
selection/priced-middle/stake-first-stop-none-fast,3967302123,VICTORY,10.783055555555556,10,316,35,False,1.3816666666666673,9.425277777777778,1.3577777777777782,4.649722222222222,"{""100000"":2.901666666666667,""1000000"":6.133333333333335,""10000000"":8.227222222222222}","{""plinkoCenterLevel"":2,""plinkoMidLevel"":3,""plinkoJackpotLevel"":3,""plinkoAmplifierLevel"":5,""plinkoReturnLevel"":4,""plinkoSplitterLevel"":5,""plinkoJackpotBiasLevel"":4,""plinkoMaxBetLevel"":6,""plinkoCapacityLevel"":3,""plinkoInsuranceLevel"":0}"
selection/priced-middle/stake-first-stop-none-fast,4058164329,VICTORY,9.558333333333334,7,257,35,False,1.4308333333333327,8.484166666666667,1.0741666666666665,4.19,"{""100000"":3.3702777777777775,""1000000"":5.368333333333333,""10000000"":7.375}","{""plinkoCenterLevel"":2,""plinkoMidLevel"":3,""plinkoJackpotLevel"":3,""plinkoAmplifierLevel"":5,""plinkoReturnLevel"":4,""plinkoSplitterLevel"":5,""plinkoJackpotBiasLevel"":4,""plinkoMaxBetLevel"":6,""plinkoCapacityLevel"":3,""plinkoInsuranceLevel"":0}"
selection/priced-middle/stake-first-stop-none-fast,1765749521,VICTORY,15.853611111111109,10,336,35,False,2.502777777777778,14.401666666666664,1.4519444444444445,2.99277777777778,"{""100000"":7.614166666666667,""1000000"":12.860833333333328,""10000000"":13.714722222222218}","{""plinkoCenterLevel"":2,""plinkoMidLevel"":3,""plinkoJackpotLevel"":3,""plinkoAmplifierLevel"":5,""plinkoReturnLevel"":4,""plinkoSplitterLevel"":5,""plinkoJackpotBiasLevel"":4,""plinkoMaxBetLevel"":6,""plinkoCapacityLevel"":3,""plinkoInsuranceLevel"":0}"
selection/priced-middle/stake-first-stop-none-fast,1637356193,VICTORY,15.50861111111111,11,358,35,False,3.0038888888888895,13.713888888888887,1.7947222222222214,4.493055555555554,"{""100000"":6.4991666666666665,""1000000"":11.015555555555556,""10000000"":13.525833333333333}","{""plinkoCenterLevel"":2,""plinkoMidLevel"":3,""plinkoJackpotLevel"":3,""plinkoAmplifierLevel"":5,""plinkoReturnLevel"":4,""plinkoSplitterLevel"":5,""plinkoJackpotBiasLevel"":4,""plinkoMaxBetLevel"":6,""plinkoCapacityLevel"":3,""plinkoInsuranceLevel"":0}"
selection/priced-middle/stake-first-stop-none-fast,238653634,VICTORY,14.44194444444445,9,346,35,False,1.5422222222222237,13.238611111111117,1.2033333333333323,3.520555555555555,"{""100000"":8.40277777777778,""1000000"":10.921388888888895,""10000000"":12.630555555555562}","{""plinkoCenterLevel"":2,""plinkoMidLevel"":3,""plinkoJackpotLevel"":3,""plinkoAmplifierLevel"":5,""plinkoReturnLevel"":4,""plinkoSplitterLevel"":5,""plinkoJackpotBiasLevel"":4,""plinkoMaxBetLevel"":6,""plinkoCapacityLevel"":3,""plinkoInsuranceLevel"":0}"
selection/priced-middle/stake-first-stop-none-fast,1915061829,VICTORY,16.196944444444444,12,342,35,False,2.2344444444444447,15.30027777777778,0.896666666666666,4.124166666666666,"{""100000"":7.316944444444445,""1000000"":12.072777777777778,""10000000"":14.7575}","{""plinkoCenterLevel"":2,""plinkoMidLevel"":3,""plinkoJackpotLevel"":3,""plinkoAmplifierLevel"":5,""plinkoReturnLevel"":4,""plinkoSplitterLevel"":5,""plinkoJackpotBiasLevel"":4,""plinkoMaxBetLevel"":6,""plinkoCapacityLevel"":3,""plinkoInsuranceLevel"":0}"
selection/priced-middle/stake-first-stop-none-fast,1066802026,VICTORY,13.199444444444445,8,322,35,False,1.349444444444445,11.919444444444448,1.2799999999999974,4.242777777777778,"{""100000"":5.096388888888891,""1000000"":8.956666666666667,""10000000"":11.231111111111113}","{""plinkoCenterLevel"":2,""plinkoMidLevel"":3,""plinkoJackpotLevel"":3,""plinkoAmplifierLevel"":5,""plinkoReturnLevel"":4,""plinkoSplitterLevel"":5,""plinkoJackpotBiasLevel"":4,""plinkoMaxBetLevel"":6,""plinkoCapacityLevel"":3,""plinkoInsuranceLevel"":0}"
selection/priced-middle/stake-first-stop-none-fast,1621404987,VICTORY,16.54861111111111,9,386,35,False,2.337777777777776,15.354166666666668,1.1944444444444438,5.122222222222222,"{""100000"":10.5275,""1000000"":11.426388888888889,""10000000"":14.429722222222226}","{""plinkoCenterLevel"":2,""plinkoMidLevel"":3,""plinkoJackpotLevel"":3,""plinkoAmplifierLevel"":5,""plinkoReturnLevel"":4,""plinkoSplitterLevel"":5,""plinkoJackpotBiasLevel"":4,""plinkoMaxBetLevel"":6,""plinkoCapacityLevel"":3,""plinkoInsuranceLevel"":0}"
